timestep,relay_id,x,y,z
1,uav_0,4501.839662543884,3788.6369966994653,150
2,uav_0,4501.214734879034,3813.6288953459284,150
3,uav_0,4500.173381647181,3838.606907996815,150
4,uav_0,4498.715892106415,3863.5640964758873,150
5,uav_0,4496.84267110557,3888.493528391263,150
6,uav_0,4494.55423897177,3913.38827906104,150
7,uav_0,4491.851231365891,3938.2414334367713,150
8,uav_0,4488.734399106001,3963.046088024269,150
9,uav_0,4485.204607958794,3987.7953528011967,150
10,uav_0,4481.262838399119,4012.4823531309203,150
11,uav_0,4476.910185337616,4037.1002316720856,150
12,uav_0,4472.147857816593,4061.6421502833896,150
13,uav_0,4466.977178674186,4086.101291923023,150
14,uav_0,4461.3995841769065,4110.470862542245,150
15,uav_0,4455.416623620698,4134.744092972583,150
16,uav_0,4449.029958900577,4158.914240806101,150
17,uav_0,4442.24136404901,4182.9745922682605,150
18,uav_0,4435.05272474314,4206.918464082807,150
19,uav_0,4427.466037780995,4230.7392053281965,150
20,uav_0,4419.483410526837,4254.430199285026,150
21,uav_0,4411.1070603257995,4277.984865273975,150
22,uav_0,4402.339313887966,4301.396660483723,150
23,uav_0,4393.182606642081,4324.6590817883625,150
24,uav_0,4383.6394820590585,4347.765667553774,150
25,uav_0,4373.712590945476,4370.709999432485,150
26,uav_0,4363.404690707259,4393.485704146507,150
27,uav_0,4352.718644583746,4416.086455257643,150
28,uav_0,4341.657420852375,4438.505974924798,150
29,uav_0,4330.224092004168,4460.738035647774,150
30,uav_0,4318.42183389029,4482.776461997102,150
31,uav_0,4306.253924839884,4504.615132329392,150
32,uav_0,4293.723744749446,4526.247980487749,150
33,uav_0,4280.834774143989,4547.668997486787,150
34,uav_0,4267.5905932102505,4568.87223318174,150
35,uav_0,4253.994880802216,4589.851797921252,150
36,uav_0,4240.051413419249,4610.601864183351,150
37,uav_0,4225.764064157074,4631.116668194162,150
38,uav_0,4211.136801631954,4651.390511528927,150
39,uav_0,4196.173688878314,4671.417762694857,150
40,uav_0,4180.878882220153,4691.192858695404,150
41,uav_0,4165.256630116529,4710.710306575496,150
42,uav_0,4149.3112719814635,4729.964684947335,150
43,uav_0,4133.047236978578,4748.950645496285,150
44,uav_0,4116.469042790797,4767.662914466497,150
45,uav_0,4099.581294365462,4786.0962941257985,150
46,uav_0,4082.3886826352154,4804.2456642094785,150
47,uav_0,4064.89598321499,4822.105983342545,150
48,uav_0,4047.108055075479,4839.672290440082,150
49,uav_0,4029.0298391934575,4856.93970608529,150
50,uav_0,4010.666357179316,4873.903433884853,150
51,uav_0,3992.0227098822043,4890.558761801237,150
52,uav_0,3973.1040759731595,4906.901063461557,150
53,uav_0,3953.9157105066215,4922.925799442656,150
54,uav_0,3934.4629434607277,4938.628518532023,150
55,uav_0,3914.7511782567985,4954.004858964211,150
56,uav_0,3894.785890258423,4969.050549632415,150
57,uav_0,3874.5726252505565,4983.761411274858,150
58,uav_0,3854.116997899064,4998.1333576356765,150
59,uav_0,3833.424690191125,5012.162396599959,150
60,uav_0,3812.501449856941,5025.8446313026425,150
61,uav_0,3791.3530887731786,5039.176261210954,150
62,uav_0,3769.985481348601,5052.153583180086,150
63,uav_0,3748.4045628923213,5064.772992481823,150
64,uav_0,3726.616327965146,5077.0309838058365,150
65,uav_0,3704.6268287144567,5088.924152233353,150
66,uav_0,3682.442173193097,5100.449194182951,150
67,uav_0,3660.0685236627323,5111.602908328194,150
68,uav_0,3637.5120948821477,5122.382196486869,150
69,uav_0,3614.7791523809674,5132.784064481579,150
70,uav_0,3591.8760107192675,5142.80562297143,150
71,uav_0,3568.809031733578,5152.444088254614,150
72,uav_0,3545.5846227697416,5161.696783041637,150
73,uav_0,3522.2092349031363,5170.561137198999,150
74,uav_0,3498.689361146756,5179.034688463097,150
75,uav_0,3475.031534647634,5187.1150831241775,150
76,uav_0,3451.242326872123,5194.800076680122,150
77,uav_0,3427.328345780529,5202.087534459915,150
78,uav_0,3403.296233991612,5208.975432216587,150
79,uav_0,3379.152666937454,5215.461856689493,150
80,uav_0,3354.904351009215,5221.545006135767,150
81,uav_0,3330.558021694293,5227.223190830787,150
82,uav_0,3306.1204417053964,5232.494833537537,150
83,uav_0,3281.598399102055,5237.3584699447165,150
84,uav_0,3256.9987054050926,5241.812749073488,150
85,uav_0,3232.3281937045836,5245.856433652732,150
86,uav_0,3207.593716761814,5249.488400462736,150
87,uav_0,3182.802145105781,5252.707640647181,150
88,uav_0,3157.9603651247576,5255.513259993382,150
89,uav_0,3133.0752771534503,5257.904479180675,150
90,uav_0,3108.1537935562856,5259.88063399688,150
91,uav_0,3083.2028368073506,5261.441175522811,150
92,uav_0,3058.229337567531,5262.585670284747,150
93,uav_0,3033.2402327593695,5263.313800374834,150
94,uav_0,3008.2424636401893,5263.625363539394,150
95,uav_0,2983.2429738740097,5263.52027323511,150
96,uav_0,2958.248707602798,5262.998558653056,150
97,uav_0,2933.266607517583,5262.060364710594,150
98,uav_0,2908.3036129299767,5260.70595201112,150
99,uav_0,2883.36665784463,5258.935696771676,150
100,uav_0,2858.4626690331675,5256.750090718445,150
101,uav_0,2833.598564110127,5254.149740950167,150
102,uav_0,2808.781249611444,5251.1353697695,150
103,uav_0,2784.017619076016,5247.707814482393,150
104,uav_0,2759.314551130873,5243.868027165494,150
105,uav_0,2734.6789075804927,5239.617074401704,150
106,uav_0,2710.1175315007886,5234.956136983899,150
107,uav_0,2685.637245338297,5229.88650958695,150
108,uav_0,2661.2448490151005,5224.40960040809,150
109,uav_0,2636.9471180400014,5218.526930775765,150
110,uav_0,2612.7508016264815,5212.240134727048,150
111,uav_0,2588.6626208179614,5205.5509585537475,150
112,uav_0,2564.6892666208923,5198.461260317348,150
113,uav_0,2540.837398146179,5190.973009332882,150
114,uav_0,2517.113640759476,5183.08828562192,150
115,uav_0,2493.5245842408467,5174.809279334792,150
116,uav_0,2470.0767809543145,5166.138290142235,150
117,uav_0,2446.7767440278008,5157.077726596602,150
118,uav_0,2423.630945543966,5147.630105462841,150
119,uav_0,2400.6458147424505,5137.798051019409,150
120,uav_0,2377.8277362340173,5127.58429432932,150
121,uav_0,2355.1830482270875,5116.991672481536,150
122,uav_0,2332.718040767169,5106.023127802903,150
123,uav_0,2310.438953989662,5094.6817070408615,150
124,uav_0,2288.351976386528,5082.97056051714,150
125,uav_0,2266.4632430873057,5070.892941252696,150
126,uav_0,2244.778834154945,5058.452204064109,150
127,uav_0,2223.3047728969404,5045.651804631714,150
128,uav_0,2202.0470241922308,5032.495298539717,150
129,uav_0,2181.0114928343246,5018.986340288544,150
130,uav_0,2160.204021891119,5005.128682279738,150
131,uav_0,2139.6303910818624,4990.9261737736415,150
132,uav_0,2119.296315171712,4976.382759820182,150
133,uav_0,2099.2074423843424,4961.502480163059,150
134,uav_0,2079.3693528330214,4946.289468117604,150
135,uav_0,2059.787556970622,4930.747949422679,150
136,uav_0,2040.467494058974,4914.88224106688,150
137,uav_0,2021.41453065799,4898.696750089398,150
138,uav_0,2002.6339591349952,4882.195972355878,150
139,uav_0,1984.130996194652,4865.384491309591,150
140,uav_0,1965.9107814299164,4848.266976698284,150
141,uav_0,1947.9783758944002,4830.848183277064,150
142,uav_0,1930.3387606965578,4813.132949487655,150
143,uav_0,1912.9968356160778,4795.126196114425,150
144,uav_0,1895.9574177428628,4776.832924917524,150
145,uav_0,1879.2252401389815,4758.258217243552,150
146,uav_0,1862.804950523958,4739.407232614092,150
147,uav_0,1846.7011099837698,4720.285207292553,150
148,uav_0,1830.918191703909,4700.897452829681,150
149,uav_0,1815.4605797268584,4681.249354588164,150
150,uav_0,1800.3325677343305,4661.3463702467325,150
151,uav_0,1785.5383578546055,4641.1940282841715,150
152,uav_0,1771.0820594953016,4620.797926443669,150
153,uav_0,1756.967688201898,4600.163730177923,150
154,uav_0,1743.1991645423318,4579.297171075442,150
155,uav_0,1729.7803130179782,4558.2040452684705,150
156,uav_0,1716.71486100131,4536.890211822994,150
157,uav_0,1704.0064377005442,4515.361591111256,150
158,uav_0,1691.6585731515488,4493.624163167246,150
159,uav_0,1679.674697237302,4471.683966025622,150
160,uav_0,1668.058138735169,4449.547094044516,150
161,uav_0,1656.812124392261,4427.219696212694,150
162,uav_0,1645.9397780291392,4404.707974441542,150
163,uav_0,1635.4441196721073,4382.018181842362,150
164,uav_0,1625.3280647143326,4359.156620989423,150
165,uav_0,1615.5944231060357,4336.129642169295,150
166,uav_0,1606.2458985739645,4312.943641616923,150
167,uav_0,1597.2850878703784,4289.605059738928,150
168,uav_0,1588.714480051744,4266.120379324655,150
169,uav_0,1580.5364557873459,4242.496123745435,150
170,uav_0,1572.753286698007,4218.738855142582,150
171,uav_0,1565.3671347250954,4194.855172604614,150
172,uav_0,1558.3800515299995,4170.851710334222,150
173,uav_0,1551.7939779242354,4146.73513580547,150
174,uav_0,1545.6107433303453,4122.5121479117715,150
175,uav_0,1539.8320652737361,4098.1894751051195,150
176,uav_0,1534.4595489056,4073.773873527123,150
177,uav_0,1529.4946865570498,4049.2721251323383,150
178,uav_0,1524.9388573245917,4024.6910358044415,150
179,uav_0,1520.7933266870518,4000.037433465745,150
180,uav_0,1517.059246154063,3975.3181661805984,150
181,uav_0,1513.737652946207,3950.5401002531926,150
182,uav_0,1510.8294697069064,3925.710118320295,150
183,uav_0,1508.3355042461392,3900.835117439454,150
184,uav_0,1506.2564493160528,3875.922007173189,150
185,uav_0,1504.592882418537,3850.977707669718,150
186,uav_0,1503.345265644812,3826.0091477407336,150
187,uav_0,1502.5139455470692,3801.0232629367797,150
188,uav_0,1502.0991530422139,3776.026993620754,150
189,uav_0,1502.101003347718,3751.027283040075,150
190,uav_0,1502.5194959496207,3726.0310753980443,150
191,uav_0,1503.3545146026675,3701.0453139249485,150
192,uav_0,1504.6058273626013,3676.0769389494276,150
193,uav_0,1506.273086650591,3651.132885970652,150
194,uav_0,1508.3558293497767,3626.220083731836,150
195,uav_0,1510.8534769339117,3601.3454522956354,150
196,uav_0,1513.7653356280603,3576.51590112195,150
197,uav_0,1517.0905966013083,3551.7383271486738,150
198,uav_0,1520.8283361914337,3527.0196128759253,150
199,uav_0,1524.9775161614727,3502.3666244542833,150
200,uav_0,1529.5369839881125,3477.7862097775696,150
201,uav_0,1534.5054731818298,3453.285196580698,150
202,uav_0,1539.881603638685,3428.8703905431266,150
203,uav_0,1545.6638820236751,3404.5485733984347,150
204,uav_0,1551.8507021855394,3380.326501050551,150
205,uav_0,1558.4403456029036,3356.210901697158,150
206,uav_0,1565.4309818616334,3332.2084739607917,150
207,uav_0,1572.820669163274,3308.3258850281536,150
208,uav_0,1580.6073548644233,3284.569768798162,150
209,uav_0,1588.7888760468995,3260.9467240392396,150
210,uav_0,1597.3629601185364,3237.463312556368,150
211,uav_0,1606.327225444446,3214.126057368406,150
212,uav_0,1615.6791820085657,3190.9414408961807,150
213,uav_0,1625.416232105317,3167.9159031618583,150
214,uav_0,1635.535671061171,3145.0558400000873,150
215,uav_0,1646.0346879859294,3122.3676012814253,150
216,uav_0,1656.9103665535106,3099.857489148519,150
217,uav_0,1668.159685812021,3077.5317562655546,150
218,uav_0,1679.779521022888,3055.396604081446,150
219,uav_0,1691.7666445288241,3033.4581811072485,150
220,uav_0,1704.117726650377,3011.7225812082806,150
221,uav_0,1716.829336610819,2990.195841911421,150
222,uav_0,1729.897943489119,2968.8839427280577,150
223,uav_0,1743.3199172007298,2947.792803493152,150
224,uav_0,1757.091529505924,2926.9282827208744,150
225,uav_0,1771.20895504539,2906.2961759772825,150
226,uav_0,1785.6682724028085,2885.9022142704725,150
227,uav_0,1800.4654651941087,2865.752062458676,150
228,uav_0,1815.5964231831058,2845.851317676719,150
229,uav_0,1831.056943423206,2826.205507781303,150
230,uav_0,1846.8427314248631,2806.82008981552,150
231,uav_0,1862.9494023484692,2787.7004484930467,150
232,uav_0,1879.3724822223328,2768.851894702422,150
233,uav_0,1896.1074091854225,2750.2796640318375,150
234,uav_0,1913.1495347545208,2731.988915314837,150
235,uav_0,1930.4941251154385,2713.984729197344,150
236,uav_0,1948.1363624379344,2696.272106726403,150
237,uav_0,1966.0713462139697,2678.85596796103,150
238,uav_0,1984.2940946189274,2661.7411506055632,150
239,uav_0,2002.7995458954229,2644.932408665887,150
240,uav_0,2021.582559759313,2628.4344111289056,150
241,uav_0,2040.637918827522,2612.2517406656293,150
242,uav_0,2059.9603300672784,2596.3888923582444,150
243,uav_0,2079.5444262663696,2580.8502724515056,150
244,uav_0,2099.3847675239986,2565.640197128806,150
245,uav_0,2119.4758427618335,2550.762891313269,150
246,uav_0,2139.812071254827,2536.222487494182,150
247,uav_0,2160.3878041813823,2522.0230245791126,150
248,uav_0,2181.1973261924322,2508.1684467720106,150
249,uav_0,2202.2348569989995,2494.662602477628,150
250,uav_0,2223.494552977799,2481.509243232538,150
251,uav_0,2244.9705087944235,2468.712022663065,150
252,uav_0,2266.6567590436816,2456.274495470416,150
253,uav_0,2288.5472799066138,2444.200116443281,150
254,uav_0,2310.6359908237346,2432.492239498197,150
255,uav_0,2332.916756184042,2421.1541167479227,150
256,uav_0,2355.383387029312,2410.1888975980955,150
257,uav_0,2378.029642773214,2399.5996278724188,150
258,uav_0,2400.8492329347678,2389.3892489666155,150
259,uav_0,2423.835818885658,2379.560597031396,150
260,uav_0,2446.9830156109238,2370.1164021846553,150
261,uav_0,2470.2843934825332,2361.0592877531244,150
262,uav_0,2493.733480045349,2352.3917695436867,150
263,uav_0,2517.3237618149933,2344.116255144557,150
264,uav_0,2541.048686087102,2336.2350432565236,150
265,uav_0,2564.9016627574847,2328.7503230544353,150
266,uav_0,2588.8760661526626,2321.664173579111,150
267,uav_0,2612.965236870292,2314.9785631598397,150
268,uav_0,2637.162483628955,2308.695348867639,150
269,uav_0,2661.4610851268076,2302.816275999412,150
270,uav_0,2685.8542919085617,2297.342977593152,150
271,uav_0,2710.335328240292,2292.2769739743353,150
272,uav_0,2734.8973939915413,2287.6196723336143,150
273,uav_0,2759.533666524201,2283.3723663359433,150
274,uav_0,2784.2373025876464,2279.536235761233,150
275,uav_0,2809.001440219591,2276.1123461766438,150
276,uav_0,2833.8192006521485,2273.1016486406015,150
277,uav_0,2858.6836902225546,2270.504979438617,150
278,uav_0,2883.58800228803,2268.323059850994,150
279,uav_0,2908.5252191442437,2266.5564959524786,150
280,uav_0,2933.4884139468604,2265.2057784439053,150
281,uav_0,2958.470652635615,2264.271282515897,150
282,uav_0,2983.464995860395,2263.7532677446466,150
283,uav_0,3008.4645009087967,2263.6518780198157,150
284,uav_0,3033.462223634608,2263.967141504565,150
285,uav_0,3058.4512203866957,2264.698970627731,150
286,uav_0,3083.424549937752,2265.8471621081517,150
287,uav_0,3108.375275412368,2267.411397011133,150
288,uav_0,3133.2964662139007,2269.391240837037,150
289,uav_0,3158.181199949592,2271.7861436419753,150
290,uav_0,3183.022564353413,2274.5954401905683,150
291,uav_0,3207.813659206092,2277.818350140728,150
292,uav_0,3232.5475982517983,2281.453978260413,150
293,uav_0,3257.217511110948,2285.5013146763004,150
294,uav_0,3281.816545188595,2289.9592351542988,150
295,uav_0,3306.337867577888,2294.8265014118297,150
296,uav_0,3330.7746669580592,2300.101761461783,150
297,uav_0,3355.120155486408,2305.7835499880666,150
298,uav_0,3379.367570683773,2311.8702887526224,150
299,uav_0,3403.510177312955,2318.36028703382,150
300,uav_0,3427.54126924957,2325.2517420960903,150
301,uav_0,3451.454171344824,2332.5427396906716,150
302,uav_0,3475.24224127967,2340.231254587336,150
303,uav_0,3498.8988714098614,2348.315151136938,150
304,uav_0,3522.417490601363,2356.792183864637,150
305,uav_0,3545.791566055624,2365.6599980936276,150
306,uav_0,3569.0146051242014,2374.9161305991993,150
307,uav_0,3592.080157112233,2384.55801029295,150
308,uav_0,3614.981815070257,2394.582958936963,150
309,uav_0,3637.7132175738734,2404.988191887741,150
310,uav_0,3660.268050490772,2415.7708188697034,150
311,uav_0,3682.640048734615,2426.9278447780202,150
312,uav_0,3704.8229980052965,2438.456170510568,150
313,uav_0,3726.8107365151004,2450.3525938287703,150
314,uav_0,3748.597156700265,2462.6138102470873,150
315,uav_0,3770.176206917492,2475.23641395091,150
316,uav_0,3791.5418931249187,2488.216898742594,150
317,uav_0,3812.6882805470905,2501.551659015384,150
318,uav_0,3833.6094953234724,2515.236990754946,150
319,uav_0,3854.299726140038,2529.269092568238,150
320,uav_0,3874.753225843487,2543.644066739428,150
321,uav_0,3894.9643130376403,2558.3579203125637,150
322,uav_0,3914.927373661567,2573.4065662007088,150
323,uav_0,3934.6368625490127,2588.7858243212127,150
324,uav_0,3954.087304968683,2604.491422756817,150
325,uav_0,3973.2732981449726,2620.518998942278,150
326,uav_0,3992.189512758697,2636.864100876155,150
327,uav_0,4010.83069442743,2653.5221883574563,150
328,uav_0,4029.191665165013,2670.488634246769,150
329,uav_0,4047.2673248198585,2687.7587257515515,150
330,uav_0,4065.0526524916213,2705.32766573521,150
331,uav_0,4082.542707925863,2723.190574049606,150
332,uav_0,4099.732632886313,2741.342488890621,150
333,uav_0,4116.617652504346,2759.778368176405,150
334,uav_0,4133.193076605306,2778.4930909479203,150
335,uav_0,4149.454301011298,2797.4814587914,150
336,uav_0,4165.396808820105,2816.7381972823155,150
337,uav_0,4181.016171659845,2836.2579574504616,150
338,uav_0,4196.308050919049,2856.0353172657487,150
339,uav_0,4211.268198951804,2876.064783144284,150
340,uav_0,4225.892460257631,2896.3407914743343,150
341,uav_0,4240.176772635753,2916.8577101617393,150
342,uav_0,4254.117168313471,2937.6098401943414,150
343,uav_0,4267.709775048287,2958.5914172250123,150
344,uav_0,4280.950817203509,2979.7966131728217,150
345,uav_0,4293.8366167970125,3001.2195378419106,150
346,uav_0,4306.363594522874,3022.854240557619,150
347,uav_0,4318.528270745611,3044.694711819416,150
348,uav_0,4330.327266466709,3066.7348849701616,150
349,uav_0,4341.7573042632275,3088.968637881255,150
350,uav_0,4352.81520919816,3111.389794653182,150
351,uav_0,4363.497909702351,3133.9921273310083,150
352,uav_0,4373.802438427681,3156.769357634322,150
353,uav_0,4383.7259330713205,3179.715158701164,150
354,uav_0,4393.265637170785,3202.823156845444,150
355,uav_0,4402.41890086961,3226.086933327372,150
356,uav_0,4411.183181653401,3249.500026136402,150
357,uav_0,4419.556045056072,3273.0559317861866,150
358,uav_0,4427.535165336072,3296.748107121066,150
359,uav_0,4435.118326122405,3320.5699711335646,150
360,uav_0,4442.303421030279,3344.514906792409,150
361,uav_0,4449.0884542462,3368.576262880548,150
362,uav_0,4455.471541082344,3392.7473558426714,150
363,uav_0,4461.450908500077,3417.0214716417095,150
364,uav_0,4467.024895602454,3441.3918676238,150
365,uav_0,4472.191954095565,3465.851774391205,150
366,uav_0,4476.950648718608,3490.394397682654,150
367,uav_0,4481.299657642563,3515.0129202605976,150
368,uav_0,4485.23777283736,3539.7005038048396,150
369,uav_0,4488.763900407434,3564.4502908120226,150
370,uav_0,4491.877060895577,3589.2554065004533,150
371,uav_0,4494.576389555005,3614.1089607197146,150
372,uav_0,4496.861136589558,3639.004049864553,150
373,uav_0,4498.7306673619705,3663.9337587925042,150
374,uav_0,4500.184462570163,3688.8911627447183,150
375,uav_0,4501.22211839148,3713.8693292694625,150
376,uav_0,4501.843346594866,3738.8613201477556,150
377,uav_0,4502.047974620924,3763.860193320607,150
378,uav_0,4501.835945629854,3788.8590048173223,150
379,uav_0,4501.207318517232,3813.8508106843387,150
380,uav_0,4500.16226789766,3838.828668914057,150
381,uav_0,4498.701084056257,3863.785641373131,150
382,uav_0,4496.824172868028,3888.7147957296843,150
383,uav_0,4494.532055685122,3913.609207378913,150
384,uav_0,4491.82536919202,3938.461961366538,150
385,uav_0,4488.704865228677,3963.2661543095896,150
386,uav_0,4485.171410581683,3988.0148963139623,150
387,uav_0,4481.2259867435,4012.7013128882336,150
388,uav_0,4476.869689639823,4037.318546853199,150
389,uav_0,4472.103729325172,4061.859760246602,150
390,uav_0,4466.929429646766,4086.318136222521,150
391,uav_0,4461.348227876801,4110.686880944896,150
392,uav_0,4455.361674313214,4134.959225474662,150
393,uav_0,4448.971431849058,4159.1284276499655,150
394,uav_0,4442.179275510594,4183.187773958942,150
395,uav_0,4434.987091964245,4207.130581404539,150
396,uav_0,4427.396878992526,4230.950199360865,150
397,uav_0,4419.410744939124,4254.6400114205335,150
398,uav_0,4411.030908123259,4278.193437232524,150
399,uav_0,4402.259696223498,4301.603934329998,150
400,uav_0,4393.099545631194,4324.864999947627,150
401,uav_0,4383.553000773721,4347.970172827864,150
402,uav_0,4373.62271340771,4370.913035015696,150
403,uav_0,4363.311441882469,4393.687213641369,150
404,uav_0,4352.622050373785,4416.286382690594,150
405,uav_0,4341.557508088346,4438.7042647617245,150
406,uav_0,4330.120888438974,4460.934632809442,150
407,uav_0,4318.315368190925,4482.971311874452,150
408,uav_0,4306.1442265794685,4504.80818079871,150
409,uav_0,4293.610844399014,4526.4391739257035,150
410,uav_0,4280.718703064023,4547.858282785317,150
411,uav_0,4267.4713836419705,4569.059557762815,150
412,uav_0,4253.872565858625,4590.03710975147,150
413,uav_0,4239.926027075931,4610.785111788395,150
414,uav_0,4225.635641242767,4631.297800673098,150
415,uav_0,4211.005377818861,4651.569478568342,150
416,uav_0,4196.039300672207,4671.594514582835,150
417,uav_0,4180.7415669502225,4691.367346335333,150
418,uav_0,4165.116425925024,4710.882481499713,150
419,uav_0,4149.168217813091,4730.134499330576,150
420,uav_0,4132.901372569688,4749.118052168981,150
421,uav_0,4116.320408658341,4767.827866927872,150
422,uav_0,4099.429931795745,4786.258746556784,150
423,uav_0,4082.234633672422,4804.405571485443,150
424,uav_0,4064.739290649508,4822.26330104583,150
425,uav_0,4046.9487624320136,4839.826974872337,150
426,uav_0,4028.8679907189407,4857.091714279612,150
427,uav_0,4010.5019978306173,4874.05272361772,150
428,uav_0,3991.85588531364,4890.705291604239,150
429,uav_0,3972.9348325238166,4907.044792632914,150
430,uav_0,3953.7440951874805,4923.066688058522,150
431,uav_0,3934.289003941607,4938.766527457577,150
432,uav_0,3914.574962853113,4954.139949864528,150
433,uav_0,3894.6074479177623,4969.182684983112,150
434,uav_0,3874.3920055390904,4983.890554372523,150
435,uav_0,3853.9342509877733,4998.259472608056,150
436,uav_0,3833.2398668418655,5012.285448415927,150
437,uav_0,3812.3146014083436,5025.9645857819305,150
438,uav_0,3791.164267126389,5039.293085033644,150
439,uav_0,3769.794738952862,5052.267243895868,150
440,uav_0,3748.2119527304058,5064.883458519007,150
441,uav_0,3726.4219035386377,5077.138224480121,150
442,uav_0,3704.4306440288906,5089.028137756353,150
443,uav_0,3682.244282742957,5100.549895670468,150
444,uav_0,3659.8689824163166,5111.700297808238,150
445,uav_0,3637.310958266297,5122.476246907436,150
446,uav_0,3614.57647626567,5132.874749718154,150
447,uav_0,3591.6718514021422,5142.892917834254,150
448,uav_0,3568.6034459242333,5152.527968495674,150
449,uav_0,3545.3776675740237,5161.777225361407,150
450,uav_0,3522.0009678072697,5170.638119252906,150
451,uav_0,3498.479840001373,5179.108188867733,150
452,uav_0,3474.8208176517046,5187.185081463235,150
453,uav_0,3451.0304725567917,5194.86655351007,150
454,uav_0,3427.115412992855,5202.150471315394,150
455,uav_0,3403.082281878222,5209.034811615541,150
456,uav_0,3378.9377549281144,5215.517662138027,150
457,uav_0,3354.6885388003257,5221.597222132726,150
458,uav_0,3330.3413692323,5227.271802872063,150
459,uav_0,3305.9030091701475,5232.539828120098,150
460,uav_0,3281.380246890078,5237.399834570358,150
461,uav_0,3256.779894112822,5241.8504722523,150
462,uav_0,3232.1087841115277,5245.890504906298,150
463,uav_0,3207.37376981367,5249.518810327037,150
464,uav_0,3182.58172189751,5252.734380675227,150
465,uav_0,3157.7395268836103,5255.536322757562,150
466,uav_0,3132.8540852219635,5257.923858274811,150
467,uav_0,3107.9323093752396,5259.896324038017,150
468,uav_0,3082.9811218987056,5261.4531721527055,150
469,uav_0,3058.0074535173358,5262.593970171078,150
470,uav_0,3033.0182412006557,5263.318401212129,150
471,uav_0,3008.0204262358507,5263.626264049676,150
472,uav_0,2983.020952299676,5263.517473168241,150
473,uav_0,2958.0267635296996,5262.992058786814,150
474,uav_0,2933.0448025954256,5262.050166850456,150
475,uav_0,2908.082008769812,5260.69205898976,150
476,uav_0,2883.1453160017454,5258.9181124481765,150
477,uav_0,2858.2416509899845,5256.728819977227,150
478,uav_0,2833.3779312591246,5254.124789699634,150
479,uav_0,2808.5610632381076,5251.1067449403945,150
480,uav_0,2783.7979403418108,5247.675524025871,150
481,uav_0,2759.095441056256,5243.832080050919,150
482,uav_0,2734.460427027967,5239.577480614155,150
483,uav_0,2709.899741157989,5234.912907521397,150
484,uav_0,2685.4202057011435,5229.8396564574,150
485,uav_0,2661.028620370983,5224.35913662595,150
486,uav_0,2636.7317604510445,5218.472870358427,150
487,uav_0,2612.5363749128496,5212.182492690946,150
488,uav_0,2588.449184541256,5205.489750910189,150
489,uav_0,2564.476880067591,5198.396504068061,150
490,uav_0,2540.626120311185,5190.9047224652995,150
491,uav_0,2516.903530329715,5183.016487104175,150
492,uav_0,2493.315699578979,5174.7339891104575,150
493,uav_0,2469.8691800825113,5166.059529124776,150
494,uav_0,2446.5704846116387,5156.995516663575,150
495,uav_0,2423.4260848763984,5147.544469449808,150
496,uav_0,2400.4424097279016,5137.709012713601,150
497,uav_0,2377.6258433725743,5127.491878463028,150
498,uav_0,2354.9827235987996,5116.895904725237,150
499,uav_0,2332.5193400164812,5105.92403475814,150
500,uav_0,2310.241932309947,5094.579316232839,150
501,uav_0,2288.1566885047664,5082.864900387095,150
502,uav_0,2266.269743248873,5070.784041149982,150
503,uav_0,2244.5871761085536,5058.340094238056,150
504,uav_0,2223.1150098797025,5045.536516223218,150
505,uav_0,2201.859208914878,5032.3768635725955,150
506,uav_0,2180.825677466557,5018.864791660638,150
507,uav_0,2160.0202580471237,5005.004053753773,150
508,uav_0,2139.448729805968,4990.798499967851,150
509,uav_0,2119.1168069242194,4976.2520761986925,150
510,uav_0,2099.0301370274956,4961.368823026033,150
511,uav_0,2079.1942996171692,4946.152874591166,150
512,uav_0,2059.614804520534,4930.608457448599,150
513,uav_0,2040.2970903603282,4914.739889392029,150
514,uav_0,2021.2465230440546,4898.551578254995,150
515,uav_0,2002.4683942734687,4882.048020686497,150
516,uav_0,1983.9679200747123,4865.233800901968,150
517,uav_0,1965.7502393494344,4848.113589409896,150
518,uav_0,1947.820412447368,4830.692141714506,150
519,uav_0,1930.1834197606931,4812.9742969948,150
520,uav_0,1912.8441603406434,4794.9649767603905,150
521,uav_0,1895.807450536674,4776.669183484428,150
522,uav_0,1879.078022658633,4758.0919992140725,150
523,uav_0,1862.6605236622463,4739.238584158835,150
524,uav_0,1846.5595138583408,4720.114175257228,150
525,uav_0,1830.7794656461074,4700.724084722086,150
526,uav_0,1815.324762270808,4681.073698564992,150
527,uav_0,1800.1996966062304,4661.168475100194,150
528,uav_0,1785.408469962247,4641.01394342844,150
529,uav_0,1770.955190917821,4620.615701901161,150
530,uav_0,1756.8438741797497,4599.979416565392,150
531,uav_0,1743.0784394675054,4579.1108195899305,150
532,uav_0,1729.6627104244385,4558.01570767308,150
533,uav_0,1716.6004135556898,4536.699940432514,150
534,uav_0,1703.8951771930626,4515.169438777624,150
535,uav_0,1691.5505304871888,4493.430183264879,150
536,uav_0,1679.5699024272187,4471.488212436576,150
537,uav_0,1667.956620888359,4449.349621143531,150
538,uav_0,1656.7139117074726,4427.020558852082,150
539,uav_0,1645.8448977870435,4404.50722793596,150
540,uav_0,1635.3525982277156,4381.815881953433,150
541,uav_0,1625.2399274896802,4358.952823910259,150
542,uav_0,1615.5096945831187,4335.92440450889,150
543,uav_0,1606.1646022879384,4312.737020384415,150
544,uav_0,1597.2072464030227,4289.397112327777,150
545,uav_0,1588.6401150251872,4265.911163496692,150
546,uav_0,1580.4655878580631,4242.285697614826,150
547,uav_0,1572.6859355510774,4218.527277159673,150
548,uav_0,1565.3033190687383,4194.64250153971,150
549,uav_0,1558.319789090375,4170.638005261247,150
550,uav_0,1551.7372854405235,4146.520456085575,150
551,uav_0,1545.5576365500929,4122.296553176827,150
552,uav_0,1539.7825589484858,4097.973025241169,150
553,uav_0,1534.41365678679,4073.5566286577346,150
554,uav_0,1529.4524213921961,4049.054145601915,150
555,uav_0,1524.9002308537456,4024.472382161448,150
556,uav_0,1520.7583496395403,3999.818166445899,150
557,uav_0,1517.0279282455078,3975.0983466899975,150
558,uav_0,1513.710002875826,3950.31978935139,150
559,uav_0,1510.8054951550969,3925.4893772033506,150
560,uav_0,1508.3152118723444,3900.6140074229215,150
561,uav_0,1506.239844756913,3875.7005896750998,150
562,uav_0,1504.5799702863233,3850.756044193506,150
563,uav_0,1503.336049526144,3825.787299858164,150
564,uav_0,1502.5084280019214,3800.8012922708344,150
565,uav_0,1502.0973356032014,3775.804961828527,150
566,uav_0,1502.102886519674,3750.805251795634,150
567,uav_0,1502.5250792094537,3725.8091063753095,150
568,uav_0,1503.363796399508,3700.8234687805525,150
569,uav_0,1504.6188051182319,3675.8552793055983,150
570,uav_0,1506.2897567601633,3650.9114733980837,150
571,uav_0,1508.376187182812,3625.998979732598,150
572,uav_0,1510.8775168355867,3601.1247182860857,150
573,uav_0,1513.7930509207797,3576.2955984156692,150
574,uav_0,1517.1219795865575,3551.518516939445,150
575,uav_0,1520.8633781519186,3526.8003562207236,150
576,uav_0,1525.0162073635406,3502.1479822563283,150
577,uav_0,1529.5793136844566,3477.5682427693964,150
578,uav_0,1534.5514296144727,3453.0679653072984,150
579,uav_0,1539.9311740422472,3428.653955345122,150
580,uav_0,1545.7170526289178,3404.332994395324,150
581,uav_0,1551.9074582231929,3380.111838124002,150
582,uav_0,1558.5006713077657,3355.9972144743842,150
583,uav_0,1565.494860476953,3331.995821797978,150
584,uav_0,1572.8880829454008,3308.1143269939807,150
585,uav_0,1580.6782850877412,3284.3593636573873,150
586,uav_0,1588.8633030090248,3260.7375302363826,150
587,uav_0,1597.4408631457907,3237.255388199476,150
588,uav_0,1606.408582897601,3213.9194602129055,150
589,uav_0,1615.7639712888517,3190.736228328844,150
590,uav_0,1625.504429660702,3167.7121321848545,150
591,uav_0,1635.6272523928997,3144.853567215159,150
592,uav_0,1646.1296276553333,3122.1668828741526,150
593,uav_0,1657.0086381890687,3099.6583808727273,150
594,uav_0,1668.2612621166897,3077.3343134278157,150
595,uav_0,1679.8843737816792,3055.200881525725,150
596,uav_0,1691.874744616647,3033.2642331996617,150
597,uav_0,1704.229044040123,3011.5304618220016,150
598,uav_0,1716.943840381708,2990.0056044117086,150
599,uav_0,1730.0156018352825,2968.6956399574415,150
600,uav_0,1743.4406974400524,2947.6064877567433,150
601,uav_0,1757.2153980891158,2926.744005771847,150
602,uav_0,1771.335877565306,2906.113989002494,150
603,uav_0,1785.798213604011,2885.7221678762435,150
604,uav_0,1800.5983889826537,2865.5742066567373,150
605,uav_0,1815.7322926365748,2845.675701870315,150
606,uav_0,1831.1957208009555,2826.0321807514747,150
607,uav_0,1846.9843781785164,2806.649099707548,150
608,uav_0,1863.0938791326143,2787.531842803086,150
609,uav_0,1879.519748905461,2768.685720264301,150
610,uav_0,1896.257424861067,2750.1159670040543,150
611,uav_0,1913.3022577526262,2731.8277411677345,150
612,uav_0,1930.6495130139308,2713.826122700484,150
613,uav_0,1948.294372074509,2696.116111936124,150
614,uav_0,1966.2319336980747,2678.702628208217,150
615,uav_0,1984.457215343963,2661.590508483605,150
616,uav_0,2002.9651545511256,2644.7845060188483,150
617,uav_0,2021.750610344342,2628.2892890399053,150
618,uav_0,2040.8083646622413,2612.109439445424,150
619,uav_0,2060.1331238067164,2596.249451534038,150
620,uav_0,2079.7195199133785,2580.7137307559615,150
621,uav_0,2099.562112442578,2565.506592489297,150
622,uav_0,2119.655389690649,2550.6322608413348,150
623,uav_0,2139.9937703208843,2536.0948674752262,150
624,uav_0,2160.5716049138878,2521.898450462317,150
625,uav_0,2181.383177536806,2508.0469531604986,150
626,uav_0,2202.422707331067,2494.5442231188426,150
627,uav_0,2223.6843501181174,2481.3940110088733,150
628,uav_0,2245.162200022788,2468.599969582731,150
629,uav_0,2266.8502911137593,2456.1656526585475,150
630,uav_0,2288.742599060742,2444.0945141332927,150
631,uav_0,2310.83304280785,2432.3899070233847,150
632,uav_0,2333.115486262746,2421.0550825333166,150
633,uav_0,2355.5837400010855,2410.0931891525624,150
634,uav_0,2378.2315629857394,2399.5072717810226,150
635,uav_0,2401.0526643003986,2389.300270883232,150
636,uav_0,2424.0407048969864,2379.4750216715875,150
637,uav_0,2447.1892993564893,2370.034253318805,150
638,uav_0,2470.4920176626188,2360.9805881998336,150
639,uav_0,2493.9423869879092,2352.3165411634363,150
640,uav_0,2517.5338934916613,2344.044518833636,150
641,uav_0,2541.259984129322,2336.166818941223,150
642,uav_0,2565.114068472713,2328.685629685516,150
643,uav_0,2589.089520540679,2321.603029126536,150
644,uav_0,2613.179680639582,2314.9209846077865,150
645,uav_0,2637.377857213186,2308.64135220978,150
646,uav_0,2661.6773287013684,2302.765876234471,150
647,uav_0,2686.0713454071806,2297.2961887207402,150
648,uav_0,2710.553131371729,2292.2338089910604,150
649,uav_0,2735.1158862563243,2287.5801432294725,150
650,uav_0,2759.752787231442,2283.3364840909862,150
651,uav_0,2784.456990871888,2279.5040103425213,150
652,uav_0,2809.221635057726,2276.083786535475,150
653,uav_0,2834.0398408803567,2273.076762710025,150
654,uav_0,2858.904714553305,2270.4837741312317,150
655,uav_0,2883.8093493270926,2268.3055410570278,150
656,uav_0,2908.746827407757,2266.542668538149,150
657,uav_0,2933.7102218783953,2265.1956462500725,150
658,uav_0,2958.6925986232864,2264.2648483569938,150
659,uav_0,2983.6870182539647,2263.7505334078983,150
660,uav_0,3008.686538036807,2263.6528442647423,150
661,uav_0,3033.684213821507,2263.9718080627717,150
662,uav_0,3058.6731019699673,2264.7073362029814,150
663,uav_0,3083.6462612850523,2265.85922437673,150
664,uav_0,3108.5967549386346,2267.4271526224848,150
665,uav_0,3133.5176523984696,2269.4106854147058,150
666,uav_0,3158.4020313532765,2271.809271784814,150
667,uav_0,3183.2429796355786,2274.622245474242,150
668,uav_0,3208.033597141686,2277.8488251194967,150
669,uav_0,3232.766997748367,2281.488114469201,150
670,uav_0,3257.4363112255937,2285.5391026330462,150
671,uav_0,3282.0346851449176,2290.000664362592,150
672,uav_0,3306.5552867828565,2294.871560363822,150
673,uav_0,3330.99130501885,2300.1504376413895,150
674,uav_0,3355.3359522271726,2305.8358298744383,150
675,uav_0,3379.582466162363,2311.9261578239057,150
676,uav_0,3403.7241118375623,2318.419729771188,150
677,uav_0,3427.7541833953123,2325.3147419880524,150
678,uav_0,3451.6660059702535,2332.6092792376644,150
679,uav_0,3475.4529375431953,2340.3013153065785,150
680,uav_0,3499.1083707861,2348.3887135675704,150
681,uav_0,3522.6257348973886,2356.8692275731237,150
682,uav_0,3545.9984974271392,2365.7405016794346,150
683,uav_0,3569.2201660915985,2375.0000717007356,150
684,uav_0,3592.2842905765674,2384.645365593784,150
685,uav_0,3615.1844643290974,2394.673704172294,150
686,uav_0,3637.9143263370656,2405.0823018511437,150
687,uav_0,3660.4675628960617,2415.8682674201245,150
688,uav_0,3682.8379093631747,2427.028604847047,150
689,uav_0,3705.0191518971105,2438.560214109939,150
690,uav_0,3727.00512918424,2450.4598920581548,150
691,uav_0,3748.7897341500166,2462.724333302113,150
692,uav_0,3770.3669156553556,2475.3501311314367,150
693,uav_0,3791.730680177473,2488.3337784612486,150
694,uav_0,3812.8750934746995,2501.671668806328,150
695,uav_0,3833.7942822348596,2515.3600972829,150
696,uav_0,3854.4824357066914,2529.3952616377346,150
697,uav_0,3874.933807313927,2543.773263304315,150
698,uav_0,3895.1427162515056,2558.490108485737,150
699,uav_0,3915.103549063559,2573.5417092640823,150
700,uav_0,3934.8107612026497,2588.923884735913,150
701,uav_0,3954.2588785699036,2604.632362173619,150
702,uav_0,3973.4424990355446,2620.6627782122478,150
703,uav_0,3992.356293939464,2637.010680061534,150
704,uav_0,4010.9950095713557,2653.671526742744,150
705,uav_0,4029.353468630061,2670.640690350043,150
706,uav_0,4047.426571661662,2687.9134573359825,150
707,uav_0,4065.2092984759684,2705.4850298207957,150
708,uav_0,4082.696709540989,2723.3505269251145,150
709,uav_0,4099.88394735498,2741.504986125724,150
710,uav_0,4116.766237795732,2759.943364634029,150
711,uav_0,4133.338891446672,2778.660540796775,150
712,uav_0,4149.597304899464,2797.6513155187167,150
713,uav_0,4165.536962032683,2816.9104137067598,150
714,uav_0,4181.15343526629,2836.4324857352476,150
715,uav_0,4196.442386791463,2856.212108931917,150
716,uav_0,4211.399569775534,2876.2437890841775,150
717,uav_0,4226.020829541621,2896.5219619652303,150
718,uav_0,4240.302104722699,2917.040994879668,150
719,uav_0,4254.2394283897065,2937.7951882280577,150
720,uav_0,4267.828929153469,2958.7787770901455,150
721,uav_0,4281.066832240041,2979.985932826169,150
722,uav_0,4293.949460539239,3001.4107646958946,150
723,uav_0,4306.473235626039,3023.0473214949016,150
724,uav_0,4318.634678754554,3044.889593207642,150
725,uav_0,4330.430411824338,3066.931512676868,150
726,uav_0,4341.857158318715,3089.1669572888954,150
727,uav_0,4352.911744214912,3111.589750674311,150
728,uav_0,4363.591098865703,3134.1936644235693,150
729,uav_0,4373.892255852357,3156.9724198170875,150
730,uav_0,4383.812353808611,3179.919689569275,150
731,uav_0,4393.348637215486,3203.029099586088,150
732,uav_0,4402.498457166687,3226.2942307355547,150
733,uav_0,4411.259272104395,3249.708620630845,150
734,uav_0,4419.628648525235,3273.2657654253135,150
735,uav_0,4427.604261656241,3296.959121619107,150
736,uav_0,4435.183896100603,3320.782107876738,150
737,uav_0,4442.365446453045,3344.728106855203,150
738,uav_0,4449.1469178846455,3368.790467042096,150
739,uav_0,4455.526426696946,3392.962504603193,150
740,uav_0,4461.502200845187,3417.2375052390457,150
741,uav_0,4467.0725804305275,3441.608726050005,150
742,uav_0,4472.236018161122,3466.0693974092233,150
743,uav_0,4476.991079781913,3490.612724843045,150
744,uav_0,4481.336444473027,3515.2318909183336,150
745,uav_0,4485.270905216654,3539.9200571361425,150
746,uav_0,4488.793369132333,3564.6703658312713,150
747,uav_0,4491.902857780514,3589.47594207711,150
748,uav_0,4494.598507434343,3614.329895595318,150
749,uav_0,4496.879569319584,3639.2253226697226,150
750,uav_0,4498.745409822602,3664.155308063997,150
751,uav_0,4500.195510666366,3689.1129269424946,150
752,uav_0,4501.2294690544095,3714.091246793779,150
753,uav_0,4501.846997782719,3739.083329356286,150
754,uav_0,4502.047925319504,3764.082232545551,150
755,uav_0,4501.832195852857,3789.081012382548,150
756,uav_0,4501.199869306238,3814.072724922503,150
757,uav_0,4500.151121321846,3839.0504281837448,150
758,uav_0,4498.686243211823,3864.0071840759692,150
759,uav_0,4496.805641877335,3888.93606032746,150
760,uav_0,4494.509839695549,3913.830132410657,150
761,uav_0,4491.799474374531,3938.68248546561,150
762,uav_0,4488.675298776111,3963.486216220711,150
763,uav_0,4485.138180706754,3988.2344349102423,150
764,uav_0,4481.189102676514,4012.9202671881376,150
765,uav_0,4476.829161626119,4037.5368560374986,150
766,uav_0,4472.059568622269,4062.077363675261,150
767,uav_0,4466.881648521243,4086.5349734515385,150
768,uav_0,4461.296839600884,4110.902891743106,150
769,uav_0,4455.306693161096,4135.174349840451,150
770,uav_0,4448.912873092926,4159.342605827951,150
771,uav_0,4442.117155416394,4183.40094645656,150
772,uav_0,4434.921427787157,4207.342689008581,150
773,uav_0,4427.327688972178,4231.161183153912,150
774,uav_0,4419.338048294522,4254.849812797337,150
775,uav_0,4410.954725047449,4278.401997916268,150
776,uav_0,4402.180047877954,4301.811196388505,150
777,uav_0,4393.0164541399445,4325.070905809433,150
778,uav_0,4383.4664892172,4348.174665298222,150
779,uav_0,4373.532805816352,4371.116057292454,150
780,uav_0,4363.218163230025,4393.888709330759,150
781,uav_0,4352.5254265703925,4416.486295822887,150
782,uav_0,4341.45756597333,4438.902539806777,150
783,uav_0,4330.01765577339,4461.13121469213,150
784,uav_0,4318.208873649849,4483.166145989959,150
785,uav_0,4306.0344997440325,4505.001213027703,150
786,uav_0,4293.49791574819,4526.630350649359,150
787,uav_0,4280.602603966154,4548.04755090022,150
788,uav_0,4267.352146346059,4569.246864695703,150
789,uav_0,4253.750223485376,4590.222403473847,150
790,uav_0,4239.800613608552,4610.968340830972,150
791,uav_0,4225.507191517522,4631.478914140099,150
792,uav_0,4210.873927515408,4651.748426151632,150
793,uav_0,4195.90488630367,4671.771246575906,150
794,uav_0,4180.604225853063,4691.5418136471,150
795,uav_0,4164.976196248663,4711.054635668156,150
796,uav_0,4149.025138509315,4730.3042925362,150
797,uav_0,4132.755483381829,4749.285437248096,150
798,uav_0,4116.171750110236,4767.992797385701,150
799,uav_0,4099.2785451804775,4786.42117658037,150
800,uav_0,4082.0805610408565,4804.565455956382,150
801,uav_0,4064.582574798608,4822.420595552794,150
802,uav_0,4046.7894468929508,4839.981635723421,150
803,uav_0,4028.7061197450093,4857.243698514461,150
804,uav_0,4010.337616384933,4874.201989019471,150
805,uav_0,3991.6890390566623,4890.851796711237,150
806,uav_0,3972.7655678006518,4907.18849675024,150
807,uav_0,3953.5724590150207,4923.207551269288,150
808,uav_0,3934.1150439954617,4938.90451063402,150
809,uav_0,3914.3987274543724,4954.275014678875,150
810,uav_0,3894.428986019569,4969.314793918229,150
811,uav_0,3874.211366713046,4984.019670732332,150
812,uav_0,3853.751485410171,4998.385560527731,150
813,uav_0,3833.0550252797434,5012.408472871857,150
814,uav_0,3812.127735205393,5026.0845126014465,150
815,uav_0,3790.975428188686,5039.409880904514,150
816,uav_0,3769.6039797344547,5052.380876375541,150
817,uav_0,3748.0193262187363,5064.993896043639,150
818,uav_0,3726.227463239835,5077.245436373331,150
819,uav_0,3704.2344439528956,5089.132094237751,150
820,uav_0,3682.046377388533,5100.650567863918,150
821,uav_0,3659.6694267558973,5111.797657749893,150
822,uav_0,3637.1098077307292,5122.57026755349,150
823,uav_0,3614.373786728807,5132.96540495237,150
824,uav_0,3591.4676791653324,5142.980182475201,150
825,uav_0,3568.3978477006713,5152.611818303739,150
826,uav_0,3545.170700473005,5161.857637045514,150
827,uav_0,3521.7926893183276,5170.715070476993,150
828,uav_0,3498.2703079783014,5179.181658256955,150
829,uav_0,3474.610090296499,5187.255048609901,150
830,uav_0,3450.8186084034705,5194.9329989793105,150
831,uav_0,3426.9024708912125,5202.213376650561,150
832,uav_0,3402.8683209774704,5209.094159343336,150
833,uav_0,3378.722834660464,5215.573435773352,150
834,uav_0,3354.4727188644656,5221.649406183262,150
835,uav_0,3330.1247095768294,5227.320382842576,150
836,uav_0,3305.6855699769067,5232.584790516465,150
837,uav_0,3281.162088557447,5237.4411669033125,150
838,uav_0,3256.561077238933,5241.888163040905,150
839,uav_0,3231.8893694774406,5245.9245436811325,150
840,uav_0,3207.1538183664816,5249.549187633103,150
841,uav_0,3182.361294733429,5252.7610880745815,150
842,uav_0,3157.518685230991,5255.559352831653,150
843,uav_0,3132.6328904242864,5257.943204626546,150
844,uav_0,3107.7108228740844,5259.911981293531,150
845,uav_0,3082.7594052166733,5261.465135962862,150
846,uav_0,3057.785568240971,5262.6022372126745,150
847,uav_0,3032.7962489633273,5263.322969188819,150
848,uav_0,3007.7983887006453,5263.627131692605,150
849,uav_0,2982.7989311422557,5263.514640236403,150
850,uav_0,2957.804820421185,5262.985526067116,150
851,uav_0,2932.822999185249,5262.0399361575,150
852,uav_0,2907.8604066686084,5260.67813316534,150
853,uav_0,2882.9239767642257,5258.900495360488,150
854,uav_0,2858.02063609785,5256.707516519793,150
855,uav_0,2833.1573021039776,5254.0998057899415,150
856,uav_0,2808.3408811044055,5251.07808751826,150
857,uav_0,2783.5782663898444,5247.643201051505,150
858,uav_0,2758.8763363051535,5243.796100502717,150
859,uav_0,2734.241952338751,5239.537854486206,150
860,uav_0,2709.681957216668,5234.869645820702,150
861,uav_0,2685.203173001856,5229.792771200821,150
862,uav_0,2660.812399199195,5224.308640836868,150
863,uav_0,2636.516410866802,5218.4187780631255,150
864,uav_0,2612.3219567340975,5212.124818914714,150
865,uav_0,2588.2357573272197,5205.42851167315,150
866,uav_0,2564.2645031022366,5198.3317163807205,150
867,uav_0,2540.414852586747,5190.83640432382,150
868,uav_0,2516.6934305303153,5182.944657485378,150
869,uav_0,2493.1068260643215,5174.658667966554,150
870,uav_0,2469.6615908716735,5165.980737377822,150
871,uav_0,2446.3642373669527,5156.913276199659,150
872,uav_0,2423.2212368874452,5147.458803112977,150
873,uav_0,2400.23901789558,5137.619944299507,150
874,uav_0,2377.423964193308,5127.399432712324,150
875,uav_0,2354.7824131488405,5116.800107316705,150
876,uav_0,2332.3206539363327,5105.824912301554,150
877,uav_0,2310.0449257889095,5094.476896261579,150
878,uav_0,2287.9614162656067,5082.759211350493,150
879,uav_0,2266.076259532624,5070.675112405424,150
880,uav_0,2244.3955346594485,5058.227956042827,150
881,uav_0,2222.925263930244,5045.421199726096,150
882,uav_0,2201.6714111710544,5032.258400805199,150
883,uav_0,2180.639880093201,5018.74321552853,150
884,uav_0,2159.8365126534227,5004.8793980273185,150
885,uav_0,2139.267087431127,4990.670799272839,150
886,uav_0,2118.9373180232833,4976.121366006717,150
887,uav_0,2098.852851457343,4961.235139644642,150
888,uav_0,2079.01926662265,4946.016255153772,150
889,uav_0,2059.442072720799,4930.468939904167,150
890,uav_0,2040.1267077353214,4914.597512494534,150
891,uav_0,2021.078536921188,4898.406381552661,150
892,uav_0,2002.302851314474,4881.900044510808,150
893,uav_0,1983.8048662626802,4865.083086356465,150
894,uav_0,1965.5897199760423,4847.960178358762,150
895,uav_0,1947.6624721002981,4830.536076770934,150
896,uav_0,1930.0281023112489,4812.815621509162,150
897,uav_0,1912.691508931562,4794.803734808189,150
898,uav_0,1895.6575075701433,4776.5054198540565,150
899,uav_0,1878.9308297845125,4757.925759394377,150
900,uav_0,1862.516121766499,4739.069914326473,150
901,uav_0,1846.4179430516747,4719.943122263845,150
902,uav_0,1830.6407652528394,4700.550696081306,150
903,uav_0,1815.1889708179315,4680.898022439209,150
904,uav_0,1800.0668518127206,4660.990560287203,150
905,uav_0,1785.2786087285808,4640.833839347878,150
906,uav_0,1770.8283493157287,4620.433458580781,150
907,uav_0,1756.7200874421937,4599.795084627167,150
908,uav_0,1742.957741978895,4578.924450235992,150
909,uav_0,1729.5451357110776,4557.827352671495,150
910,uav_0,1716.4859942764647,4536.509652102904,150
911,uav_0,1703.7839451303714,4514.977269976635,150
912,uav_0,1691.4425165381108,4493.236187371497,150
913,uav_0,1679.4651365949346,4471.292443337304,150
914,uav_0,1667.855132273815,4449.152133217414,150
915,uav_0,1656.6157285012978,4426.821406955607,150
916,uav_0,1645.7500472617185,4404.306467387816,150
917,uav_0,1635.2611067300008,4381.613568519152,150
918,uav_0,1625.1518204332913,4358.749013786716,150
919,uav_0,1615.4249964416713,4335.719154308696,150
920,uav_0,1606.0833365881495,4312.530387120194,150
921,uav_0,1597.1294357181755,4289.189153396332,150
922,uav_0,1588.56578096886,4265.701936663054,150
923,uav_0,1580.3947510781272,4242.075260996215,150
924,uav_0,1572.6186157239606,4218.315689209351,150
925,uav_0,1565.23953489396,4194.429821030748,150
926,uav_0,1558.2595582853507,4170.424291270197,150
927,uav_0,1551.6806247356456,4146.3057679760595,150
928,uav_0,1545.5045616840814,4122.080950583052,150
929,uav_0,1539.7330846640182,4097.756568051358,150
930,uav_0,1534.3677968264046,4073.3393769974928,150
931,uav_0,1529.410188494476,4048.836159817526,150
932,uav_0,1524.8616367497802,4024.2537228031224,150
933,uav_0,1520.7234050496654,3999.598894250938,150
934,uav_0,1516.9966428763294,3974.8785225659353,150
935,uav_0,1513.6823854175232,3950.0994743590695,150
936,uav_0,1510.7815532790082,3925.268632539964,150
937,uav_0,1508.2949522288372,3900.3928944050117,150
938,uav_0,1506.2232729735358,3875.4791697215273,150
939,uav_0,1504.5670909662424,3850.53437880839,150
940,uav_0,1503.3268662468658,3825.565450613797,150
941,uav_0,1502.5029433142977,3800.579320790581,150
942,uav_0,1502.0955510307213,3775.5829297697037,150
943,uav_0,1502.1048025580405,3750.5832208323845,150
944,uav_0,1502.5306953264462,3725.587138181475,150
945,uav_0,1503.37311103513,3700.6016250125367,150
946,uav_0,1504.631815685145,3675.6336215852407,150
947,uav_0,1506.3064596444044,3650.690063295554,150
948,uav_0,1508.3965777447982,3625.7778787492753,150
949,uav_0,1510.9015894114048,3600.903987837489,150
950,uav_0,1513.8207988237573,3576.075299814392,150
951,uav_0,1517.1533951091224,3551.298711378127,150
952,uav_0,1520.898452567739,3526.581104755052,150
953,uav_0,1525.0549309299483,3501.929345788078,150
954,uav_0,1529.6216756451545,3477.350282029514,150
955,uav_0,1534.597418202522,3452.8507408390324,150
956,uav_0,1539.9807764833354,3428.4375274872054,150
957,uav_0,1545.7702551449086,3404.1174232652147,150
958,uav_0,1551.9642460359514,3379.8971836011838,150
959,uav_0,1558.5610286432648,3355.7835361837324,150
960,uav_0,1565.5587705696541,3331.7831790932,150
961,uav_0,1572.9555280429115,3307.9027789411275,150
962,uav_0,1580.7492464557465,3284.1489690184435,150
963,uav_0,1588.9377609364883,3260.528347452956,150
964,uav_0,1597.5187969504343,3237.0474753765475,150
965,uav_0,1606.4899709316458,3213.712875102702,150
966,uav_0,1615.8487909450366,3190.531028314784,150
967,uav_0,1625.5926573785541,3167.5083742656293,150
968,uav_0,1635.7188636652875,3144.6513079888778,150
969,uav_0,1646.2245970352694,3121.9661785226363,150
970,uav_0,1657.1069392967838,3099.4592871458863,150
971,uav_0,1668.362867646949,3077.13688562819,150
972,uav_0,1679.989255511379,3055.005174493099,150
973,uav_0,1691.9828734126463,3033.070301295843,150
974,uav_0,1704.3403898673448,3011.3383589157097,150
975,uav_0,1717.0583723114676,2989.8153838636335,150
976,uav_0,1730.1332880538926,2968.507354605399,150
977,uav_0,1743.5615052576547,2947.4201899010077,150
978,uav_0,1757.3392939487576,2926.559747160629,150
979,uav_0,1771.4628270522687,2905.931820817554,150
980,uav_0,1785.9281814553626,2885.542140718686,150
981,uav_0,1800.731339097054,2865.396370532942,150
982,uav_0,1815.8681880842864,2845.5001061780686,150
983,uav_0,1831.3345238341183,2825.8588742662264,150
984,uav_0,1847.1260502416235,2806.4781305688766,150
985,uav_0,1863.2383808732309,2787.363258501313,150
986,uav_0,1879.6670401851381,2768.5195676273206,150
987,uav_0,1896.4074647665093,2749.9522921843077,150
988,uav_0,1913.4550046070453,2731.666589629398,150
989,uav_0,1930.8049243886323,2713.6675392068323,150
990,uav_0,1948.4524048006608,2695.960140537113,150
991,uav_0,1966.3925438787148,2678.5493122282314,150
992,uav_0,1984.6203583661875,2661.439890509428,150
993,uav_0,2003.130785098473,2644.6366278878427,150
994,uav_0,2021.918682409394,2628.1441918283763,150
995,uav_0,2040.978831559392,2611.9671634572214,150
996,uav_0,2060.305938185152,2596.1100362893503,150
997,uav_0,2079.89463377021,2580.5772149803533,150
998,uav_0,2099.739477136196,2565.373014102938,150
999,uav_0,2119.8349559542207,2550.501656948475,150
1000,uav_0,2140.175488276053,2535.9672743538804,150
1,uav_1,5012.034621939628,7078.805317683335,150
2,uav_1,5011.409694274777,7103.797216329797,150
3,uav_1,5010.368341042924,7128.775228980685,150
4,uav_1,5008.910851502158,7153.732417459757,150
5,uav_1,5007.037630501314,7178.661849375132,150
6,uav_1,5004.749198367514,7203.556600044909,150
7,uav_1,5002.0461907616345,7228.409754420641,150
8,uav_1,4998.929358501744,7253.214409008138,150
9,uav_1,4995.399567354538,7277.963673785066,150
10,uav_1,4991.457797794863,7302.65067411479,150
11,uav_1,4987.105144733359,7327.268552655954,150
12,uav_1,4982.342817212337,7351.810471267259,150
13,uav_1,4977.172138069929,7376.269612906892,150
14,uav_1,4971.594543572651,7400.639183526115,150
15,uav_1,4965.611583016442,7424.912413956452,150
16,uav_1,4959.2249182963205,7449.08256178997,150
17,uav_1,4952.436323444754,7473.14291325213,150
18,uav_1,4945.247684138883,7497.086785066676,150
19,uav_1,4937.660997176738,7520.907526312066,150
20,uav_1,4929.678369922582,7544.598520268895,150
21,uav_1,4921.302019721543,7568.153186257844,150
22,uav_1,4912.534273283709,7591.564981467593,150
23,uav_1,4903.377566037825,7614.827402772232,150
24,uav_1,4893.834441454803,7637.933988537643,150
25,uav_1,4883.9075503412205,7660.878320416354,150
26,uav_1,4873.599650103002,7683.654025130376,150
27,uav_1,4862.91360397949,7706.254776241512,150
28,uav_1,4851.852380248119,7728.674295908667,150
29,uav_1,4840.419051399912,7750.906356631644,150
30,uav_1,4828.6167932860335,7772.9447829809715,150
31,uav_1,4816.448884235628,7794.783453313261,150
32,uav_1,4803.9187041451905,7816.416301471619,150
33,uav_1,4791.029733539734,7837.837318470656,150
34,uav_1,4777.785552605994,7859.040554165609,150
35,uav_1,4764.189840197961,7880.020118905122,150
36,uav_1,4750.246372814992,7900.77018516722,150
37,uav_1,4735.959023552818,7921.2849891780315,150
38,uav_1,4721.331761027698,7941.5588325127965,150
39,uav_1,4706.368648274059,7961.586083678726,150
40,uav_1,4691.0738416158965,7981.361179679273,150
41,uav_1,4675.451589512272,8000.878627559367,150
42,uav_1,4659.506231377208,8020.133005931204,150
43,uav_1,4643.242196374323,8039.118966480154,150
44,uav_1,4626.6640021865405,8057.831235450367,150
45,uav_1,4609.776253761206,8076.264615109669,150
46,uav_1,4592.58364203096,8094.413985193348,150
47,uav_1,4575.090942610734,8112.2743043264145,150
48,uav_1,4557.303014471223,8129.8406114239515,150
49,uav_1,4539.224798589201,8147.10802706916,150
50,uav_1,4520.861316575059,8164.071754868723,150
51,uav_1,4502.2176692779485,8180.727082785106,150
52,uav_1,4483.299035368904,8197.069384445427,150
53,uav_1,4464.110669902366,8213.094120426525,150
54,uav_1,4444.657902856471,8228.796839515893,150
55,uav_1,4424.946137652542,8244.17317994808,150
56,uav_1,4404.980849654166,8259.218870616283,150
57,uav_1,4384.7675846463,8273.929732258728,150
58,uav_1,4364.311957294808,8288.301678619546,150
59,uav_1,4343.619649586869,8302.330717583827,150
60,uav_1,4322.696409252684,8316.012952286512,150
61,uav_1,4301.548048168923,8329.344582194823,150
62,uav_1,4280.180440744345,8342.321904163955,150
63,uav_1,4258.599522288066,8354.941313465693,150
64,uav_1,4236.81128736089,8367.199304789705,150
65,uav_1,4214.8217881102,8379.092473217223,150
66,uav_1,4192.637132588841,8390.617515166821,150
67,uav_1,4170.263483058477,8401.771229312062,150
68,uav_1,4147.707054277892,8412.55051747074,150
69,uav_1,4124.974111776711,8422.952385465449,150
70,uav_1,4102.070970115012,8432.9739439553,150
71,uav_1,4079.0039911293225,8442.612409238483,150
72,uav_1,4055.7795821654854,8451.865104025506,150
73,uav_1,4032.40419429888,8460.729458182868,150
74,uav_1,4008.8843205424996,8469.203009446966,150
75,uav_1,3985.226494043378,8477.283404108046,150
76,uav_1,3961.4372862678665,8484.968397663992,150
77,uav_1,3937.523305176273,8492.255855443786,150
78,uav_1,3913.491193387356,8499.143753200457,150
79,uav_1,3889.3476263331977,8505.630177673364,150
80,uav_1,3865.099310404959,8511.713327119636,150
81,uav_1,3840.752981090037,8517.391511814656,150
82,uav_1,3816.31540110114,8522.663154521406,150
83,uav_1,3791.793358497798,8527.526790928587,150
84,uav_1,3767.1936648008364,8531.981070057358,150
85,uav_1,3742.5231531003274,8536.024754636603,150
86,uav_1,3717.788676157558,8539.656721446605,150
87,uav_1,3692.997104501525,8542.875961631049,150
88,uav_1,3668.1553245205014,8545.681580977252,150
89,uav_1,3643.270236549194,8548.072800164544,150
90,uav_1,3618.3487529520294,8550.048954980748,150
91,uav_1,3593.3977962030945,8551.60949650668,150
92,uav_1,3568.4242969632746,8552.753991268615,150
93,uav_1,3543.4351921551133,8553.482121358702,150
94,uav_1,3518.437423035933,8553.793684523263,150
95,uav_1,3493.4379332697536,8553.68859421898,150
96,uav_1,3468.4436669985416,8553.166879636925,150
97,uav_1,3443.461566913327,8552.228685694463,150
98,uav_1,3418.4985723257205,8550.87427299499,150
99,uav_1,3393.561617240374,8549.104017755546,150
100,uav_1,3368.6576284289113,8546.918411702314,150
101,uav_1,3343.793523505871,8544.318061934036,150
102,uav_1,3318.976209007188,8541.30369075337,150
103,uav_1,3294.21257847176,8537.876135466262,150
104,uav_1,3269.509510526617,8534.036348149362,150
105,uav_1,3244.8738669762365,8529.785395385572,150
106,uav_1,3220.3124908965324,8525.124457967768,150
107,uav_1,3195.8322047340407,8520.05483057082,150
108,uav_1,3171.4398084108443,8514.57792139196,150
109,uav_1,3147.1420774357453,8508.695251759635,150
110,uav_1,3122.9457610222253,8502.408455710916,150
111,uav_1,3098.8575802137057,8495.719279537618,150
112,uav_1,3074.8842260166357,8488.629581301217,150
113,uav_1,3051.032357541923,8481.141330316752,150
114,uav_1,3027.3086001552197,8473.256606605788,150
115,uav_1,3003.7195436365905,8464.977600318662,150
116,uav_1,2980.2717403500583,8456.306611126103,150
117,uav_1,2956.9717034235446,8447.246047580471,150
118,uav_1,2933.8259049397097,8437.79842644671,150
119,uav_1,2910.8407741381943,8427.966372003279,150
120,uav_1,2888.022695629761,8417.75261531319,150
121,uav_1,2865.3780076228313,8407.159993465404,150
122,uav_1,2842.913000162913,8396.191448786773,150
123,uav_1,2820.633913385406,8384.85002802473,150
124,uav_1,2798.5469357822717,8373.13888150101,150
125,uav_1,2776.6582024830495,8361.061262236566,150
126,uav_1,2754.9737935506882,8348.620525047978,150
127,uav_1,2733.499732292684,8335.820125615584,150
128,uav_1,2712.2419835879746,8322.663619523586,150
129,uav_1,2691.2064522300684,8309.154661272414,150
130,uav_1,2670.3989812868626,8295.297003263608,150
131,uav_1,2649.8253504776058,8281.094494757512,150
132,uav_1,2629.491274567456,8266.551080804053,150
133,uav_1,2609.402401780086,8251.670801146927,150
134,uav_1,2589.564312228765,8236.457789101474,150
135,uav_1,2569.9825163663663,8220.91627040655,150
136,uav_1,2550.6624534547177,8205.050562050748,150
137,uav_1,2531.6094900537337,8188.865071073267,150
138,uav_1,2512.828918530739,8172.364293339748,150
139,uav_1,2494.325955590396,8155.552812293459,150
140,uav_1,2476.10574082566,8138.435297682154,150
141,uav_1,2458.1733352901438,8121.016504260933,150
142,uav_1,2440.5337200923013,8103.301270471525,150
143,uav_1,2423.1917950118213,8085.294517098293,150
144,uav_1,2406.1523771386064,8067.001245901393,150
145,uav_1,2389.4201995347253,8048.426538227421,150
146,uav_1,2372.999909919702,8029.5755535979615,150
147,uav_1,2356.8960693795134,8010.453528276423,150
148,uav_1,2341.113151099653,7991.065773813551,150
149,uav_1,2325.655539122602,7971.417675572034,150
150,uav_1,2310.5275271300743,7951.514691230602,150
151,uav_1,2295.7333172503495,7931.362349268041,150
152,uav_1,2281.2770188910454,7910.966247427538,150
153,uav_1,2267.162647597642,7890.332051161793,150
154,uav_1,2253.3941239380756,7869.465492059311,150
155,uav_1,2239.975272413722,7848.37236625234,150
156,uav_1,2226.909820397054,7827.058532806864,150
157,uav_1,2214.201397096288,7805.529912095124,150
158,uav_1,2201.8535325472926,7783.792484151115,150
159,uav_1,2189.869656633046,7761.852287009491,150
160,uav_1,2178.253098130913,7739.715415028385,150
161,uav_1,2167.007083788005,7717.388017196563,150
162,uav_1,2156.134737424883,7694.876295425412,150
163,uav_1,2145.639079067851,7672.186502826231,150
164,uav_1,2135.523024110076,7649.324941973292,150
165,uav_1,2125.7893825017795,7626.297963153164,150
166,uav_1,2116.4408579697083,7603.111962600792,150
167,uav_1,2107.4800472661223,7579.773380722798,150
168,uav_1,2098.909439447488,7556.288700308525,150
169,uav_1,2090.7314151830897,7532.664444729305,150
170,uav_1,2082.9482460937506,7508.907176126451,150
171,uav_1,2075.562094120839,7485.023493588484,150
172,uav_1,2068.5750109257433,7461.020031318091,150
173,uav_1,2061.9889373199794,7436.9034567893395,150
174,uav_1,2055.8057027260893,7412.680468895641,150
175,uav_1,2050.02702466948,7388.357796088989,150
176,uav_1,2044.6545083013439,7363.9421945109925,150
177,uav_1,2039.6896459527936,7339.440446116208,150
178,uav_1,2035.1338167203355,7314.859356788311,150
179,uav_1,2030.9882860827956,7290.205754449615,150
180,uav_1,2027.2542055498068,7265.486487164468,150
181,uav_1,2023.9326123419507,7240.708421237062,150
182,uav_1,2021.0244291026502,7215.878439304164,150
183,uav_1,2018.530463641883,7191.003438423323,150
184,uav_1,2016.4514087117966,7166.090328157058,150
185,uav_1,2014.787841814281,7141.146028653588,150
186,uav_1,2013.5402250405557,7116.1774687246025,150
187,uav_1,2012.708904942813,7091.1915839206495,150
188,uav_1,2012.2941124379577,7066.1953146046235,150
189,uav_1,2012.2959627434618,7041.195604023944,150
190,uav_1,2012.7144553453645,7016.199396381913,150
191,uav_1,2013.5494739984113,6991.213634908818,150
192,uav_1,2014.800786758345,6966.245259933297,150
193,uav_1,2016.4680460463348,6941.301206954521,150
194,uav_1,2018.5507887455205,6916.388404715705,150
195,uav_1,2021.0484363296555,6891.513773279505,150
196,uav_1,2023.960295023804,6866.684222105819,150
197,uav_1,2027.2855559970521,6841.9066481325435,150
198,uav_1,2031.0232955871775,6817.187933859795,150
199,uav_1,2035.1724755572166,6792.534945438153,150
200,uav_1,2039.7319433838563,6767.954530761439,150
201,uav_1,2044.7004325775736,6743.453517564568,150
202,uav_1,2050.0765630344285,6719.038711526996,150
203,uav_1,2055.858841419419,6694.7168943823035,150
204,uav_1,2062.045661581283,6670.49482203442,150
205,uav_1,2068.6353049986474,6646.379222681027,150
206,uav_1,2075.6259412573772,6622.376794944661,150
207,uav_1,2083.015628559018,6598.494206012023,150
208,uav_1,2090.802314260167,6574.738089782031,150
209,uav_1,2098.9838354426433,6551.115045023109,150
210,uav_1,2107.55791951428,6527.631633540237,150
211,uav_1,2116.5221848401898,6504.294378352275,150
212,uav_1,2125.8741414043097,6481.10976188005,150
213,uav_1,2135.6111915010606,6458.084224145728,150
214,uav_1,2145.7306304569147,6435.224160983957,150
215,uav_1,2156.229647381673,6412.535922265295,150
216,uav_1,2167.1053259492546,6390.025810132389,150
217,uav_1,2178.354645207765,6367.700077249424,150
218,uav_1,2189.974480418632,6345.564925065315,150
219,uav_1,2201.961603924568,6323.626502091118,150
220,uav_1,2214.3126860461207,6301.89090219215,150
221,uav_1,2227.0242960065625,6280.36416289529,150
222,uav_1,2240.0929028848627,6259.052263711927,150
223,uav_1,2253.5148765964736,6237.961124477021,150
224,uav_1,2267.286488901668,6217.096603704744,150
225,uav_1,2281.4039144411336,6196.464496961152,150
226,uav_1,2295.863231798552,6176.070535254342,150
227,uav_1,2310.6604245898525,6155.920383442545,150
228,uav_1,2325.7913825788496,6136.0196386605885,150
229,uav_1,2341.25190281895,6116.373828765172,150
230,uav_1,2357.037690820607,6096.988410799389,150
231,uav_1,2373.144361744213,6077.868769476916,150
232,uav_1,2389.5674416180764,6059.0202156862915,150
233,uav_1,2406.3023685811663,6040.447985015707,150
234,uav_1,2423.344494150265,6022.157236298706,150
235,uav_1,2440.689084511182,6004.153050181214,150
236,uav_1,2458.331321833678,5986.440427710272,150
237,uav_1,2476.2663056097135,5969.024288944899,150
238,uav_1,2494.489054014671,5951.9094715894325,150
239,uav_1,2512.9945052911667,5935.100729649756,150
240,uav_1,2531.777519155057,5918.602732112775,150
241,uav_1,2550.8328782232657,5902.420061649498,150
242,uav_1,2570.155289463022,5886.557213342114,150
243,uav_1,2589.739385662113,5871.018593435375,150
244,uav_1,2609.579726919742,5855.808518112675,150
245,uav_1,2629.6708021575773,5840.931212297139,150
246,uav_1,2650.0070306505713,5826.390808478051,150
247,uav_1,2670.5827635771257,5812.191345562982,150
248,uav_1,2691.392285588176,5798.33676775588,150
249,uav_1,2712.4298163947433,5784.830923461497,150
250,uav_1,2733.689512373542,5771.6775642164075,150
251,uav_1,2755.1654681901673,5758.880343646934,150
252,uav_1,2776.851718439426,5746.442816454285,150
253,uav_1,2798.7422393023576,5734.368437427151,150
254,uav_1,2820.8309502194784,5722.660560482066,150
255,uav_1,2843.1117155797856,5711.322437731792,150
256,uav_1,2865.5783464250558,5700.357218581965,150
257,uav_1,2888.224602168958,5689.767948856288,150
258,uav_1,2911.0441923305116,5679.557569950484,150
259,uav_1,2934.030778281402,5669.728918015266,150
260,uav_1,2957.1779750066676,5660.284723168525,150
261,uav_1,2980.479352878277,5651.227608736994,150
262,uav_1,3003.9284394410925,5642.560090527556,150
263,uav_1,3027.518721210737,5634.284576128426,150
264,uav_1,3051.2436454828457,5626.403364240393,150
265,uav_1,3075.0966221532285,5618.918644038305,150
266,uav_1,3099.0710255484064,5611.83249456298,150
267,uav_1,3123.1601962660357,5605.146884143709,150
268,uav_1,3147.357443024699,5598.863669851508,150
269,uav_1,3171.6560445225514,5592.984596983281,150
270,uav_1,3196.0492513043055,5587.511298577021,150
271,uav_1,3220.5302876360356,5582.445294958205,150
272,uav_1,3245.0923533872847,5577.787993317484,150
273,uav_1,3269.728625919945,5573.540687319813,150
274,uav_1,3294.43226198339,5569.704556745102,150
275,uav_1,3319.196399615335,5566.280667160513,150
276,uav_1,3344.0141600478923,5563.269969624471,150
277,uav_1,3368.8786496182984,5560.673300422486,150
278,uav_1,3393.782961683774,5558.491380834863,150
279,uav_1,3418.7201785399875,5556.724816936348,150
280,uav_1,3443.683373342604,5555.374099427774,150
281,uav_1,3468.6656120313587,5554.439603499766,150
282,uav_1,3493.659955256139,5553.921588728515,150
283,uav_1,3518.6594603045405,5553.820199003685,150
284,uav_1,3543.657183030352,5554.135462488434,150
285,uav_1,3568.6461797824395,5554.8672916116,150
286,uav_1,3593.619509333496,5556.015483092021,150
287,uav_1,3618.5702348081118,5557.579717995002,150
288,uav_1,3643.4914256096445,5559.559561820906,150
289,uav_1,3668.376159345336,5561.954464625845,150
290,uav_1,3693.217523749157,5564.763761174438,150
291,uav_1,3718.0086186018357,5567.986671124598,150
292,uav_1,3742.742557647542,5571.622299244282,150
293,uav_1,3767.4124705066924,5575.66963566017,150
294,uav_1,3792.0115045843386,5580.127556138168,150
295,uav_1,3816.532826973632,5584.994822395699,150
296,uav_1,3840.969626353803,5590.270082445652,150
297,uav_1,3865.3151148821516,5595.951870971936,150
298,uav_1,3889.562530079517,5602.038609736492,150
299,uav_1,3913.705136708699,5608.528608017689,150
300,uav_1,3937.7362286453144,5615.42006307996,150
301,uav_1,3961.6491307405677,5622.711060674541,150
302,uav_1,3985.437200675414,5630.399575571206,150
303,uav_1,4009.093830805605,5638.483472120807,150
304,uav_1,4032.6124499971074,5646.960504848506,150
305,uav_1,4055.986525451368,5655.828319077496,150
306,uav_1,4079.209564519945,5665.084451583069,150
307,uav_1,4102.275116507977,5674.726331276819,150
308,uav_1,4125.176774466001,5684.7512799208325,150
309,uav_1,4147.908176969617,5695.15651287161,150
310,uav_1,4170.463009886516,5705.939139853573,150
311,uav_1,4192.835008130359,5717.09616576189,150
312,uav_1,4215.017957401041,5728.624491494437,150
313,uav_1,4237.005695910844,5740.52091481264,150
314,uav_1,4258.792116096009,5752.782131230957,150
315,uav_1,4280.371166313236,5765.404734934779,150
316,uav_1,4301.736852520662,5778.385219726463,150
317,uav_1,4322.883239942835,5791.719979999253,150
318,uav_1,4343.804454719216,5805.405311738816,150
319,uav_1,4364.494685535781,5819.4374135521075,150
320,uav_1,4384.948185239231,5833.812387723297,150
321,uav_1,4405.159272433384,5848.526241296433,150
322,uav_1,4425.122333057311,5863.574887184578,150
323,uav_1,4444.8318219447565,5878.954145305082,150
324,uav_1,4464.282264364427,5894.659743740686,150
325,uav_1,4483.468257540716,5910.687319926147,150
326,uav_1,4502.384472154441,5927.032421860024,150
327,uav_1,4521.025653823173,5943.690509341326,150
328,uav_1,4539.386624560757,5960.656955230638,150
329,uav_1,4557.462284215602,5977.927046735421,150
330,uav_1,4575.247611887365,5995.495986719079,150
331,uav_1,4592.737667321607,6013.358895033475,150
332,uav_1,4609.927592282056,6031.51080987449,150
333,uav_1,4626.81261190009,6049.946689160274,150
334,uav_1,4643.388036001049,6068.66141193179,150
335,uav_1,4659.649260407043,6087.649779775269,150
336,uav_1,4675.591768215849,6106.906518266184,150
337,uav_1,4691.211131055588,6126.426278434331,150
338,uav_1,4706.503010314793,6146.203638249618,150
339,uav_1,4721.463158347548,6166.233104128153,150
340,uav_1,4736.087419653374,6186.509112458204,150
341,uav_1,4750.371732031497,6207.026031145609,150
342,uav_1,4764.312127709214,6227.778161178211,150
343,uav_1,4777.904734444031,6248.759738208882,150
344,uav_1,4791.145776599254,6269.964934156691,150
345,uav_1,4804.031576192756,6291.387858825779,150
346,uav_1,4816.558553918619,6313.022561541488,150
347,uav_1,4828.723230141354,6334.863032803285,150
348,uav_1,4840.5222258624535,6356.903205954031,150
349,uav_1,4851.952263658972,6379.136958865124,150
350,uav_1,4863.010168593904,6401.558115637052,150
351,uav_1,4873.692869098095,6424.160448314878,150
352,uav_1,4883.997397823425,6446.937678618191,150
353,uav_1,4893.920892467065,6469.883479685033,150
354,uav_1,4903.460596566529,6492.991477829313,150
355,uav_1,4912.613860265354,6516.2552543112415,150
356,uav_1,4921.378141049145,6539.668347120271,150
357,uav_1,4929.751004451816,6563.224252770056,150
358,uav_1,4937.7301247318155,6586.916428104935,150
359,uav_1,4945.313285518148,6610.738292117434,150
360,uav_1,4952.498380426024,6634.683227776279,150
361,uav_1,4959.283413641944,6658.744583864417,150
362,uav_1,4965.666500478087,6682.915676826541,150
363,uav_1,4971.645867895821,6707.189792625579,150
364,uav_1,4977.219854998199,6731.560188607669,150
365,uav_1,4982.386913491309,6756.020095375074,150
366,uav_1,4987.1456081143515,6780.562718666523,150
367,uav_1,4991.494617038306,6805.181241244467,150
368,uav_1,4995.432732233105,6829.868824788709,150
369,uav_1,4998.958859803179,6854.618611795892,150
370,uav_1,5002.072020291322,6879.423727484323,150
371,uav_1,5004.771348950749,6904.277281703584,150
372,uav_1,5007.056095985301,6929.172370848422,150
373,uav_1,5008.925626757715,6954.102079776373,150
374,uav_1,5010.379421965907,6979.059483728588,150
375,uav_1,5011.417077787224,7004.037650253332,150
376,uav_1,5012.038305990609,7029.029641131625,150
377,uav_1,5012.242934016668,7054.028514304477,150
378,uav_1,5012.030905025597,7079.027325801192,150
379,uav_1,5011.402277912976,7104.0191316682085,150
380,uav_1,5010.357227293404,7128.996989897926,150
381,uav_1,5008.896043452001,7153.953962357,150
382,uav_1,5007.019132263771,7178.883116713554,150
383,uav_1,5004.727015080866,7203.7775283627825,150
384,uav_1,5002.020328587763,7228.6302823504075,150
385,uav_1,4998.89982462442,7253.4344752934585,150
386,uav_1,4995.366369977427,7278.183217297832,150
387,uav_1,4991.420946139244,7302.869633872103,150
388,uav_1,4987.0646490355675,7327.4868678370685,150
389,uav_1,4982.298688720916,7352.028081230472,150
390,uav_1,4977.12438904251,7376.486457206391,150
391,uav_1,4971.543187272545,7400.855201928765,150
392,uav_1,4965.5566337089585,7425.1275464585315,150
393,uav_1,4959.166391244802,7449.296748633835,150
394,uav_1,4952.374234906339,7473.35609494281,150
395,uav_1,4945.182051359989,7497.298902388408,150
396,uav_1,4937.591838388269,7521.118520344734,150
397,uav_1,4929.605704334867,7544.808332404404,150
398,uav_1,4921.225867519002,7568.361758216393,150
399,uav_1,4912.454655619243,7591.772255313867,150
400,uav_1,4903.294505026937,7615.033320931497,150
401,uav_1,4893.747960169464,7638.1384938117335,150
402,uav_1,4883.817672803454,7661.081355999565,150
403,uav_1,4873.506401278212,7683.855534625239,150
404,uav_1,4862.817009769529,7706.454703674463,150
405,uav_1,4851.75246748409,7728.872585745594,150
406,uav_1,4840.315847834719,7751.102953793311,150
407,uav_1,4828.5103275866695,7773.139632858321,150
408,uav_1,4816.339185975213,7794.976501782579,150
409,uav_1,4803.8058037947585,7816.607494909573,150
410,uav_1,4790.913662459768,7838.026603769186,150
411,uav_1,4777.666343037714,7859.227878746684,150
412,uav_1,4764.06752525437,7880.205430735339,150
413,uav_1,4750.120986471676,7900.953432772264,150
414,uav_1,4735.83060063851,7921.4661216569675,150
415,uav_1,4721.200337214605,7941.737799552211,150
416,uav_1,4706.23426006795,7961.762835566704,150
417,uav_1,4690.936526345967,7981.535667319203,150
418,uav_1,4675.311385320767,8001.050802483583,150
419,uav_1,4659.363177208835,8020.302820314445,150
420,uav_1,4643.096331965432,8039.2863731528505,150
421,uav_1,4626.515368054085,8057.996187911741,150
422,uav_1,4609.624891191489,8076.427067540653,150
423,uav_1,4592.429593068166,8094.573892469312,150
424,uav_1,4574.934250045251,8112.4316220297,150
425,uav_1,4557.143721827758,8129.995295856206,150
426,uav_1,4539.062950114685,8147.260035263481,150
427,uav_1,4520.696957226361,8164.22104460159,150
428,uav_1,4502.050844709384,8180.87361258811,150
429,uav_1,4483.12979191956,8197.213113616785,150
430,uav_1,4463.939054583224,8213.235009042392,150
431,uav_1,4444.48396333735,8228.934848441446,150
432,uav_1,4424.769922248856,8244.308270848396,150
433,uav_1,4404.802407313506,8259.351005966982,150
434,uav_1,4384.586964934834,8274.058875356393,150
435,uav_1,4364.129210383517,8288.427793591925,150
436,uav_1,4343.43482623761,8302.453769399795,150
437,uav_1,4322.509560804087,8316.132906765799,150
438,uav_1,4301.359226522132,8329.461406017514,150
439,uav_1,4279.989698348606,8342.435564879737,150
440,uav_1,4258.40691212615,8355.051779502875,150
441,uav_1,4236.616862934381,8367.306545463991,150
442,uav_1,4214.625603424634,8379.196458740222,150
443,uav_1,4192.439242138701,8390.718216654337,150
444,uav_1,4170.063941812061,8401.868618792108,150
445,uav_1,4147.505917662041,8412.644567891304,150
446,uav_1,4124.771435661413,8423.043070702024,150
447,uav_1,4101.866810797886,8433.061238818123,150
448,uav_1,4078.798405319977,8442.696289479543,150
449,uav_1,4055.5726269697675,8451.945546345276,150
450,uav_1,4032.1959272030135,8460.806440236775,150
451,uav_1,4008.6747993971167,8469.276509851603,150
452,uav_1,3985.0157770474484,8477.353402447105,150
453,uav_1,3961.2254319525355,8485.03487449394,150
454,uav_1,3937.310372388599,8492.318792299264,150
455,uav_1,3913.277241273966,8499.20313259941,150
456,uav_1,3889.1327143238586,8505.685983121897,150
457,uav_1,3864.8834981960695,8511.765543116595,150
458,uav_1,3840.5363286280444,8517.440123855933,150
459,uav_1,3816.0979685658913,8522.708149103968,150
460,uav_1,3791.575206285822,8527.568155554227,150
461,uav_1,3766.9748535085664,8532.01879323617,150
462,uav_1,3742.3037435072715,8536.058825890168,150
463,uav_1,3717.568729209414,8539.687131310906,150
464,uav_1,3692.7766812932537,8542.902701659097,150
465,uav_1,3667.934486279354,8545.704643741432,150
466,uav_1,3643.0490446177073,8548.092179258681,150
467,uav_1,3618.1272687709834,8550.064645021886,150
468,uav_1,3593.1760812944494,8551.621493136574,150
469,uav_1,3568.2024129130796,8552.762291154946,150
470,uav_1,3543.2132005963995,8553.486722196,150
471,uav_1,3518.2153856315945,8553.794585033545,150
472,uav_1,3493.21591169542,8553.68579415211,150
473,uav_1,3468.2217229254434,8553.160379770683,150
474,uav_1,3443.2397619911694,8552.218487834325,150
475,uav_1,3418.2769681655564,8550.860379973628,150
476,uav_1,3393.340275397489,8549.086433432047,150
477,uav_1,3368.4366103857283,8546.897140961097,150
478,uav_1,3343.5728906548684,8544.293110683502,150
479,uav_1,3318.7560226338514,8541.275065924263,150
480,uav_1,3293.9928997375546,8537.84384500974,150
481,uav_1,3269.2904004519996,8534.00040103479,150
482,uav_1,3244.6553864237108,8529.745801598025,150
483,uav_1,3220.0947005537328,8525.081228505267,150
484,uav_1,3195.6151650968873,8520.00797744127,150
485,uav_1,3171.2235797667267,8514.52745760982,150
486,uav_1,3146.9267198467883,8508.641191342296,150
487,uav_1,3122.7313343085934,8502.350813674815,150
488,uav_1,3098.6441439369996,8495.658071894059,150
489,uav_1,3074.671839463335,8488.56482505193,150
490,uav_1,3050.8210797069287,8481.073043449169,150
491,uav_1,3027.098489725459,8473.184808088045,150
492,uav_1,3003.510658974723,8464.902310094327,150
493,uav_1,2980.064139478255,8456.227850108646,150
494,uav_1,2956.7654440073825,8447.163837647444,150
495,uav_1,2933.621044272142,8437.712790433678,150
496,uav_1,2910.6373691236454,8427.87733369747,150
497,uav_1,2887.820802768318,8417.660199446897,150
498,uav_1,2865.177682994544,8407.064225709108,150
499,uav_1,2842.714299412225,8396.092355742008,150
500,uav_1,2820.436891705691,8384.74763721671,150
501,uav_1,2798.35164790051,8373.033221370964,150
502,uav_1,2776.464702644617,8360.952362133852,150
503,uav_1,2754.7821355042975,8348.508415221924,150
504,uav_1,2733.3099692754467,8335.704837207088,150
505,uav_1,2712.0541683106217,8322.545184556466,150
506,uav_1,2691.0206368623008,8309.033112644507,150
507,uav_1,2670.2152174428675,8295.172374737644,150
508,uav_1,2649.643689201712,8280.96682095172,150
509,uav_1,2629.3117663199628,8266.420397182563,150
510,uav_1,2609.2250964232394,8251.537144009902,150
511,uav_1,2589.389259012913,8236.321195575036,150
512,uav_1,2569.809763916278,8220.776778432468,150
513,uav_1,2550.492049756072,8204.908210375897,150
514,uav_1,2531.441482439798,8188.719899238864,150
515,uav_1,2512.6633536692125,8172.216341670366,150
516,uav_1,2494.162879470456,8155.402121885837,150
517,uav_1,2475.9451987451785,8138.281910393765,150
518,uav_1,2458.015371843112,8120.860462698375,150
519,uav_1,2440.378379156437,8103.142617978669,150
520,uav_1,2423.039119736387,8085.13329774426,150
521,uav_1,2406.002409932418,8066.837504468297,150
522,uav_1,2389.272982054377,8048.260320197942,150
523,uav_1,2372.85548305799,8029.406905142704,150
524,uav_1,2356.7544732540846,8010.282496241098,150
525,uav_1,2340.974425041851,7990.892405705956,150
526,uav_1,2325.519721666552,7971.242019548861,150
527,uav_1,2310.394656001974,7951.336796084064,150
528,uav_1,2295.6034293579905,7931.182264412309,150
529,uav_1,2281.150150313565,7910.78402288503,150
530,uav_1,2267.0388335754933,7890.147737549261,150
531,uav_1,2253.273398863249,7869.2791405738,150
532,uav_1,2239.8576698201823,7848.1840286569495,150
533,uav_1,2226.795372951434,7826.868261416384,150
534,uav_1,2214.0901365888067,7805.337759761494,150
535,uav_1,2201.745489882933,7783.598504248748,150
536,uav_1,2189.7648618229623,7761.656533420445,150
537,uav_1,2178.151580284103,7739.517942127401,150
538,uav_1,2166.9088711032164,7717.188879835951,150
539,uav_1,2156.0398571827873,7694.675548919829,150
540,uav_1,2145.5475576234594,7671.984202937302,150
541,uav_1,2135.434886885424,7649.1211448941285,150
542,uav_1,2125.7046539788626,7626.092725492759,150
543,uav_1,2116.359561683682,7602.905341368283,150
544,uav_1,2107.4022057987668,7579.565433311647,150
545,uav_1,2098.835074420931,7556.079484480562,150
546,uav_1,2090.6605472538067,7532.454018598695,150
547,uav_1,2082.880894946821,7508.695598143542,150
548,uav_1,2075.498278464482,7484.810822523579,150
549,uav_1,2068.514748486119,7460.806326245116,150
550,uav_1,2061.9322448362673,7436.688777069444,150
551,uav_1,2055.7525959458367,7412.464874160696,150
552,uav_1,2049.97751834423,7388.141346225038,150
553,uav_1,2044.6086161825338,7363.724949641603,150
554,uav_1,2039.64738078794,7339.222466585784,150
555,uav_1,2035.0951902494894,7314.640703145317,150
556,uav_1,2030.953309035284,7289.986487429768,150
557,uav_1,2027.2228876412516,7265.266667673867,150
558,uav_1,2023.9049622715697,7240.48811033526,150
559,uav_1,2021.0004545508407,7215.6576981872195,150
560,uav_1,2018.5101712680882,7190.782328406791,150
561,uav_1,2016.4348041526569,7165.868910658969,150
562,uav_1,2014.774929682067,7140.924365177375,150
563,uav_1,2013.5310089218879,7115.955620842033,150
564,uav_1,2012.7033873976652,7090.969613254704,150
565,uav_1,2012.2922949989452,7065.973282812397,150
566,uav_1,2012.2978459154178,7040.973572779503,150
567,uav_1,2012.7200386051975,7015.977427359179,150
568,uav_1,2013.5587557952517,6990.991789764422,150
569,uav_1,2014.8137645139757,6966.023600289468,150
570,uav_1,2016.484716155907,6941.079794381953,150
571,uav_1,2018.5711465785557,6916.167300716467,150
572,uav_1,2021.0724762313305,6891.293039269955,150
573,uav_1,2023.9880103165235,6866.463919399539,150
574,uav_1,2027.3169389823013,6841.686837923315,150
575,uav_1,2031.0583375476624,6816.968677204593,150
576,uav_1,2035.2111667592844,6792.316303240197,150
577,uav_1,2039.7742730802004,6767.736563753266,150
578,uav_1,2044.7463890102165,6743.236286291168,150
579,uav_1,2050.126133437991,6718.822276328991,150
580,uav_1,2055.9120120246616,6694.501315379193,150
581,uav_1,2062.1024176189367,6670.280159107871,150
582,uav_1,2068.69563070351,6646.1655354582535,150
583,uav_1,2075.6898198726967,6622.164142781847,150
584,uav_1,2083.0830423411444,6598.2826479778505,150
585,uav_1,2090.873244483485,6574.527684641256,150
586,uav_1,2099.0582624047684,6550.905851220252,150
587,uav_1,2107.6358225415343,6527.423709183346,150
588,uav_1,2116.6035422933446,6504.087781196775,150
589,uav_1,2125.9589306845955,6480.904549312713,150
590,uav_1,2135.699389056446,6457.880453168724,150
591,uav_1,2145.8222117886435,6435.021888199028,150
592,uav_1,2156.3245870510773,6412.3352038580215,150
593,uav_1,2167.2035975848125,6389.826701856597,150
594,uav_1,2178.4562215124333,6367.502634411685,150
595,uav_1,2190.079333177423,6345.369202509594,150
596,uav_1,2202.0697040123905,6323.4325541835315,150
597,uav_1,2214.424003435867,6301.698782805871,150
598,uav_1,2227.138799777452,6280.173925395578,150
599,uav_1,2240.210561231026,6258.86396094131,150
600,uav_1,2253.635656835796,6237.774808740613,150
601,uav_1,2267.4103574848596,6216.912326755716,150
602,uav_1,2281.5308369610498,6196.2823099863635,150
603,uav_1,2295.9931729997547,6175.890488860113,150
604,uav_1,2310.7933483783972,6155.742527640607,150
605,uav_1,2325.9272520323184,6135.844022854184,150
606,uav_1,2341.3906801966996,6116.200501735344,150
607,uav_1,2357.17933757426,6096.817420691417,150
608,uav_1,2373.288838528358,6077.700163786955,150
609,uav_1,2389.714708301205,6058.85404124817,150
610,uav_1,2406.4523842568105,6040.284287987924,150
611,uav_1,2423.49721714837,6021.996062151604,150
612,uav_1,2440.8444724096744,6003.994443684353,150
613,uav_1,2458.489331470253,5986.284432919993,150
614,uav_1,2476.4268930938188,5968.870949192086,150
615,uav_1,2494.652174739707,5951.758829467474,150
616,uav_1,2513.1601139468694,5934.952827002718,150
617,uav_1,2531.945569740086,5918.457610023775,150
618,uav_1,2551.003324057985,5902.277760429293,150
619,uav_1,2570.32808320246,5886.417772517907,150
620,uav_1,2589.9144793091223,5870.882051739831,150
621,uav_1,2609.7570718383217,5855.674913473166,150
622,uav_1,2629.8503490863927,5840.800581825204,150
623,uav_1,2650.1887297166277,5826.2631884590955,150
624,uav_1,2670.7665643096316,5812.066771446187,150
625,uav_1,2691.5781369325505,5798.215274144368,150
626,uav_1,2712.617666726811,5784.712544102712,150
627,uav_1,2733.879309513861,5771.562331992743,150
628,uav_1,2755.357159418532,5758.768290566601,150
629,uav_1,2777.045250509503,5746.333973642417,150
630,uav_1,2798.937558456486,5734.2628351171625,150
631,uav_1,2821.028002203593,5722.558228007254,150
632,uav_1,2843.3104456584897,5711.223403517186,150
633,uav_1,2865.7786993968293,5700.261510136432,150
634,uav_1,2888.4265223814837,5689.675592764892,150
635,uav_1,2911.247623696142,5679.468591867101,150
636,uav_1,2934.2356642927302,5669.643342655457,150
637,uav_1,2957.384258752233,5660.202574302674,150
638,uav_1,2980.6869770583626,5651.148909183703,150
639,uav_1,3004.1373463836526,5642.484862147306,150
640,uav_1,3027.728852887405,5634.2128398175055,150
641,uav_1,3051.454943525066,5626.335139925092,150
642,uav_1,3075.3090278684567,5618.853950669385,150
643,uav_1,3099.284479936423,5611.771350110405,150
644,uav_1,3123.3746400353257,5605.089305591656,150
645,uav_1,3147.5728166089298,5598.809673193649,150
646,uav_1,3171.8722880971122,5592.93419721834,150
647,uav_1,3196.2663048029244,5587.46450970461,150
648,uav_1,3220.7480907674726,5582.402129974929,150
649,uav_1,3245.310845652068,5577.748464213342,150
650,uav_1,3269.947746627186,5573.5048050748555,150
651,uav_1,3294.651950267632,5569.67233132639,150
652,uav_1,3319.4165944534698,5566.2521075193445,150
653,uav_1,3344.2348002761005,5563.245083693894,150
654,uav_1,3369.099673949049,5560.6520951151015,150
655,uav_1,3394.0043087228364,5558.473862040897,150
656,uav_1,3418.9417868035007,5556.710989522018,150
657,uav_1,3443.905181274139,5555.363967233941,150
658,uav_1,3468.88755801903,5554.433169340863,150
659,uav_1,3493.8819776497085,5553.918854391768,150
660,uav_1,3518.881497432551,5553.821165248612,150
661,uav_1,3543.879173217251,5554.140129046641,150
662,uav_1,3568.868061365711,5554.875657186851,150
663,uav_1,3593.841220680796,5556.027545360599,150
664,uav_1,3618.7917143343784,5557.595473606354,150
665,uav_1,3643.7126117942134,5559.579006398575,150
666,uav_1,3668.5969907490203,5561.977592768683,150
667,uav_1,3693.4379390313225,5564.790566458111,150
668,uav_1,3718.22855653743,5568.017146103366,150
669,uav_1,3742.961957144111,5571.65643545307,150
670,uav_1,3767.6312706213375,5575.707423616916,150
671,uav_1,3792.2296445406614,5580.168985346461,150
672,uav_1,3816.7502461786003,5585.039881347691,150
673,uav_1,3841.186264414594,5590.318758625259,150
674,uav_1,3865.5309116229164,5596.004150858307,150
675,uav_1,3889.7774255581066,5602.094478807775,150
676,uav_1,3913.9190712333066,5608.588050755057,150
677,uav_1,3937.949142791056,5615.483062971922,150
678,uav_1,3961.8609653659973,5622.777600221534,150
679,uav_1,3985.647896938939,5630.469636290448,150
680,uav_1,4009.303330181844,5638.55703455144,150
681,uav_1,4032.820694293132,5647.037548556993,150
682,uav_1,4056.1934568228835,5655.908822663304,150
683,uav_1,4079.4151254873423,5665.168392684605,150
684,uav_1,4102.479249972312,5674.813686577653,150
685,uav_1,4125.379423724841,5684.842025156164,150
686,uav_1,4148.109285732809,5695.250622835013,150
687,uav_1,4170.6625222918055,5706.036588403994,150
688,uav_1,4193.032868758919,5717.196925830916,150
689,uav_1,4215.214111292855,5728.728535093808,150
690,uav_1,4237.2000885799835,5740.628213042024,150
691,uav_1,4258.98469354576,5752.892654285983,150
692,uav_1,4280.561875051099,5765.518452115306,150
693,uav_1,4301.925639573217,5778.502099445118,150
694,uav_1,4323.070052870444,5791.839989790197,150
695,uav_1,4343.989241630603,5805.528418266769,150
696,uav_1,4364.677395102435,5819.563582621604,150
697,uav_1,4385.128766709671,5833.9415842881845,150
698,uav_1,4405.33767564725,5848.658429469606,150
699,uav_1,4425.298508459303,5863.710030247952,150
700,uav_1,4445.005720598393,5879.092205719782,150
701,uav_1,4464.453837965648,5894.8006831574885,150
702,uav_1,4483.637458431289,5910.831099196117,150
703,uav_1,4502.5512533352085,5927.179001045403,150
704,uav_1,4521.1899689671,5943.839847726613,150
705,uav_1,4539.548428025805,5960.809011333912,150
706,uav_1,4557.621531057405,5978.081778319852,150
707,uav_1,4575.404257871712,5995.653350804665,150
708,uav_1,4592.8916689367325,6013.518847908984,150
709,uav_1,4610.078906750724,6031.673307109593,150
710,uav_1,4626.9611971914765,6050.111685617898,150
711,uav_1,4643.5338508424165,6068.828861780644,150
712,uav_1,4659.792264295207,6087.819636502586,150
713,uav_1,4675.731921428427,6107.078734690629,150
714,uav_1,4691.348394662034,6126.600806719117,150
715,uav_1,4706.637346187206,6146.380429915786,150
716,uav_1,4721.594529171277,6166.412110068047,150
717,uav_1,4736.215788937365,6186.690282949099,150
718,uav_1,4750.497064118443,6207.209315863537,150
719,uav_1,4764.434387785451,6227.963509211927,150
720,uav_1,4778.023888549213,6248.947098074014,150
721,uav_1,4791.261791635785,6270.154253810038,150
722,uav_1,4804.144419934983,6291.579085679764,150
723,uav_1,4816.668195021783,6313.215642478771,150
724,uav_1,4828.829638150299,6335.057914191511,150
725,uav_1,4840.625371220082,6357.099833660737,150
726,uav_1,4852.052117714458,6379.335278272765,150
727,uav_1,4863.106703610656,6401.758071658181,150
728,uav_1,4873.786058261448,6424.361985407439,150
729,uav_1,4884.0872152481015,6447.140740800957,150
730,uav_1,4894.007313204354,6470.088010553144,150
731,uav_1,4903.54359661123,6493.197420569957,150
732,uav_1,4912.693416562431,6516.462551719424,150
733,uav_1,4921.454231500139,6539.876941614714,150
734,uav_1,4929.823607920979,6563.434086409183,150
735,uav_1,4937.799221051985,6587.127442602976,150
736,uav_1,4945.378855496347,6610.950428860607,150
737,uav_1,4952.560405848788,6634.896427839072,150
738,uav_1,4959.34187728039,6658.958788025966,150
739,uav_1,4965.72138609269,6683.130825587063,150
740,uav_1,4971.697160240931,6707.405826222915,150
741,uav_1,4977.267539826271,6731.777047033874,150
742,uav_1,4982.430977556865,6756.237718393093,150
743,uav_1,4987.186039177657,6780.781045826914,150
744,uav_1,4991.53140386877,6805.400211902203,150
745,uav_1,4995.465864612398,6830.088378120012,150
746,uav_1,4998.988328528078,6854.83868681514,150
747,uav_1,5002.097817176257,6879.644263060979,150
748,uav_1,5004.793466830087,6904.498216579187,150
749,uav_1,5007.074528715328,6929.393643653591,150
750,uav_1,5008.940369218346,6954.323629047866,150
751,uav_1,5010.39047006211,6979.281247926364,150
752,uav_1,5011.424428450154,7004.259567777649,150
753,uav_1,5012.041957178462,7029.251650340155,150
754,uav_1,5012.242884715249,7054.25055352942,150
755,uav_1,5012.0271552486,7079.249333366417,150
756,uav_1,5011.394828701982,7104.241045906372,150
757,uav_1,5010.346080717591,7129.218749167614,150
758,uav_1,5008.881202607567,7154.1755050598385,150
759,uav_1,5007.000601273078,7179.104381311329,150
760,uav_1,5004.704799091292,7203.998453394526,150
761,uav_1,5001.994433770275,7228.85080644948,150
762,uav_1,4998.870258171854,7253.65453720458,150
763,uav_1,4995.333140102498,7278.402755894112,150
764,uav_1,4991.3840620722585,7303.088588172007,150
765,uav_1,4987.024121021863,7327.705177021368,150
766,uav_1,4982.254528018013,7352.24568465913,150
767,uav_1,4977.076607916986,7376.703294435408,150
768,uav_1,4971.491798996628,7401.071212726975,150
769,uav_1,4965.501652556839,7425.3426708243205,150
770,uav_1,4959.107832488669,7449.51092681182,150
771,uav_1,4952.312114812138,7473.569267440429,150
772,uav_1,4945.116387182901,7497.51100999245,150
773,uav_1,4937.522648367923,7521.329504137781,150
774,uav_1,4929.533007690266,7545.018133781206,150
775,uav_1,4921.149684443193,7568.570318900137,150
776,uav_1,4912.375007273698,7591.979517372374,150
777,uav_1,4903.211413535689,7615.239226793302,150
778,uav_1,4893.661448612945,7638.34298628209,150
779,uav_1,4883.7277652120965,7661.284378276323,150
780,uav_1,4873.413122625769,7684.057030314629,150
781,uav_1,4862.720385966137,7706.654616806756,150
782,uav_1,4851.652525369074,7729.070860790645,150
783,uav_1,4840.212615169134,7751.299535675999,150
784,uav_1,4828.403833045593,7773.334466973828,150
785,uav_1,4816.229459139777,7795.169534011573,150
786,uav_1,4803.6928751439345,7816.798671633228,150
787,uav_1,4790.797563361898,7838.215871884089,150
788,uav_1,4777.5471057418035,7859.4151856795725,150
789,uav_1,4763.94518288112,7880.390724457717,150
790,uav_1,4749.995573004296,7901.13666181484,150
791,uav_1,4735.7021509132655,7921.647235123968,150
792,uav_1,4721.068886911151,7941.916747135501,150
793,uav_1,4706.099845699413,7961.939567559775,150
794,uav_1,4690.799185248808,7981.710134630969,150
795,uav_1,4675.171155644407,8001.2229566520255,150
796,uav_1,4659.220097905059,8020.472613520069,150
797,uav_1,4642.950442777574,8039.453758231966,150
798,uav_1,4626.366709505979,8058.16111836957,150
799,uav_1,4609.473504576222,8076.5894975642395,150
800,uav_1,4592.2755204366,8094.733776940251,150
801,uav_1,4574.777534194352,8112.588916536663,150
802,uav_1,4556.984406288695,8130.149956707291,150
803,uav_1,4538.901079140753,8147.41201949833,150
804,uav_1,4520.532575780677,8164.37031000334,150
805,uav_1,4501.883998452406,8181.020117695106,150
806,uav_1,4482.960527196396,8197.35681773411,150
807,uav_1,4463.767418410765,8213.375872253157,150
808,uav_1,4444.310003391205,8229.07283161789,150
809,uav_1,4424.593686850117,8244.443335662743,150
810,uav_1,4404.623945415313,8259.4831149021,150
811,uav_1,4384.40632610879,8274.187991716202,150
812,uav_1,4363.946444805914,8288.5538815116,150
813,uav_1,4343.249984675487,8302.576793855727,150
814,uav_1,4322.322694601137,8316.252833585317,150
815,uav_1,4301.17038758443,8329.578201888382,150
816,uav_1,4279.798939130198,8342.54919735941,150
817,uav_1,4258.21428561448,8355.16221702751,150
818,uav_1,4236.422422635578,8367.4137573572,150
819,uav_1,4214.429403348639,8379.30041522162,150
820,uav_1,4192.241336784277,8390.818888847787,150
821,uav_1,4169.864386151641,8401.965978733762,150
822,uav_1,4147.304767126473,8412.73858853736,150
823,uav_1,4124.568746124551,8423.133725936239,150
824,uav_1,4101.662638561076,8433.148503459071,150
825,uav_1,4078.5928070964146,8442.780139287608,150
826,uav_1,4055.365659868749,8452.025958029382,150
827,uav_1,4031.987648714072,8460.883391460862,150
828,uav_1,4008.465267374045,8469.349979240824,150
829,uav_1,3984.8050496922433,8477.42336959377,150
830,uav_1,3961.013567799215,8485.10131996318,150
831,uav_1,3937.0974302869563,8492.381697634431,150
832,uav_1,3913.063280373214,8499.262480327205,150
833,uav_1,3888.9177940562076,8505.741756757221,150
834,uav_1,3864.6676782602094,8511.81772716713,150
835,uav_1,3840.3196689725733,8517.488703826444,150
836,uav_1,3815.8805293726505,8522.753111500333,150
837,uav_1,3791.357047953191,8527.60948788718,150
838,uav_1,3766.756036634677,8532.056484024775,150
839,uav_1,3742.0843288731844,8536.092864665,150
840,uav_1,3717.3487777622254,8539.717508616974,150
841,uav_1,3692.556254129173,8542.929409058452,150
842,uav_1,3667.713644626735,8545.727673815523,150
843,uav_1,3642.8278498200298,8548.111525610415,150
844,uav_1,3617.9057822698283,8550.0803022774,150
845,uav_1,3592.954364612417,8551.633456946733,150
846,uav_1,3567.9805276367147,8552.770558196544,150
847,uav_1,3542.991208359071,8553.49129017269,150
848,uav_1,3517.993348096389,8553.795452676473,150
849,uav_1,3492.9938905379995,8553.682961220271,150
850,uav_1,3467.999779816929,8553.153847050984,150
851,uav_1,3443.017958580993,8552.20825714137,150
852,uav_1,3418.0553660643523,8550.84645414921,150
853,uav_1,3393.1189361599695,8549.068816344357,150
854,uav_1,3368.215595493594,8546.875837503661,150
855,uav_1,3343.3522614997214,8544.268126773812,150
856,uav_1,3318.5358405001493,8541.24640850213,150
857,uav_1,3293.7732257855882,8537.811522035374,150
858,uav_1,3269.0712957008973,8533.964421486588,150
859,uav_1,3244.436911734495,8529.706175470075,150
860,uav_1,3219.8769166124116,8525.037966804572,150
861,uav_1,3195.3981323976,8519.96109218469,150
862,uav_1,3171.007358594939,8514.476961820737,150
863,uav_1,3146.7113702625456,8508.587099046996,150
864,uav_1,3122.516916129841,8502.293139898584,150
865,uav_1,3098.4307167229636,8495.59683265702,150
866,uav_1,3074.45946249798,8488.500037364589,150
867,uav_1,3050.609811982491,8481.004725307688,150
868,uav_1,3026.888389926059,8473.112978469248,150
869,uav_1,3003.3017854600653,8464.826988950424,150
870,uav_1,2979.8565502674173,8456.149058361692,150
871,uav_1,2956.559196762697,8447.081597183527,150
872,uav_1,2933.4161962831886,8437.627124096845,150
873,uav_1,2910.433977291324,8427.788265283376,150
874,uav_1,2887.618923589052,8417.567753696194,150
875,uav_1,2864.9773725445843,8406.968428300575,150
876,uav_1,2842.5156133320766,8395.993233285424,150
877,uav_1,2820.2398851846533,8384.645217245448,150
878,uav_1,2798.1563756613505,8372.927532334363,150
879,uav_1,2776.2712189283675,8360.843433389295,150
880,uav_1,2754.590494055192,8348.396277026695,150
881,uav_1,2733.1202233259883,8335.589520709966,150
882,uav_1,2711.866370566798,8322.426721789068,150
883,uav_1,2690.8348394889454,8308.911536512398,150
884,uav_1,2670.0314720491665,8295.047719011189,150
885,uav_1,2649.462046826871,8280.839120256709,150
886,uav_1,2629.132277419027,8266.289686990585,150
887,uav_1,2609.047810853087,8251.403460628511,150
888,uav_1,2589.2142260183937,8236.18457613764,150
889,uav_1,2569.6370321165423,8220.637260888036,150
890,uav_1,2550.321667131065,8204.765833478403,150
891,uav_1,2531.273496316932,8188.57470253653,150
892,uav_1,2512.497810710218,8172.068365494677,150
893,uav_1,2493.999825658424,8155.2514073403345,150
894,uav_1,2475.7846793717863,8138.128499342631,150
895,uav_1,2457.857431496042,8120.704397754804,150
896,uav_1,2440.2230617069927,8102.983942493031,150
897,uav_1,2422.886468327306,8084.972055792058,150
898,uav_1,2405.8524669658873,8066.673740837926,150
899,uav_1,2389.125789180256,8048.094080378246,150
900,uav_1,2372.711081162243,8029.238235310342,150
901,uav_1,2356.6129024474185,8010.111443247714,150
902,uav_1,2340.835724648583,7990.719017065176,150
903,uav_1,2325.3839302136753,7971.066343423078,150
904,uav_1,2310.2618112084647,7951.1588812710725,150
905,uav_1,2295.4735681243246,7931.002160331747,150
906,uav_1,2281.0233087114725,7910.60177956465,150
907,uav_1,2266.9150468379376,7889.963405611036,150
908,uav_1,2253.152701374639,7869.092771219861,150
909,uav_1,2239.740095106821,7847.995673655363,150
910,uav_1,2226.6809536722085,7826.677973086773,150
911,uav_1,2213.978904526115,7805.145590960505,150
912,uav_1,2201.6374759338546,7783.4045083553665,150
913,uav_1,2189.660095990678,7761.460764321173,150
914,uav_1,2178.0500916695587,7739.320454201283,150
915,uav_1,2166.8106878970416,7716.989727939476,150
916,uav_1,2155.9450066574623,7694.4747883716855,150
917,uav_1,2145.4560661257447,7671.781889503021,150
918,uav_1,2135.346779829035,7648.9173347705855,150
919,uav_1,2125.619955837415,7625.887475292565,150
920,uav_1,2116.2782959838933,7602.698708104063,150
921,uav_1,2107.3243951139193,7579.357474380201,150
922,uav_1,2098.760740364604,7555.870257646923,150
923,uav_1,2090.589710473871,7532.243581980084,150
924,uav_1,2082.813575119704,7508.4840101932205,150
925,uav_1,2075.4344942897037,7484.598142014617,150
926,uav_1,2068.4545176810943,7460.592612254066,150
927,uav_1,2061.8755841313896,7436.474088959929,150
928,uav_1,2055.699521079825,7412.249271566921,150
929,uav_1,2049.928044059762,7387.924889035228,150
930,uav_1,2044.5627562221484,7363.507697981362,150
931,uav_1,2039.6051478902198,7339.004480801395,150
932,uav_1,2035.056596145524,7314.422043786992,150
933,uav_1,2030.9183644454092,7289.767215234808,150
934,uav_1,2027.1916022720732,7265.046843549805,150
935,uav_1,2023.877344813267,7240.267795342939,150
936,uav_1,2020.976512674752,7215.436953523833,150
937,uav_1,2018.489911624581,7190.561215388881,150
938,uav_1,2016.4182323692796,7165.647490705397,150
939,uav_1,2014.7620503619862,7140.702699792259,150
940,uav_1,2013.5218256426097,7115.733771597666,150
941,uav_1,2012.6979027100415,7090.74764177445,150
942,uav_1,2012.290510426465,7065.751250753573,150
943,uav_1,2012.2997619537844,7040.751541816254,150
944,uav_1,2012.72565472219,7015.755459165344,150
945,uav_1,2013.5680704308738,6990.769945996406,150
946,uav_1,2014.8267750808889,6965.80194256911,150
947,uav_1,2016.5014190401482,6940.858384279423,150
948,uav_1,2018.591537140542,6915.946199733145,150
949,uav_1,2021.0965488071486,6891.072308821358,150
950,uav_1,2024.015758219501,6866.243620798262,150
951,uav_1,2027.3483545048662,6841.467032361997,150
952,uav_1,2031.0934119634828,6816.749425738921,150
953,uav_1,2035.2498903256921,6792.097666771947,150
954,uav_1,2039.8166350408983,6767.518603013383,150
955,uav_1,2044.7923775982658,6743.019061822902,150
956,uav_1,2050.175735879079,6718.605848471075,150
957,uav_1,2055.9652145406526,6694.285744249084,150
958,uav_1,2062.159205431695,6670.065504585053,150
959,uav_1,2068.7559880390086,6645.951857167602,150
960,uav_1,2075.7537299653977,6621.951500077069,150
961,uav_1,2083.1504874386555,6598.071099924997,150
962,uav_1,2090.9442058514906,6574.317290002313,150
963,uav_1,2099.132720332232,6550.696668436825,150
964,uav_1,2107.7137563461783,6527.215796360417,150
965,uav_1,2116.6849303273893,6503.881196086571,150
966,uav_1,2126.04375034078,6480.699349298653,150
967,uav_1,2135.787616774298,6457.676695249498,150
968,uav_1,2145.9138230610315,6434.8196289727475,150
969,uav_1,2156.419556431013,6412.134499506506,150
970,uav_1,2167.3018986925276,6389.627608129756,150
971,uav_1,2178.557827042693,6367.305206612059,150
972,uav_1,2190.1842149071226,6345.173495476968,150
973,uav_1,2202.17783280839,6323.238622279712,150
974,uav_1,2214.5353492630884,6301.5066798995795,150
975,uav_1,2227.253331707211,6279.983704847503,150
976,uav_1,2240.3282474496364,6258.675675589268,150
977,uav_1,2253.7564646533983,6237.588510884877,150
978,uav_1,2267.5342533445014,6216.728068144498,150
979,uav_1,2281.6577864480123,6196.100141801423,150
980,uav_1,2296.1231408511067,6175.710461702555,150
981,uav_1,2310.9262984927977,6155.564691516812,150
982,uav_1,2326.0631474800302,6135.668427161938,150
983,uav_1,2341.5294832298623,6116.027195250095,150
984,uav_1,2357.3210096373673,6096.646451552746,150
985,uav_1,2373.4333402689745,6077.531579485182,150
986,uav_1,2389.861999580882,6058.68788861119,150
987,uav_1,2406.602424162253,6040.1206131681765,150
988,uav_1,2423.649964002789,6021.834910613267,150
989,uav_1,2440.999883784376,6003.835860190702,150
990,uav_1,2458.647364196405,5986.1284615209825,150
991,uav_1,2476.587503274459,5968.717633212101,150
992,uav_1,2494.8153177619315,5951.608211493298,150
993,uav_1,2513.325744494217,5934.8049488717115,150
994,uav_1,2532.113641805138,5918.312512812246,150
995,uav_1,2551.1737909551357,5902.135484441091,150
996,uav_1,2570.500897580896,5886.27835727322,150
997,uav_1,2590.089593165954,5870.745535964223,150
998,uav_1,2609.9344365319394,5855.5413350868075,150
999,uav_1,2630.0299153499645,5840.669977932344,150
1000,uav_1,2650.3704476717967,5826.13559533775,150
1,uav_2,5820.195176357382,7150.620744140101,150
2,uav_2,5819.570248692532,7175.612642786564,150
3,uav_2,5818.5288954606785,7200.5906554374515,150
4,uav_2,5817.071405919913,7225.547843916524,150
5,uav_2,5815.198184919068,7250.477275831899,150
6,uav_2,5812.909752785268,7275.3720265016755,150
7,uav_2,5810.206745179389,7300.225180877407,150
8,uav_2,5807.089912919499,7325.029835464905,150
9,uav_2,5803.560121772292,7349.779100241833,150
10,uav_2,5799.618352212617,7374.466100571556,150
11,uav_2,5795.265699151114,7399.083979112721,150
12,uav_2,5790.503371630091,7423.625897724026,150
13,uav_2,5785.332692487684,7448.085039363658,150
14,uav_2,5779.7550979904045,7472.454609982881,150
15,uav_2,5773.772137434196,7496.7278404132185,150
16,uav_2,5767.385472714075,7520.8979882467365,150
17,uav_2,5760.596877862508,7544.958339708896,150
18,uav_2,5753.408238556638,7568.902211523443,150
19,uav_2,5745.821551594493,7592.722952768832,150
20,uav_2,5737.838924340335,7616.413946725662,150
21,uav_2,5729.462574139297,7639.968612714611,150
22,uav_2,5720.6948277014635,7663.380407924359,150
23,uav_2,5711.538120455579,7686.642829228998,150
24,uav_2,5701.9949958725565,7709.74941499441,150
25,uav_2,5692.068104758974,7732.693746873121,150
26,uav_2,5681.760204520757,7755.469451587142,150
27,uav_2,5671.074158397244,7778.070202698279,150
28,uav_2,5660.012934665873,7800.489722365433,150
29,uav_2,5648.579605817666,7822.72178308841,150
30,uav_2,5636.777347703788,7844.760209437738,150
31,uav_2,5624.609438653382,7866.598879770027,150
32,uav_2,5612.079258562944,7888.231727928385,150
33,uav_2,5599.190287957487,7909.652744927423,150
34,uav_2,5585.9461070237485,7930.855980622376,150
35,uav_2,5572.350394615714,7951.835545361888,150
36,uav_2,5558.406927232747,7972.585611623987,150
37,uav_2,5544.119577970572,7993.100415634798,150
38,uav_2,5529.492315445452,8013.374258969563,150
39,uav_2,5514.529202691812,8033.401510135493,150
40,uav_2,5499.234396033651,8053.1766061360395,150
41,uav_2,5483.612143930027,8072.694054016132,150
42,uav_2,5467.6667857949615,8091.948432387971,150
43,uav_2,5451.402750792076,8110.934392936921,150
44,uav_2,5434.824556604295,8129.6466619071325,150
45,uav_2,5417.93680817896,8148.080041566434,150
46,uav_2,5400.744196448713,8166.229411650114,150
47,uav_2,5383.251497028488,8184.089730783181,150
48,uav_2,5365.4635688889775,8201.656037880717,150
49,uav_2,5347.3853530069555,8218.923453525926,150
50,uav_2,5329.021870992814,8235.88718132549,150
51,uav_2,5310.378223695702,8252.542509241874,150
52,uav_2,5291.4595897866575,8268.884810902193,150
53,uav_2,5272.2712243201195,8284.909546883293,150
54,uav_2,5252.818457274226,8300.612265972659,150
55,uav_2,5233.106692070297,8315.988606404846,150
56,uav_2,5213.141404071921,8331.03429707305,150
57,uav_2,5192.928139064054,8345.745158715494,150
58,uav_2,5172.472511712562,8360.117105076313,150
59,uav_2,5151.780204004623,8374.146144040595,150
60,uav_2,5130.856963670439,8387.828378743277,150
61,uav_2,5109.7086025866765,8401.16000865159,150
62,uav_2,5088.340995162099,8414.137330620722,150
63,uav_2,5066.760076705819,8426.756739922459,150
64,uav_2,5044.971841778644,8439.014731246472,150
65,uav_2,5022.982342527955,8450.907899673988,150
66,uav_2,5000.797687006595,8462.432941623587,150
67,uav_2,4978.42403747623,8473.58665576883,150
68,uav_2,4955.867608695646,8484.365943927505,150
69,uav_2,4933.134666194465,8494.767811922215,150
70,uav_2,4910.231524532765,8504.789370412067,150
71,uav_2,4887.164545547076,8514.427835695249,150
72,uav_2,4863.940136583239,8523.680530482274,150
73,uav_2,4840.564748716634,8532.544884639636,150
74,uav_2,4817.044874960254,8541.018435903734,150
75,uav_2,4793.387048461132,8549.098830564813,150
76,uav_2,4769.597840685621,8556.78382412076,150
77,uav_2,4745.683859594027,8564.071281900551,150
78,uav_2,4721.65174780511,8570.959179657224,150
79,uav_2,4697.508180750951,8577.44560413013,150
80,uav_2,4673.259864822713,8583.528753576404,150
81,uav_2,4648.9135355077915,8589.206938271422,150
82,uav_2,4624.475955518895,8594.478580978172,150
83,uav_2,4599.953912915553,8599.342217385352,150
84,uav_2,4575.3542192185905,8603.796496514124,150
85,uav_2,4550.683707518081,8607.840181093368,150
86,uav_2,4525.949230575312,8611.472147903372,150
87,uav_2,4501.157658919279,8614.691388087816,150
88,uav_2,4476.315878938255,8617.497007434018,150
89,uav_2,4451.430790966948,8619.88822662131,150
90,uav_2,4426.5093073697835,8621.864381437515,150
91,uav_2,4401.558350620849,8623.424922963448,150
92,uav_2,4376.584851381029,8624.569417725383,150
93,uav_2,4351.595746572868,8625.29754781547,150
94,uav_2,4326.597977453687,8625.60911098003,150
95,uav_2,4301.598487687508,8625.504020675746,150
96,uav_2,4276.604221416295,8624.98230609369,150
97,uav_2,4251.622121331081,8624.04411215123,150
98,uav_2,4226.659126743474,8622.689699451756,150
99,uav_2,4201.722171658128,8620.919444212312,150
100,uav_2,4176.818182846666,8618.733838159082,150
101,uav_2,4151.954077923625,8616.133488390802,150
102,uav_2,4127.136763424942,8613.119117210137,150
103,uav_2,4102.373132889514,8609.691561923028,150
104,uav_2,4077.670064944371,8605.85177460613,150
105,uav_2,4053.0344213939907,8601.60082184234,150
106,uav_2,4028.4730453142865,8596.939884424535,150
107,uav_2,4003.992759151795,8591.870257027585,150
108,uav_2,3979.6003628285985,8586.393347848727,150
109,uav_2,3955.3026318534994,8580.510678216402,150
110,uav_2,3931.1063154399794,8574.223882167684,150
111,uav_2,3907.0181346314594,8567.534705994383,150
112,uav_2,3883.0447804343903,8560.445007757984,150
113,uav_2,3859.192911959677,8552.956756773518,150
114,uav_2,3835.469154572974,8545.072033062555,150
115,uav_2,3811.8800980543447,8536.793026775427,150
116,uav_2,3788.4322947678124,8528.12203758287,150
117,uav_2,3765.1322578412987,8519.061474037237,150
118,uav_2,3741.986459357464,8509.613852903478,150
119,uav_2,3719.0013285559485,8499.781798460046,150
120,uav_2,3696.1832500475152,8489.568041769957,150
121,uav_2,3673.5385620405855,8478.975419922172,150
122,uav_2,3651.073554580667,8468.006875243538,150
123,uav_2,3628.79446780316,8456.665454481497,150
124,uav_2,3606.707490200026,8444.954307957776,150
125,uav_2,3584.8187569008037,8432.876688693332,150
126,uav_2,3563.134347968443,8420.435951504744,150
127,uav_2,3541.6602867104384,8407.63555207235,150
128,uav_2,3520.4025380057287,8394.479045980352,150
129,uav_2,3499.3670066478226,8380.97008772918,150
130,uav_2,3478.559535704617,8367.112429720375,150
131,uav_2,3457.9859048953604,8352.909921214277,150
132,uav_2,3437.65182898521,8338.366507260818,150
133,uav_2,3417.5629561978403,8323.486227603695,150
134,uav_2,3397.7248666465193,8308.27321555824,150
135,uav_2,3378.14307078412,8292.731696863315,150
136,uav_2,3358.823007872472,8276.865988507516,150
137,uav_2,3339.7700444714883,8260.680497530035,150
138,uav_2,3320.989472948493,8244.179719796513,150
139,uav_2,3302.4865100081497,8227.368238750227,150
140,uav_2,3284.2662952434143,8210.250724138921,150
141,uav_2,3266.3338897078984,8192.8319307177,150
142,uav_2,3248.694274510056,8175.116696928291,150
143,uav_2,3231.352349429576,8157.10994355506,150
144,uav_2,3214.312931556361,8138.81667235816,150
145,uav_2,3197.5807539524794,8120.241964684188,150
146,uav_2,3181.160464337456,8101.390980054728,150
147,uav_2,3165.056623797268,8082.268954733189,150
148,uav_2,3149.273705517407,8062.881200270317,150
149,uav_2,3133.8160935403566,8043.2331020288,150
150,uav_2,3118.6880815478285,8023.330117687368,150
151,uav_2,3103.893871668103,8003.177775724807,150
152,uav_2,3089.4375733087995,7982.781673884305,150
153,uav_2,3075.323202015396,7962.147477618559,150
154,uav_2,3061.5546783558298,7941.280918516078,150
155,uav_2,3048.135826831476,7920.187792709106,150
156,uav_2,3035.070374814808,7898.87395926363,150
157,uav_2,3022.361951514042,7877.3453385518915,150
158,uav_2,3010.0140869650468,7855.607910607881,150
159,uav_2,2998.0302110508,7833.667713466258,150
160,uav_2,2986.413652548667,7811.5308414851515,150
161,uav_2,2975.167638205759,7789.2034436533295,150
162,uav_2,2964.295291842637,7766.691721882178,150
163,uav_2,2953.799633485605,7744.0019292829975,150
164,uav_2,2943.683578527831,7721.1403684300585,150
165,uav_2,2933.9499369195337,7698.113389609931,150
166,uav_2,2924.6014123874625,7674.927389057559,150
167,uav_2,2915.6406016838764,7651.588807179563,150
168,uav_2,2907.069993865242,7628.104126765291,150
169,uav_2,2898.891969600844,7604.479871186071,150
170,uav_2,2891.1088005115053,7580.722602583218,150
171,uav_2,2883.7226485385936,7556.83892004525,150
172,uav_2,2876.7355653434975,7532.835457774858,150
173,uav_2,2870.149491737733,7508.718883246106,150
174,uav_2,2863.966257143843,7484.495895352407,150
175,uav_2,2858.187579087234,7460.173222545755,150
176,uav_2,2852.815062719098,7435.757620967759,150
177,uav_2,2847.850200370548,7411.255872572974,150
178,uav_2,2843.2943711380894,7386.674783245077,150
179,uav_2,2839.14884050055,7362.021180906381,150
180,uav_2,2835.4147599675607,7337.301913621234,150
181,uav_2,2832.093166759705,7312.523847693828,150
182,uav_2,2829.1849835204043,7287.693865760931,150
183,uav_2,2826.691018059637,7262.81886488009,150
184,uav_2,2824.6119631295505,7237.905754613825,150
185,uav_2,2822.948396232035,7212.961455110354,150
186,uav_2,2821.7007794583096,7187.992895181369,150
187,uav_2,2820.869459360567,7163.007010377416,150
188,uav_2,2820.454666855712,7138.01074106139,150
189,uav_2,2820.4565171612157,7113.01103048071,150
190,uav_2,2820.8750097631187,7088.01482283868,150
191,uav_2,2821.710028416165,7063.029061365584,150
192,uav_2,2822.9613411760993,7038.060686390064,150
193,uav_2,2824.628600464089,7013.116633411288,150
194,uav_2,2826.7113431632747,6988.203831172472,150
195,uav_2,2829.2089907474096,6963.329199736271,150
196,uav_2,2832.120849441558,6938.499648562585,150
197,uav_2,2835.4461104148063,6913.72207458931,150
198,uav_2,2839.1838500049316,6889.003360316561,150
199,uav_2,2843.3330299749705,6864.35037189492,150
200,uav_2,2847.8924978016103,6839.7699572182055,150
201,uav_2,2852.860986995328,6815.268944021334,150
202,uav_2,2858.237117452183,6790.8541379837625,150
203,uav_2,2864.019395837173,6766.53232083907,150
204,uav_2,2870.2062159990373,6742.310248491187,150
205,uav_2,2876.7958594164015,6718.194649137794,150
206,uav_2,2883.7864956751314,6694.192221401428,150
207,uav_2,2891.176182976772,6670.3096324687895,150
208,uav_2,2898.9628686779215,6646.553516238798,150
209,uav_2,2907.1443898603975,6622.930471479875,150
210,uav_2,2915.7184739320346,6599.447059997004,150
211,uav_2,2924.682739257944,6576.109804809042,150
212,uav_2,2934.0346958220634,6552.925188336817,150
213,uav_2,2943.771745918815,6529.899650602494,150
214,uav_2,2953.891184874669,6507.039587440723,150
215,uav_2,2964.3902017994274,6484.351348722062,150
216,uav_2,2975.2658803670083,6461.8412365891545,150
217,uav_2,2986.515199625519,6439.51550370619,150
218,uav_2,2998.135034836386,6417.3803515220825,150
219,uav_2,3010.122158342322,6395.441928547884,150
220,uav_2,3022.4732404638753,6373.7063286489165,150
221,uav_2,3035.184850424317,6352.179589352057,150
222,uav_2,3048.253457302617,6330.867690168694,150
223,uav_2,3061.675431014228,6309.776550933788,150
224,uav_2,3075.447043319422,6288.91203016151,150
225,uav_2,3089.564468858888,6268.279923417918,150
226,uav_2,3104.0237862163067,6247.885961711108,150
227,uav_2,3118.8209790076066,6227.735809899312,150
228,uav_2,3133.9519369966038,6207.835065117355,150
229,uav_2,3149.4124572367036,6188.189255221939,150
230,uav_2,3165.198245238361,6168.803837256156,150
231,uav_2,3181.3049161619674,6149.6841959336825,150
232,uav_2,3197.727996035831,6130.835642143058,150
233,uav_2,3214.4629229989205,6112.263411472473,150
234,uav_2,3231.5050485680185,6093.972662755473,150
235,uav_2,3248.8496389289367,6075.96847663798,150
236,uav_2,3266.4918762514326,6058.255854167039,150
237,uav_2,3284.4268600274677,6040.839715401666,150
238,uav_2,3302.6496084324253,6023.724898046199,150
239,uav_2,3321.155059708921,6006.916156106523,150
240,uav_2,3339.938073572811,5990.418158569541,150
241,uav_2,3358.9934326410203,5974.235488106266,150
242,uav_2,3378.3158438807764,5958.37263979888,150
243,uav_2,3397.8999400798675,5942.834019892141,150
244,uav_2,3417.7402813374965,5927.623944569442,150
245,uav_2,3437.8313565753315,5912.746638753904,150
246,uav_2,3458.167585068325,5898.206234934818,150
247,uav_2,3478.7433179948803,5884.0067720197485,150
248,uav_2,3499.55284000593,5870.1521942126465,150
249,uav_2,3520.5903708124974,5856.646349918264,150
250,uav_2,3541.8500667912967,5843.492990673174,150
251,uav_2,3563.3260226079215,5830.695770103701,150
252,uav_2,3585.0122728571796,5818.258242911052,150
253,uav_2,3606.9027937201117,5806.183863883916,150
254,uav_2,3628.9915046372325,5794.475986938833,150
255,uav_2,3651.2722699975398,5783.1378641885585,150
256,uav_2,3673.73890084281,5772.172645038731,150
257,uav_2,3696.385156586712,5761.583375313055,150
258,uav_2,3719.2047467482657,5751.372996407252,150
259,uav_2,3742.191332699156,5741.544344472031,150
260,uav_2,3765.3385294244217,5732.100149625291,150
261,uav_2,3788.639907296031,5723.04303519376,150
262,uav_2,3812.088993858847,5714.3755169843225,150
263,uav_2,3835.6792756284913,5706.100002585193,150
264,uav_2,3859.4041999006,5698.218790697159,150
265,uav_2,3883.2571765709827,5690.734070495071,150
266,uav_2,3907.2315799661606,5683.647921019747,150
267,uav_2,3931.32075068379,5676.962310600476,150
268,uav_2,3955.517997442453,5670.679096308275,150
269,uav_2,3979.8165989403055,5664.800023440048,150
270,uav_2,4004.2098057220596,5659.3267250337885,150
271,uav_2,4028.6908420537898,5654.260721414971,150
272,uav_2,4053.2529078050393,5649.60341977425,150
273,uav_2,4077.889180337699,5645.356113776579,150
274,uav_2,4102.592816401144,5641.519983201869,150
275,uav_2,4127.356954033089,5638.09609361728,150
276,uav_2,4152.1747144656465,5635.085396081237,150
277,uav_2,4177.039204036053,5632.488726879253,150
278,uav_2,4201.943516101528,5630.30680729163,150
279,uav_2,4226.880732957741,5628.540243393114,150
280,uav_2,4251.843927760358,5627.189525884542,150
281,uav_2,4276.826166449113,5626.255029956533,150
282,uav_2,4301.820509673893,5625.737015185283,150
283,uav_2,4326.820014722295,5625.635625460452,150
284,uav_2,4351.8177374481065,5625.950888945201,150
285,uav_2,4376.806734200194,5626.682718068367,150
286,uav_2,4401.78006375125,5627.8309095487875,150
287,uav_2,4426.730789225866,5629.395144451769,150
288,uav_2,4451.651980027398,5631.374988277673,150
289,uav_2,4476.53671376309,5633.769891082611,150
290,uav_2,4501.378078166911,5636.579187631204,150
291,uav_2,4526.16917301959,5639.802097581363,150
292,uav_2,4550.903112065296,5643.437725701049,150
293,uav_2,4575.573024924446,5647.485062116936,150
294,uav_2,4600.172059002092,5651.942982594935,150
295,uav_2,4624.6933813913865,5656.8102488524655,150
296,uav_2,4649.130180771557,5662.085508902419,150
297,uav_2,4673.475669299905,5667.7672974287025,150
298,uav_2,4697.723084497271,5673.854036193258,150
299,uav_2,4721.8656911264525,5680.344034474456,150
300,uav_2,4745.896783063068,5687.235489536726,150
301,uav_2,4769.809685158321,5694.5264871313075,150
302,uav_2,4793.5977550931675,5702.215002027971,150
303,uav_2,4817.254385223359,5710.298898577574,150
304,uav_2,4840.773004414861,5718.775931305273,150
305,uav_2,4864.1470798691225,5727.643745534264,150
306,uav_2,4887.370118937699,5736.899878039835,150
307,uav_2,4910.435670925731,5746.541757733586,150
308,uav_2,4933.337328883756,5756.566706377599,150
309,uav_2,4956.068731387371,5766.971939328377,150
310,uav_2,4978.62356430427,5777.754566310339,150
311,uav_2,5000.9955625481125,5788.911592218656,150
312,uav_2,5023.1785118187945,5800.439917951204,150
313,uav_2,5045.166250328598,5812.336341269406,150
314,uav_2,5066.952670513763,5824.597557687723,150
315,uav_2,5088.53172073099,5837.220161391546,150
316,uav_2,5109.897406938417,5850.20064618323,150
317,uav_2,5131.043794360588,5863.53540645602,150
318,uav_2,5151.96500913697,5877.220738195581,150
319,uav_2,5172.655239953536,5891.252840008874,150
320,uav_2,5193.108739656985,5905.627814180064,150
321,uav_2,5213.319826851138,5920.3416677531995,150
322,uav_2,5233.282887475065,5935.390313641345,150
323,uav_2,5252.992376362511,5950.769571761848,150
324,uav_2,5272.442818782181,5966.475170197453,150
325,uav_2,5291.628811958471,5982.502746382914,150
326,uav_2,5310.545026572196,5998.847848316791,150
327,uav_2,5329.186208240928,6015.505935798092,150
328,uav_2,5347.5471789785115,6032.472381687405,150
329,uav_2,5365.622838633357,6049.742473192187,150
330,uav_2,5383.408166305119,6067.311413175846,150
331,uav_2,5400.89822173936,6085.174321490242,150
332,uav_2,5418.088146699811,6103.326236331257,150
333,uav_2,5434.973166317844,6121.762115617041,150
334,uav_2,5451.5485904188035,6140.476838388557,150
335,uav_2,5467.809814824796,6159.4652062320365,150
336,uav_2,5483.752322633603,6178.721944722951,150
337,uav_2,5499.371685473343,6198.2417048910975,150
338,uav_2,5514.663564732547,6218.019064706385,150
339,uav_2,5529.623712765302,6238.04853058492,150
340,uav_2,5544.247974071129,6258.324538914971,150
341,uav_2,5558.532286449251,6278.841457602375,150
342,uav_2,5572.472682126969,6299.593587634978,150
343,uav_2,5586.065288861785,6320.575164665648,150
344,uav_2,5599.306331017007,6341.780360613458,150
345,uav_2,5612.1921306105105,6363.203285282546,150
346,uav_2,5624.719108336372,6384.837987998255,150
347,uav_2,5636.883784559109,6406.678459260052,150
348,uav_2,5648.682780280207,6428.718632410798,150
349,uav_2,5660.1128180767255,6450.952385321891,150
350,uav_2,5671.170723011658,6473.373542093818,150
351,uav_2,5681.853423515849,6495.975874771644,150
352,uav_2,5692.157952241179,6518.753105074958,150
353,uav_2,5702.081446884818,6541.6989061418,150
354,uav_2,5711.621150984283,6564.80690428608,150
355,uav_2,5720.774414683108,6588.070680768008,150
356,uav_2,5729.538695466899,6611.483773577038,150
357,uav_2,5737.91155886957,6635.039679226823,150
358,uav_2,5745.89067914957,6658.731854561702,150
359,uav_2,5753.473839935903,6682.5537185742005,150
360,uav_2,5760.658934843777,6706.498654233045,150
361,uav_2,5767.443968059698,6730.560010321184,150
362,uav_2,5773.827054895842,6754.731103283308,150
363,uav_2,5779.806422313575,6779.005219082345,150
364,uav_2,5785.380409415952,6803.375615064436,150
365,uav_2,5790.547467909063,6827.83552183184,150
366,uav_2,5795.306162532106,6852.37814512329,150
367,uav_2,5799.655171456061,6876.9966677012335,150
368,uav_2,5803.593286650858,6901.684251245476,150
369,uav_2,5807.119414220932,6926.434038252659,150
370,uav_2,5810.232574709075,6951.239153941089,150
371,uav_2,5812.931903368503,6976.09270816035,150
372,uav_2,5815.216650403056,7000.987797305189,150
373,uav_2,5817.0861811754685,7025.91750623314,150
374,uav_2,5818.539976383661,7050.874910185355,150
375,uav_2,5819.577632204978,7075.853076710098,150
376,uav_2,5820.1988604083635,7100.845067588391,150
377,uav_2,5820.403488434422,7125.843940761243,150
378,uav_2,5820.191459443352,7150.842752257959,150
379,uav_2,5819.56283233073,7175.834558124975,150
380,uav_2,5818.517781711158,7200.812416354693,150
381,uav_2,5817.056597869755,7225.769388813766,150
382,uav_2,5815.179686681526,7250.698543170321,150
383,uav_2,5812.88756949862,7275.592954819549,150
384,uav_2,5810.180883005518,7300.445708807174,150
385,uav_2,5807.060379042175,7325.249901750225,150
386,uav_2,5803.526924395181,7349.998643754599,150
387,uav_2,5799.5815005569975,7374.685060328869,150
388,uav_2,5795.225203453321,7399.302294293835,150
389,uav_2,5790.45924313867,7423.843507687238,150
390,uav_2,5785.284943460264,7448.301883663157,150
391,uav_2,5779.703741690299,7472.670628385532,150
392,uav_2,5773.717188126712,7496.942972915298,150
393,uav_2,5767.326945662556,7521.112175090601,150
394,uav_2,5760.534789324092,7545.171521399578,150
395,uav_2,5753.342605777743,7569.114328845175,150
396,uav_2,5745.752392806024,7592.9339468015005,150
397,uav_2,5737.766258752622,7616.623758861169,150
398,uav_2,5729.386421936757,7640.17718467316,150
399,uav_2,5720.615210036996,7663.587681770634,150
400,uav_2,5711.455059444692,7686.848747388263,150
401,uav_2,5701.908514587219,7709.9539202685,150
402,uav_2,5691.978227221208,7732.8967824563315,150
403,uav_2,5681.666955695967,7755.670961082005,150
404,uav_2,5670.977564187283,7778.27013013123,150
405,uav_2,5659.913021901844,7800.68801220236,150
406,uav_2,5648.476402252472,7822.9183802500775,150
407,uav_2,5636.670882004423,7844.955059315088,150
408,uav_2,5624.4997403929665,7866.791928239346,150
409,uav_2,5611.966358212512,7888.422921366339,150
410,uav_2,5599.074216877521,7909.842030225953,150
411,uav_2,5585.8268974554685,7931.0433052034505,150
412,uav_2,5572.228079672123,7952.020857192106,150
413,uav_2,5558.281540889429,7972.768859229031,150
414,uav_2,5543.991155056265,7993.281548113734,150
415,uav_2,5529.360891632359,8013.553226008978,150
416,uav_2,5514.394814485705,8033.57826202347,150
417,uav_2,5499.09708076372,8053.351093775969,150
418,uav_2,5483.4719397385215,8072.866228940349,150
419,uav_2,5467.523731626589,8092.1182467712115,150
420,uav_2,5451.256886383186,8111.101799609617,150
421,uav_2,5434.675922471839,8129.811614368507,150
422,uav_2,5417.785445609243,8148.24249399742,150
423,uav_2,5400.59014748592,8166.389318926079,150
424,uav_2,5383.094804463006,8184.247048486466,150
425,uav_2,5365.304276245512,8201.810722312974,150
426,uav_2,5347.223504532439,8219.075461720247,150
427,uav_2,5328.857511644115,8236.036471058356,150
428,uav_2,5310.211399127138,8252.689039044875,150
429,uav_2,5291.290346337314,8269.02854007355,150
430,uav_2,5272.0996090009785,8285.050435499159,150
431,uav_2,5252.644517755105,8300.750274898213,150
432,uav_2,5232.930476666611,8316.123697305164,150
433,uav_2,5212.96296173126,8331.166432423748,150
434,uav_2,5192.747519352588,8345.874301813159,150
435,uav_2,5172.289764801271,8360.243220048691,150
436,uav_2,5151.595380655363,8374.269195856563,150
437,uav_2,5130.670115221841,8387.948333222566,150
438,uav_2,5109.519780939887,8401.276832474281,150
439,uav_2,5088.150252766361,8414.250991336503,150
440,uav_2,5066.567466543904,8426.867205959643,150
441,uav_2,5044.777417352136,8439.121971920757,150
442,uav_2,5022.786157842389,8451.01188519699,150
443,uav_2,5000.599796556455,8462.533643111103,150
444,uav_2,4978.224496229815,8473.684045248874,150
445,uav_2,4955.666472079794,8484.459994348072,150
446,uav_2,4932.931990079168,8494.85849715879,150
447,uav_2,4910.02736521564,8504.87666527489,150
448,uav_2,4886.958959737731,8514.51171593631,150
449,uav_2,4863.733181387522,8523.760972802043,150
450,uav_2,4840.356481620767,8532.621866693542,150
451,uav_2,4816.83535381487,8541.091936308369,150
452,uav_2,4793.176331465203,8549.168828903872,150
453,uav_2,4769.385986370289,8556.850300950706,150
454,uav_2,4745.4709268063525,8564.13421875603,150
455,uav_2,4721.43779569172,8571.018559056178,150
456,uav_2,4697.293268741612,8577.501409578663,150
457,uav_2,4673.044052613824,8583.580969573362,150
458,uav_2,4648.696883045798,8589.255550312699,150
459,uav_2,4624.258522983646,8594.523575560734,150
460,uav_2,4599.7357607035765,8599.383582010993,150
461,uav_2,4575.13540792632,8603.834219692937,150
462,uav_2,4550.464297925026,8607.874252346934,150
463,uav_2,4525.729283627168,8611.502557767672,150
464,uav_2,4500.937235711008,8614.718128115863,150
465,uav_2,4476.095040697109,8617.520070198198,150
466,uav_2,4451.209599035462,8619.907605715447,150
467,uav_2,4426.287823188738,8621.880071478652,150
468,uav_2,4401.336635712204,8623.436919593341,150
469,uav_2,4376.362967330833,8624.577717611714,150
470,uav_2,4351.373755014153,8625.302148652765,150
471,uav_2,4326.375940049348,8625.610011490311,150
472,uav_2,4301.376466113174,8625.501220608876,150
473,uav_2,4276.3822773431975,8624.975806227449,150
474,uav_2,4251.400316408924,8624.033914291093,150
475,uav_2,4226.43752258331,8622.675806430396,150
476,uav_2,4201.500829815243,8620.901859888812,150
477,uav_2,4176.597164803482,8618.712567417864,150
478,uav_2,4151.733445072623,8616.10853714027,150
479,uav_2,4126.916577051606,8613.09049238103,150
480,uav_2,4102.153454155308,8609.659271466506,150
481,uav_2,4077.450954869754,8605.815827491555,150
482,uav_2,4052.815940841465,8601.56122805479,150
483,uav_2,4028.255254971487,8596.896654962033,150
484,uav_2,4003.7757195146414,8591.823403898035,150
485,uav_2,3979.384134184481,8586.342884066586,150
486,uav_2,3955.0872742645424,8580.456617799064,150
487,uav_2,3930.8918887263476,8574.16624013158,150
488,uav_2,3906.804698354754,8567.473498350824,150
489,uav_2,3882.832393881089,8560.380251508697,150
490,uav_2,3858.981634124683,8552.888469905934,150
491,uav_2,3835.259044143213,8545.00023454481,150
492,uav_2,3811.671213392477,8536.717736551094,150
493,uav_2,3788.2246938960093,8528.043276565411,150
494,uav_2,3764.9259984251366,8518.979264104211,150
495,uav_2,3741.7815986898963,8509.528216890445,150
496,uav_2,3718.7979235413995,8499.692760154237,150
497,uav_2,3695.9813571860723,8489.475625903664,150
498,uav_2,3673.3382374122975,8478.879652165873,150
499,uav_2,3650.874853829979,8467.907782198776,150
500,uav_2,3628.597446123445,8456.563063673475,150
501,uav_2,3606.5122023182644,8444.84864782773,150
502,uav_2,3584.625257062371,8432.767788590618,150
503,uav_2,3562.9426899220516,8420.323841678692,150
504,uav_2,3541.4705236932004,8407.520263663855,150
505,uav_2,3520.214722728376,8394.360611013231,150
506,uav_2,3499.181191280055,8380.848539101273,150
507,uav_2,3478.3757718606216,8366.98780119441,150
508,uav_2,3457.804243619466,8352.782247408486,150
509,uav_2,3437.4723207377174,8338.235823639328,150
510,uav_2,3417.3856508409935,8323.352570466668,150
511,uav_2,3397.549813430667,8308.136622031803,150
512,uav_2,3377.970318334032,8292.592204889235,150
513,uav_2,3358.652604173826,8276.723636832665,150
514,uav_2,3339.602036857553,8260.53532569563,150
515,uav_2,3320.8239080869666,8244.031768127134,150
516,uav_2,3302.3234338882103,8227.217548342604,150
517,uav_2,3284.105753162932,8210.097336850533,150
518,uav_2,3266.1759262608657,8192.675889155142,150
519,uav_2,3248.538933574191,8174.958044435436,150
520,uav_2,3231.1996741541416,8156.948724201026,150
521,uav_2,3214.162964350172,8138.652930925064,150
522,uav_2,3197.433536472131,8120.075746654708,150
523,uav_2,3181.0160374757443,8101.222331599471,150
524,uav_2,3164.9150276718387,8082.097922697864,150
525,uav_2,3149.1349794596053,8062.707832162722,150
526,uav_2,3133.6802760843057,8043.057446005628,150
527,uav_2,3118.5552104197286,8023.15222254083,150
528,uav_2,3103.763983775745,8002.997690869076,150
529,uav_2,3089.3107047313188,7982.599449341797,150
530,uav_2,3075.199387993248,7961.963164006028,150
531,uav_2,3061.4339532810036,7941.094567030566,150
532,uav_2,3048.0182242379365,7919.999455113716,150
533,uav_2,3034.9559273691875,7898.68368787315,150
534,uav_2,3022.2506910065604,7877.15318621826,150
535,uav_2,3009.9060443006865,7855.413930705515,150
536,uav_2,2997.925416240717,7833.471959877212,150
537,uav_2,2986.312134701857,7811.333368584167,150
538,uav_2,2975.0694255209705,7789.004306292718,150
539,uav_2,2964.2004116005414,7766.490975376596,150
540,uav_2,2953.7081120412136,7743.799629394069,150
541,uav_2,2943.595441303178,7720.936571350895,150
542,uav_2,2933.8652083966167,7697.908151949526,150
543,uav_2,2924.5201161014365,7674.720767825051,150
544,uav_2,2915.5627602165205,7651.380859768413,150
545,uav_2,2906.995628838685,7627.894910937328,150
546,uav_2,2898.8211016715613,7604.269445055462,150
547,uav_2,2891.0414493645753,7580.511024600309,150
548,uav_2,2883.6588328822363,7556.626248980346,150
549,uav_2,2876.6753029038728,7532.6217527018825,150
550,uav_2,2870.0927992540214,7508.50420352621,150
551,uav_2,2863.913150363591,7484.280300617463,150
552,uav_2,2858.1380727619835,7459.956772681805,150
553,uav_2,2852.769170600288,7435.54037609837,150
554,uav_2,2847.807935205694,7411.03789304255,150
555,uav_2,2843.2557446672436,7386.456129602084,150
556,uav_2,2839.113863453038,7361.801913886535,150
557,uav_2,2835.3834420590056,7337.082094130634,150
558,uav_2,2832.065516689324,7312.3035367920265,150
559,uav_2,2829.1610089685946,7287.473124643986,150
560,uav_2,2826.6707256858426,7262.597754863557,150
561,uav_2,2824.595358570411,7237.684337115736,150
562,uav_2,2822.935484099821,7212.7397916341415,150
563,uav_2,2821.691563339642,7187.771047298799,150
564,uav_2,2820.8639418154194,7162.785039711471,150
565,uav_2,2820.4528494166993,7137.7887092691635,150
566,uav_2,2820.458400333172,7112.78899923627,150
567,uav_2,2820.880593022952,7087.792853815946,150
568,uav_2,2821.719310213006,7062.807216221188,150
569,uav_2,2822.9743189317296,7037.839026746235,150
570,uav_2,2824.645270573661,7012.89522083872,150
571,uav_2,2826.73170099631,6987.982727173234,150
572,uav_2,2829.233030649085,6963.108465726722,150
573,uav_2,2832.148564734278,6938.279345856306,150
574,uav_2,2835.477493400055,6913.502264380081,150
575,uav_2,2839.2188919654163,6888.784103661359,150
576,uav_2,2843.3717211770386,6864.131729696965,150
577,uav_2,2847.9348274979548,6839.551990210032,150
578,uav_2,2852.906943427971,6815.051712747934,150
579,uav_2,2858.286687855745,6790.637702785758,150
580,uav_2,2864.072566442416,6766.31674183596,150
581,uav_2,2870.262972036691,6742.095585564638,150
582,uav_2,2876.8561851212635,6717.98096191502,150
583,uav_2,2883.850374290451,6693.979569238613,150
584,uav_2,2891.243596758899,6670.098074434617,150
585,uav_2,2899.033798901239,6646.343111098023,150
586,uav_2,2907.218816822523,6622.721277677018,150
587,uav_2,2915.796376959289,6599.239135640112,150
588,uav_2,2924.7640967110992,6575.903207653541,150
589,uav_2,2934.1194851023497,6552.71997576948,150
590,uav_2,2943.8599434742,6529.69587962549,150
591,uav_2,2953.9827662063976,6506.837314655794,150
592,uav_2,2964.485141468831,6484.150630314789,150
593,uav_2,2975.3641520025667,6461.642128313363,150
594,uav_2,2986.616775930188,6439.3180608684515,150
595,uav_2,2998.239887595177,6417.184628966361,150
596,uav_2,3010.230258430145,6395.247980640297,150
597,uav_2,3022.584557853621,6373.514209262637,150
598,uav_2,3035.299354195206,6351.989351852344,150
599,uav_2,3048.3711156487807,6330.679387398077,150
600,uav_2,3061.7962112535506,6309.590235197379,150
601,uav_2,3075.5709119026137,6288.727753212483,150
602,uav_2,3089.691391378804,6268.09773644313,150
603,uav_2,3104.153727417509,6247.705915316879,150
604,uav_2,3118.953902796152,6227.557954097373,150
605,uav_2,3134.087806450073,6207.659449310951,150
606,uav_2,3149.5512346144533,6188.015928192111,150
607,uav_2,3165.3398919920146,6168.632847148184,150
608,uav_2,3181.4493929461123,6149.515590243722,150
609,uav_2,3197.8752627189588,6130.669467704936,150
610,uav_2,3214.612938674565,6112.09971444469,150
611,uav_2,3231.657771566124,6093.81148860837,150
612,uav_2,3249.005026827429,6075.80987014112,150
613,uav_2,3266.649885888007,6058.09985937676,150
614,uav_2,3284.5874475115725,6040.686375648853,150
615,uav_2,3302.812729157461,6023.574255924241,150
616,uav_2,3321.3206683646235,6006.768253459484,150
617,uav_2,3340.10612415784,5990.273036480541,150
618,uav_2,3359.1638784757392,5974.09318688606,150
619,uav_2,3378.4886376202144,5958.233198974674,150
620,uav_2,3398.0750337268764,5942.697478196597,150
621,uav_2,3417.917626256076,5927.490339929933,150
622,uav_2,3438.010903504147,5912.616008281971,150
623,uav_2,3458.3492841343823,5898.078614915862,150
624,uav_2,3478.9271187273857,5883.882197902953,150
625,uav_2,3499.738691350304,5870.030700601134,150
626,uav_2,3520.778221144565,5856.5279705594785,150
627,uav_2,3542.0398639316154,5843.377758449509,150
628,uav_2,3563.517713836286,5830.583717023366,150
629,uav_2,3585.2058049272573,5818.149400099183,150
630,uav_2,3607.09811287424,5806.078261573928,150
631,uav_2,3629.1885566213477,5794.373654464021,150
632,uav_2,3651.471000076244,5783.0388299739525,150
633,uav_2,3673.9392538145835,5772.076936593198,150
634,uav_2,3696.5870767992374,5761.4910192216585,150
635,uav_2,3719.4081781138966,5751.284018323868,150
636,uav_2,3742.3962187104844,5741.458769112223,150
637,uav_2,3765.5448131699873,5732.018000759441,150
638,uav_2,3788.8475314761167,5722.9643356404695,150
639,uav_2,3812.297900801407,5714.300288604072,150
640,uav_2,3835.8894073051592,5706.028266274272,150
641,uav_2,3859.61549794282,5698.150566381859,150
642,uav_2,3883.469582286211,5690.669377126152,150
643,uav_2,3907.445034354177,5683.586776567172,150
644,uav_2,3931.53519445308,5676.904732048422,150
645,uav_2,3955.733371026684,5670.625099650416,150
646,uav_2,3980.0328425148664,5664.749623675107,150
647,uav_2,4004.4268592206786,5659.279936161376,150
648,uav_2,4028.9086451852268,5654.217556431697,150
649,uav_2,4053.4714000698223,5649.563890670108,150
650,uav_2,4078.10830104494,5645.320231531622,150
651,uav_2,4102.812504685387,5641.487757783158,150
652,uav_2,4127.5771488712235,5638.067533976111,150
653,uav_2,4152.395354693855,5635.060510150661,150
654,uav_2,4177.260228366803,5632.467521571867,150
655,uav_2,4202.164863140591,5630.289288497664,150
656,uav_2,4227.102341221254,5628.526415978785,150
657,uav_2,4252.065735691894,5627.179393690709,150
658,uav_2,4277.048112436784,5626.24859579763,150
659,uav_2,4302.042532067462,5625.734280848534,150
660,uav_2,4327.042051850305,5625.636591705378,150
661,uav_2,4352.039727635005,5625.955555503408,150
662,uav_2,4377.028615783465,5626.691083643617,150
663,uav_2,4402.00177509855,5627.842971817366,150
664,uav_2,4426.952268752133,5629.410900063121,150
665,uav_2,4451.873166211968,5631.394432855342,150
666,uav_2,4476.757545166774,5633.79301922545,150
667,uav_2,4501.598493449076,5636.605992914878,150
668,uav_2,4526.389110955184,5639.832572560133,150
669,uav_2,4551.1225115618645,5643.471861909837,150
670,uav_2,4575.791825039091,5647.522850073682,150
671,uav_2,4600.390198958416,5651.984411803228,150
672,uav_2,4624.910800596354,5656.855307804458,150
673,uav_2,4649.346818832348,5662.134185082025,150
674,uav_2,4673.691466040671,5667.819577315075,150
675,uav_2,4697.937979975861,5673.9099052645415,150
676,uav_2,4722.07962565106,5680.403477211824,150
677,uav_2,4746.109697208811,5687.298489428688,150
678,uav_2,4770.0215197837515,5694.5930266783,150
679,uav_2,4793.808451356693,5702.285062747214,150
680,uav_2,4817.463884599598,5710.372461008206,150
681,uav_2,4840.981248710887,5718.8529750137595,150
682,uav_2,4864.354011240637,5727.72424912007,150
683,uav_2,4887.575679905096,5736.983819141371,150
684,uav_2,4910.639804390065,5746.62911303442,150
685,uav_2,4933.539978142596,5756.657451612929,150
686,uav_2,4956.269840150564,5767.06604929178,150
687,uav_2,4978.82307670956,5777.85201486076,150
688,uav_2,5001.193423176673,5789.012352287683,150
689,uav_2,5023.3746657106085,5800.543961550575,150
690,uav_2,5045.360642997738,5812.443639498791,150
691,uav_2,5067.1452479635145,5824.708080742748,150
692,uav_2,5088.722429468853,5837.3338785720725,150
693,uav_2,5110.086193990971,5850.317525901884,150
694,uav_2,5131.2306072881975,5863.655416246964,150
695,uav_2,5152.1497960483575,5877.343844723536,150
696,uav_2,5172.83794952019,5891.3790090783705,150
697,uav_2,5193.289321127425,5905.757010744951,150
698,uav_2,5213.498230065004,5920.473855926373,150
699,uav_2,5233.459062877057,5935.525456704718,150
700,uav_2,5253.166275016148,5950.907632176549,150
701,uav_2,5272.6143923834015,5966.616109614255,150
702,uav_2,5291.798012849043,5982.646525652884,150
703,uav_2,5310.711807752962,5998.99442750217,150
704,uav_2,5329.350523384854,6015.65527418338,150
705,uav_2,5347.708982443559,6032.624437790679,150
706,uav_2,5365.78208547516,6049.897204776618,150
707,uav_2,5383.564812289466,6067.468777261432,150
708,uav_2,5401.052223354487,6085.33427436575,150
709,uav_2,5418.239461168478,6103.48873356636,150
710,uav_2,5435.12175160923,6121.927112074664,150
711,uav_2,5451.69440526017,6140.64428823741,150
712,uav_2,5467.952818712962,6159.635062959353,150
713,uav_2,5483.892475846181,6178.894161147396,150
714,uav_2,5499.508949079788,6198.4162331758835,150
715,uav_2,5514.797900604961,6218.195856372553,150
716,uav_2,5529.7550835890315,6238.227536524813,150
717,uav_2,5544.376343355119,6258.505709405866,150
718,uav_2,5558.657618536197,6279.024742320304,150
719,uav_2,5572.5949422032045,6299.7789356686935,150
720,uav_2,5586.184442966967,6320.762524530781,150
721,uav_2,5599.422346053539,6341.969680266805,150
722,uav_2,5612.304974352737,6363.3945121365305,150
723,uav_2,5624.828749439537,6385.031068935537,150
724,uav_2,5636.990192568052,6406.873340648278,150
725,uav_2,5648.785925637836,6428.915260117504,150
726,uav_2,5660.212672132213,6451.150704729532,150
727,uav_2,5671.26725802841,6473.573498114947,150
728,uav_2,5681.946612679201,6496.177411864205,150
729,uav_2,5692.247769665855,6518.956167257724,150
730,uav_2,5702.167867622109,6541.903437009911,150
731,uav_2,5711.704151028984,6565.012847026724,150
732,uav_2,5720.853970980185,6588.277978176191,150
733,uav_2,5729.614785917893,6611.692368071481,150
734,uav_2,5737.984162338733,6635.249512865949,150
735,uav_2,5745.959775469739,6658.942869059742,150
736,uav_2,5753.539409914101,6682.765855317373,150
737,uav_2,5760.7209602665425,6706.711854295839,150
738,uav_2,5767.5024316981435,6730.7742144827325,150
739,uav_2,5773.881940510444,6754.946252043829,150
740,uav_2,5779.857714658685,6779.221252679681,150
741,uav_2,5785.4280942440255,6803.59247349064,150
742,uav_2,5790.59153197462,6828.05314484986,150
743,uav_2,5795.346593595411,6852.596472283681,150
744,uav_2,5799.691958286525,6877.21563835897,150
745,uav_2,5803.626419030152,6901.903804576778,150
746,uav_2,5807.148882945831,6926.654113271907,150
747,uav_2,5810.258371594012,6951.459689517746,150
748,uav_2,5812.954021247841,6976.313643035954,150
749,uav_2,5815.235083133082,7001.209070110358,150
750,uav_2,5817.1009236361,7026.139055504633,150
751,uav_2,5818.551024479864,7051.09667438313,150
752,uav_2,5819.5849828679075,7076.0749942344155,150
753,uav_2,5820.202511596217,7101.067076796921,150
754,uav_2,5820.403439133002,7126.065979986187,150
755,uav_2,5820.187709666355,7151.0647598231835,150
756,uav_2,5819.555383119736,7176.056472363139,150
757,uav_2,5818.506635135344,7201.034175624381,150
758,uav_2,5817.041757025321,7225.990931516605,150
759,uav_2,5815.161155690833,7250.919807768096,150
760,uav_2,5812.865353509047,7275.813879851293,150
761,uav_2,5810.154988188029,7300.6662329062465,150
762,uav_2,5807.030812589609,7325.469963661347,150
763,uav_2,5803.493694520252,7350.218182350878,150
764,uav_2,5799.544616490012,7374.904014628773,150
765,uav_2,5795.1846754396165,7399.520603478135,150
766,uav_2,5790.415082435767,7424.061111115897,150
767,uav_2,5785.237162334741,7448.518720892174,150
768,uav_2,5779.652353414382,7472.886639183742,150
769,uav_2,5773.662206974594,7497.158097281087,150
770,uav_2,5767.268386906424,7521.326353268587,150
771,uav_2,5760.472669229892,7545.384693897196,150
772,uav_2,5753.276941600655,7569.326436449217,150
773,uav_2,5745.683202785676,7593.144930594548,150
774,uav_2,5737.69356210802,7616.833560237973,150
775,uav_2,5729.310238860947,7640.3857453569035,150
776,uav_2,5720.535561691452,7663.794943829141,150
777,uav_2,5711.371967953442,7687.054653250068,150
778,uav_2,5701.822003030698,7710.158412738858,150
779,uav_2,5691.88831962985,7733.0998047330895,150
780,uav_2,5681.573677043523,7755.872456771395,150
781,uav_2,5670.88094038389,7778.470043263523,150
782,uav_2,5659.813079786828,7800.886287247413,150
783,uav_2,5648.373169586888,7823.114962132766,150
784,uav_2,5636.564387463347,7845.149893430595,150
785,uav_2,5624.39001355753,7866.984960468339,150
786,uav_2,5611.853429561688,7888.6140980899945,150
787,uav_2,5598.958117779652,7910.031298340856,150
788,uav_2,5585.707660159557,7931.230612136339,150
789,uav_2,5572.105737298874,7952.206150914483,150
790,uav_2,5558.15612742205,7972.952088271608,150
791,uav_2,5543.86270533102,7993.462661580735,150
792,uav_2,5529.2294413289055,8013.732173592268,150
793,uav_2,5514.260400117168,8033.754994016542,150
794,uav_2,5498.959739666561,8053.525561087736,150
795,uav_2,5483.331710062161,8073.038383108792,150
796,uav_2,5467.380652322813,8092.2880399768355,150
797,uav_2,5451.110997195327,8111.269184688732,150
798,uav_2,5434.527263923734,8129.976544826337,150
799,uav_2,5417.6340589939755,8148.404924021006,150
800,uav_2,5400.436074854355,8166.549203397018,150
801,uav_2,5382.938088612106,8184.40434299343,150
802,uav_2,5365.144960706449,8201.965383164057,150
803,uav_2,5347.061633558507,8219.227445955097,150
804,uav_2,5328.693130198431,8236.185736460107,150
805,uav_2,5310.04455287016,8252.835544151872,150
806,uav_2,5291.121081614149,8269.172244190875,150
807,uav_2,5271.927972828518,8285.191298709924,150
808,uav_2,5252.47055780896,8300.888258074656,150
809,uav_2,5232.75424126787,8316.25876211951,150
810,uav_2,5212.7844998330675,8331.298541358865,150
811,uav_2,5192.566880526544,8346.003418172968,150
812,uav_2,5172.106999223669,8360.369307968367,150
813,uav_2,5151.410539093241,8374.392220312493,150
814,uav_2,5130.483249018891,8388.068260042082,150
815,uav_2,5109.330942002183,8401.39362834515,150
816,uav_2,5087.959493547953,8414.364623816178,150
817,uav_2,5066.374840032235,8426.977643484275,150
818,uav_2,5044.582977053333,8439.229183813968,150
819,uav_2,5022.589957766394,8451.115841678387,150
820,uav_2,5000.401891202031,8462.634315304555,150
821,uav_2,4978.024940569395,8473.781405190528,150
822,uav_2,4955.465321544227,8484.554014994126,150
823,uav_2,4932.729300542305,8494.949152393005,150
824,uav_2,4909.82319297883,8504.963929915837,150
825,uav_2,4886.753361514169,8514.595565744374,150
826,uav_2,4863.526214286503,8523.84138448615,150
827,uav_2,4840.1482031318255,8532.698817917628,150
828,uav_2,4816.625821791799,8541.165405697591,150
829,uav_2,4792.965604109997,8549.238796050537,150
830,uav_2,4769.1741222169685,8556.916746419945,150
831,uav_2,4745.257984704711,8564.197124091197,150
832,uav_2,4721.223834790968,8571.077906783972,150
833,uav_2,4697.078348473962,8577.557183213987,150
834,uav_2,4672.828232677964,8583.633153623898,150
835,uav_2,4648.480223390327,8589.304130283212,150
836,uav_2,4624.041083790405,8594.5685379571,150
837,uav_2,4599.5176023709455,8599.424914343948,150
838,uav_2,4574.916591052431,8603.87191048154,150
839,uav_2,4550.244883290939,8607.908291121768,150
840,uav_2,4525.5093321799795,8611.53293507374,150
841,uav_2,4500.7168085469275,8614.744835515217,150
842,uav_2,4475.874199044489,8617.543100272289,150
843,uav_2,4450.988404237784,8619.92695206718,150
844,uav_2,4426.066336687582,8621.895728734167,150
845,uav_2,4401.114919030171,8623.448883403498,150
846,uav_2,4376.141082054469,8624.58598465331,150
847,uav_2,4351.151762776825,8625.306716629455,150
848,uav_2,4326.153902514143,8625.61087913324,150
849,uav_2,4301.154444955754,8625.498387677038,150
850,uav_2,4276.1603342346825,8624.969273507751,150
851,uav_2,4251.178512998747,8624.023683598136,150
852,uav_2,4226.215920482106,8622.661880605976,150
853,uav_2,4201.279490577724,8620.884242801123,150
854,uav_2,4176.376149911348,8618.691263960429,150
855,uav_2,4151.512815917476,8616.083553230577,150
856,uav_2,4126.6963949179035,8613.061834958895,150
857,uav_2,4101.933780203342,8609.62694849214,150
858,uav_2,4077.2318501186514,8605.779847943353,150
859,uav_2,4052.597466152249,8601.521601926841,150
860,uav_2,4028.0374710301658,8596.853393261339,150
861,uav_2,4003.558686815354,8591.776518641458,150
862,uav_2,3979.167913012693,8586.292388277503,150
863,uav_2,3954.8719246803,8580.402525503761,150
864,uav_2,3930.6774705475955,8574.10856635535,150
865,uav_2,3906.5912711407177,8567.412259113786,150
866,uav_2,3882.6200169157346,8560.315463821356,150
867,uav_2,3858.770366400245,8552.820151764456,150
868,uav_2,3835.048944343813,8544.928404926015,150
869,uav_2,3811.4623398778194,8536.64241540719,150
870,uav_2,3788.0171046851715,8527.964484818458,150
871,uav_2,3764.7197511804507,8518.897023640295,150
872,uav_2,3741.576750700943,8509.442550553613,150
873,uav_2,3718.594531709078,8499.603691740143,150
874,uav_2,3695.779478006806,8489.38318015296,150
875,uav_2,3673.1379269623385,8478.783854757341,150
876,uav_2,3650.6761677498307,8467.80865974219,150
877,uav_2,3628.4004396024075,8456.460643702216,150
878,uav_2,3606.3169300791046,8444.742958791128,150
879,uav_2,3584.431773346122,8432.65885984606,150
880,uav_2,3562.7510484729464,8420.211703483463,150
881,uav_2,3541.280777743742,8407.404947166733,150
882,uav_2,3520.0269249845524,8394.242148245836,150
883,uav_2,3498.995393906699,8380.726962969165,150
884,uav_2,3478.1920264669207,8366.863145467954,150
885,uav_2,3457.622601244625,8352.654546713475,150
886,uav_2,3437.2928318367813,8338.105113447353,150
887,uav_2,3417.208365270841,8323.218887085279,150
888,uav_2,3397.374780436148,8308.000002594408,150
889,uav_2,3377.797586534297,8292.452687344803,150
890,uav_2,3358.4822215488193,8276.58125993517,150
891,uav_2,3339.434050734686,8260.390128993296,150
892,uav_2,3320.658365127972,8243.883791951444,150
893,uav_2,3302.160380076178,8227.0668337971,150
894,uav_2,3283.94523378954,8209.943925799398,150
895,uav_2,3266.017985913796,8192.519824211571,150
896,uav_2,3248.383616124747,8174.799368949798,150
897,uav_2,3231.04702274506,8156.787482248825,150
898,uav_2,3214.013021383641,8138.489167294692,150
899,uav_2,3197.2863435980107,8119.9095068350125,150
900,uav_2,3180.871635579997,8101.053661767109,150
901,uav_2,3164.7734568651726,8081.926869704481,150
902,uav_2,3148.9962790663376,8062.534443521942,150
903,uav_2,3133.5444846314294,8042.881769879845,150
904,uav_2,3118.4223656262184,8022.974307727839,150
905,uav_2,3103.634122542079,8002.817586788514,150
906,uav_2,3089.1838631292267,7982.417206021417,150
907,uav_2,3075.0756012556917,7961.778832067803,150
908,uav_2,3061.3132557923927,7940.908197676627,150
909,uav_2,3047.900649524576,7919.811100112131,150
910,uav_2,3034.8415080899626,7898.493399543539,150
911,uav_2,3022.1394589438696,7876.961017417271,150
912,uav_2,3009.7980303516088,7855.219934812133,150
913,uav_2,2997.820650408433,7833.2761907779395,150
914,uav_2,2986.210646087313,7811.13588065805,150
915,uav_2,2974.9712423147957,7788.805154396243,150
916,uav_2,2964.1055610752164,7766.290214828452,150
917,uav_2,2953.616620543499,7743.597315959788,150
918,uav_2,2943.5073342467895,7720.732761227352,150
919,uav_2,2933.7805102551692,7697.702901749331,150
920,uav_2,2924.4388504016474,7674.51413456083,150
921,uav_2,2915.4849495316735,7651.1729008369675,150
922,uav_2,2906.921294782358,7627.68568410369,150
923,uav_2,2898.750264891625,7604.0590084368505,150
924,uav_2,2890.974129537459,7580.299436649987,150
925,uav_2,2883.595048707458,7556.413568471384,150
926,uav_2,2876.615072098849,7532.408038710832,150
927,uav_2,2870.0361385491433,7508.289515416695,150
928,uav_2,2863.8600754975796,7484.064698023688,150
929,uav_2,2858.088598477516,7459.740315491994,150
930,uav_2,2852.7233106399026,7435.323124438129,150
931,uav_2,2847.7657023079737,7410.819907258162,150
932,uav_2,2843.217150563278,7386.237470243758,150
933,uav_2,2839.0789188631634,7361.582641691574,150
934,uav_2,2835.352156689827,7336.862270006572,150
935,uav_2,2832.037899231021,7312.083221799706,150
936,uav_2,2829.137067092506,7287.2523799805995,150
937,uav_2,2826.650466042335,7262.376641845647,150
938,uav_2,2824.578786787034,7237.462917162164,150
939,uav_2,2822.92260477974,7212.518126249026,150
940,uav_2,2821.682380060364,7187.549198054433,150
941,uav_2,2820.8584571277956,7162.563068231217,150
942,uav_2,2820.451064844219,7137.56667721034,150
943,uav_2,2820.4603163715383,7112.56696827302,150
944,uav_2,2820.886209139944,7087.570885622111,150
945,uav_2,2821.728624848628,7062.585372453173,150
946,uav_2,2822.987329498643,7037.6173690258765,150
947,uav_2,2824.6619734579026,7012.67381073619,150
948,uav_2,2826.7520915582963,6987.761626189911,150
949,uav_2,2829.2571032249025,6962.887735278125,150
950,uav_2,2832.1763126372553,6938.059047255028,150
951,uav_2,2835.5089089226203,6913.282458818763,150
952,uav_2,2839.2539663812368,6888.564852195687,150
953,uav_2,2843.4104447434465,6863.9130932287135,150
954,uav_2,2847.9771894586524,6839.334029470149,150
955,uav_2,2852.95293201602,6814.834488279668,150
956,uav_2,2858.3362902968333,6790.421274927841,150
957,uav_2,2864.1257689584063,6766.101170705851,150
958,uav_2,2870.3197598494494,6741.880931041819,150
959,uav_2,2876.9165424567627,6717.767283624368,150
960,uav_2,2883.9142843831523,6693.766926533835,150
961,uav_2,2891.3110418564092,6669.886526381763,150
962,uav_2,2899.1047602692443,6646.132716459079,150
963,uav_2,2907.2932747499863,6622.512094893592,150
964,uav_2,2915.874310763932,6599.031222817183,150
965,uav_2,2924.845484745144,6575.696622543338,150
966,uav_2,2934.204304758535,6552.5147757554205,150
967,uav_2,2943.948171192052,6529.492121706265,150
968,uav_2,2954.074377478785,6506.635055429513,150
969,uav_2,2964.5801108487676,6483.949925963272,150
970,uav_2,2975.462453110282,6461.443034586522,150
971,uav_2,2986.718381460447,6439.120633068826,150
972,uav_2,2998.3447693248772,6416.988921933735,150
973,uav_2,3010.3383872261443,6395.054048736479,150
974,uav_2,3022.695903680843,6373.322106356345,150
975,uav_2,3035.4138861249658,6351.799131304269,150
976,uav_2,3048.4888018673905,6330.491102046035,150
977,uav_2,3061.917019071153,6309.4039373416435,150
978,uav_2,3075.6948077622556,6288.543494601265,150
979,uav_2,3089.818340865767,6267.9155682581895,150
980,uav_2,3104.2836952688604,6247.525888159322,150
981,uav_2,3119.086852910552,6227.380117973578,150
982,uav_2,3134.2237018977844,6207.483853618704,150
983,uav_2,3149.690037647616,6187.842621706863,150
984,uav_2,3165.4815640551215,6168.4618780095125,150
985,uav_2,3181.593894686729,6149.347005941949,150
986,uav_2,3198.022553998636,6130.5033150679565,150
987,uav_2,3214.7629785800073,6111.936039624943,150
988,uav_2,3231.8105184205433,6093.650337070034,150
989,uav_2,3249.1604382021305,6075.651286647468,150
990,uav_2,3266.8079186141586,6057.943887977749,150
991,uav_2,3284.7480576922126,6040.533059668867,150
992,uav_2,3302.975872179685,6023.4236379500635,150
993,uav_2,3321.486298911971,6006.620375328479,150
994,uav_2,3340.274196222892,5990.127939269012,150
995,uav_2,3359.33434537289,5973.950910897857,150
996,uav_2,3378.66145199865,5958.093783729986,150
997,uav_2,3398.250147583708,5942.560962420989,150
998,uav_2,3418.094990949694,5927.356761543574,150
999,uav_2,3438.1904697677187,5912.485404389111,150
1000,uav_2,3458.531002089551,5897.951021794516,150
1,uav_3,4604.156234385761,3366.872423237512,150
2,uav_3,4603.531306720912,3391.864321883975,150
3,uav_3,4602.489953489058,3416.842334534862,150
4,uav_3,4601.032463948292,3441.799523013934,150
5,uav_3,4599.159242947448,3466.72895492931,150
6,uav_3,4596.870810813647,3491.623705599087,150
7,uav_3,4594.167803207769,3516.476859974818,150
8,uav_3,4591.050970947877,3541.281514562316,150
9,uav_3,4587.521179800672,3566.0307793392435,150
10,uav_3,4583.579410240996,3590.717779668967,150
11,uav_3,4579.226757179494,3615.3356582101324,150
12,uav_3,4574.464429658471,3639.8775768214364,150
13,uav_3,4569.2937505160635,3664.3367184610697,150
14,uav_3,4563.716156018785,3688.7062890802927,150
15,uav_3,4557.733195462576,3712.979519510629,150
16,uav_3,4551.346530742455,3737.149667344147,150
17,uav_3,4544.557935890888,3761.210018806307,150
18,uav_3,4537.369296585018,3785.153890620854,150
19,uav_3,4529.782609622873,3808.974631866243,150
20,uav_3,4521.799982368715,3832.665625823073,150
21,uav_3,4513.423632167677,3856.2202918120215,150
22,uav_3,4504.655885729843,3879.6320870217705,150
23,uav_3,4495.4991784839585,3902.89450832641,150
24,uav_3,4485.956053900936,3926.0010940918205,150
25,uav_3,4476.029162787354,3948.9454259705317,150
26,uav_3,4465.721262549136,3971.7211306845534,150
27,uav_3,4455.035216425624,3994.32188179569,150
28,uav_3,4443.973992694253,4016.741401462844,150
29,uav_3,4432.540663846046,4038.9734621858206,150
30,uav_3,4420.738405732168,4061.011888535149,150
31,uav_3,4408.570496681761,4082.8505588674384,150
32,uav_3,4396.040316591324,4104.483407025797,150
33,uav_3,4383.151345985867,4125.904424024833,150
34,uav_3,4369.907165052128,4147.107659719786,150
35,uav_3,4356.311452644094,4168.087224459299,150
36,uav_3,4342.367985261126,4188.837290721398,150
37,uav_3,4328.080635998951,4209.3520947322095,150
38,uav_3,4313.453373473832,4229.625938066974,150
39,uav_3,4298.490260720193,4249.653189232904,150
40,uav_3,4283.195454062031,4269.42828523345,150
41,uav_3,4267.573201958407,4288.945733113544,150
42,uav_3,4251.627843823341,4308.200111485381,150
43,uav_3,4235.363808820456,4327.186072034331,150
44,uav_3,4218.785614632675,4345.898341004544,150
45,uav_3,4201.8978662073405,4364.331720663846,150
46,uav_3,4184.705254477093,4382.481090747525,150
47,uav_3,4167.212555056867,4400.3414098805915,150
48,uav_3,4149.424626917356,4417.9077169781285,150
49,uav_3,4131.346411035335,4435.175132623337,150
50,uav_3,4112.982929021194,4452.1388604229005,150
51,uav_3,4094.339281724082,4468.794188339283,150
52,uav_3,4075.4206478150372,4485.136489999604,150
53,uav_3,4056.232282348499,4501.161225980703,150
54,uav_3,4036.7795153026054,4516.86394507007,150
55,uav_3,4017.0677500986762,4532.240285502257,150
56,uav_3,3997.1024621003007,4547.285976170461,150
57,uav_3,3976.889197092434,4561.996837812905,150
58,uav_3,3956.4335697409415,4576.368784173724,150
59,uav_3,3935.741262033003,4590.397823138005,150
60,uav_3,3914.8180216988185,4604.080057840689,150
61,uav_3,3893.6696606150563,4617.411687749001,150
62,uav_3,3872.3020531904785,4630.389009718133,150
63,uav_3,3850.721134734199,4643.00841901987,150
64,uav_3,3828.9328998070237,4655.266410343883,150
65,uav_3,3806.9434005563344,4667.1595787713995,150
66,uav_3,3784.7587450349747,4678.684620720998,150
67,uav_3,3762.38509550461,4689.83833486624,150
68,uav_3,3739.8286667240254,4700.617623024917,150
69,uav_3,3717.095724222845,4711.019491019626,150
70,uav_3,3694.192582561145,4721.0410495094775,150
71,uav_3,3671.125603575456,4730.6795147926605,150
72,uav_3,3647.9011946116193,4739.932209579684,150
73,uav_3,3624.525806745014,4748.796563737045,150
74,uav_3,3601.0059329886335,4757.270115001144,150
75,uav_3,3577.348106489512,4765.350509662224,150
76,uav_3,3553.558898714001,4773.03550321817,150
77,uav_3,3529.644917622407,4780.322960997963,150
78,uav_3,3505.61280583349,4787.210858754634,150
79,uav_3,3481.4692387793316,4793.6972832275405,150
80,uav_3,3457.220922851093,4799.780432673813,150
81,uav_3,3432.874593536171,4805.458617368833,150
82,uav_3,3408.437013547274,4810.730260075583,150
83,uav_3,3383.9149709439325,4815.593896482764,150
84,uav_3,3359.3152772469703,4820.048175611535,150
85,uav_3,3334.6447655464613,4824.09186019078,150
86,uav_3,3309.9102886036917,4827.723827000782,150
87,uav_3,3285.118716947659,4830.943067185228,150
88,uav_3,3260.2769369666353,4833.7486865314295,150
89,uav_3,3235.391848995328,4836.139905718721,150
90,uav_3,3210.4703653981633,4838.116060534926,150
91,uav_3,3185.5194086492284,4839.676602060858,150
92,uav_3,3160.5459094094085,4840.821096822794,150
93,uav_3,3135.556804601247,4841.54922691288,150
94,uav_3,3110.559035482067,4841.860790077441,150
95,uav_3,3085.5595457158875,4841.755699773157,150
96,uav_3,3060.5652794446755,4841.233985191102,150
97,uav_3,3035.5831793594607,4840.29579124864,150
98,uav_3,3010.6201847718544,4838.941378549167,150
99,uav_3,2985.6832296865077,4837.171123309723,150
100,uav_3,2960.779240875045,4834.985517256492,150
101,uav_3,2935.9151359520047,4832.3851674882135,150
102,uav_3,2911.0978214533216,4829.370796307548,150
103,uav_3,2886.334190917894,4825.943241020439,150
104,uav_3,2861.6311229727507,4822.103453703541,150
105,uav_3,2836.9954794223704,4817.85250093975,150
106,uav_3,2812.4341033426663,4813.191563521946,150
107,uav_3,2787.9538171801746,4808.121936124997,150
108,uav_3,2763.561420856978,4802.6450269461375,150
109,uav_3,2739.263689881879,4796.762357313813,150
110,uav_3,2715.067373468359,4790.475561265094,150
111,uav_3,2690.979192659839,4783.786385091795,150
112,uav_3,2667.00583846277,4776.696686855395,150
113,uav_3,2643.153969988057,4769.208435870929,150
114,uav_3,2619.4302126013536,4761.323712159967,150
115,uav_3,2595.8411560827244,4753.044705872839,150
116,uav_3,2572.393352796192,4744.373716680281,150
117,uav_3,2549.0933158696785,4735.313153134648,150
118,uav_3,2525.9475173858436,4725.865532000888,150
119,uav_3,2502.962386584328,4716.0334775574565,150
120,uav_3,2480.144308075895,4705.819720867367,150
121,uav_3,2457.499620068965,4695.227099019583,150
122,uav_3,2435.0346126090467,4684.25855434095,150
123,uav_3,2412.7555258315397,4672.917133578908,150
124,uav_3,2390.6685482284056,4661.2059870551875,150
125,uav_3,2368.7798149291834,4649.128367790743,150
126,uav_3,2347.0954059968226,4636.687630602155,150
127,uav_3,2325.621344738818,4623.887231169761,150
128,uav_3,2304.3635960341085,4610.730725077763,150
129,uav_3,2283.3280646762023,4597.221766826591,150
130,uav_3,2262.5205937329965,4583.364108817786,150
131,uav_3,2241.94696292374,4569.161600311689,150
132,uav_3,2221.61288701359,4554.61818635823,150
133,uav_3,2201.52401422622,4539.737906701105,150
134,uav_3,2181.685924674899,4524.524894655651,150
135,uav_3,2162.1041288124998,4508.983375960726,150
136,uav_3,2142.7840659008516,4493.117667604926,150
137,uav_3,2123.731102499868,4476.932176627445,150
138,uav_3,2104.950530976873,4460.431398893925,150
139,uav_3,2086.4475680365294,4443.619917847637,150
140,uav_3,2068.227353271794,4426.502403236332,150
141,uav_3,2050.294947736278,4409.083609815111,150
142,uav_3,2032.6553325384355,4391.368376025703,150
143,uav_3,2015.3134074579555,4373.361622652471,150
144,uav_3,1998.2739895847405,4355.068351455571,150
145,uav_3,1981.5418119808592,4336.493643781599,150
146,uav_3,1965.1215223658357,4317.6426591521395,150
147,uav_3,1949.0176818256475,4298.5206338306,150
148,uav_3,1933.2347635457868,4279.1328793677285,150
149,uav_3,1917.7771515687361,4259.484781126212,150
150,uav_3,1902.6491395762082,4239.58179678478,150
151,uav_3,1887.8549296964832,4219.429454822218,150
152,uav_3,1873.3986313371793,4199.033352981715,150
153,uav_3,1859.2842600437757,4178.39915671597,150
154,uav_3,1845.5157363842095,4157.532597613488,150
155,uav_3,1832.096884859856,4136.439471806518,150
156,uav_3,1819.0314328431878,4115.125638361041,150
157,uav_3,1806.323009542422,4093.597017649302,150
158,uav_3,1793.9751449934265,4071.859589705292,150
159,uav_3,1781.9912690791798,4049.9193925636687,150
160,uav_3,1770.3747105770467,4027.7825205825625,150
161,uav_3,1759.1286962341387,4005.45512275074,150
162,uav_3,1748.256349871017,3982.943400979589,150
163,uav_3,1737.760691513985,3960.253608380409,150
164,uav_3,1727.6446365562103,3937.3920475274695,150
165,uav_3,1717.9109949479134,3914.3650687073423,150
166,uav_3,1708.5624704158422,3891.1790681549696,150
167,uav_3,1699.6016597122562,3867.840486276975,150
168,uav_3,1691.0310518936217,3844.3558058627023,150
169,uav_3,1682.8530276292236,3820.731550283482,150
170,uav_3,1675.0698585398848,3796.974281680629,150
171,uav_3,1667.6837065669731,3773.090599142661,150
172,uav_3,1660.6966233718772,3749.0871368722683,150
173,uav_3,1654.110549766113,3724.970562343517,150
174,uav_3,1647.927315172223,3700.7475744498183,150
175,uav_3,1642.1486371156138,3676.424901643167,150
176,uav_3,1636.7761207474778,3652.00930006517,150
177,uav_3,1631.8112583989275,3627.507551670385,150
178,uav_3,1627.2554291664694,3602.9264623424883,150
179,uav_3,1623.1098985289295,3578.2728600037917,150
180,uav_3,1619.3758179959407,3553.5535927186456,150
181,uav_3,1616.0542247880846,3528.7755267912394,150
182,uav_3,1613.146041548784,3503.9455448583417,150
183,uav_3,1610.6520760880169,3479.0705439775,150
184,uav_3,1608.5730211579305,3454.157433711235,150
185,uav_3,1606.9094542604148,3429.2131342077646,150
186,uav_3,1605.6618374866896,3404.2445742787804,150
187,uav_3,1604.8305173889469,3379.2586894748265,150
188,uav_3,1604.4157248840916,3354.262420158801,150
189,uav_3,1604.4175751895957,3329.2627095781218,150
190,uav_3,1604.8360677914984,3304.266501936091,150
191,uav_3,1605.6710864445452,3279.2807404629953,150
192,uav_3,1606.922399204479,3254.3123654874744,150
193,uav_3,1608.5896584924687,3229.3683125086986,150
194,uav_3,1610.6724011916544,3204.455510269883,150
195,uav_3,1613.1700487757894,3179.580878833682,150
196,uav_3,1616.081907469938,3154.7513276599966,150
197,uav_3,1619.407168443186,3129.9737536867206,150
198,uav_3,1623.1449080333114,3105.255039413972,150
199,uav_3,1627.2940880033505,3080.60205099233,150
200,uav_3,1631.8535558299902,3056.0216363156164,150
201,uav_3,1636.8220450237075,3031.520623118745,150
202,uav_3,1642.1981754805627,3007.1058170811734,150
203,uav_3,1647.9804538655528,2982.7839999364815,150
204,uav_3,1654.167274027417,2958.561927588598,150
205,uav_3,1660.7569174447813,2934.446328235205,150
206,uav_3,1667.7475537035111,2910.4439004988385,150
207,uav_3,1675.1372410051517,2886.5613115662004,150
208,uav_3,1682.923926706301,2862.8051953362087,150
209,uav_3,1691.1054478887772,2839.1821505772864,150
210,uav_3,1699.6795319604141,2815.698739094415,150
211,uav_3,1708.6437972863237,2792.361483906453,150
212,uav_3,1717.9957538504434,2769.1768674342275,150
213,uav_3,1727.7328039471947,2746.1513296999046,150
214,uav_3,1737.8522429030486,2723.2912665381346,150
215,uav_3,1748.351259827807,2700.603027819472,150
216,uav_3,1759.2269383953883,2678.092915686566,150
217,uav_3,1770.4762576538988,2655.767182803602,150
218,uav_3,1782.0960928647658,2633.632030619493,150
219,uav_3,1794.0832163707018,2611.6936076452957,150
220,uav_3,1806.4342984922548,2589.9580077463274,150
221,uav_3,1819.1459084526966,2568.431268449468,150
222,uav_3,1832.2145153309966,2547.1193692661045,150
223,uav_3,1845.6364890426075,2526.0282300311987,150
224,uav_3,1859.4081013478017,2505.1637092589212,150
225,uav_3,1873.5255268872677,2484.531602515329,150
226,uav_3,1887.9848442446862,2464.1376408085193,150
227,uav_3,1902.7820370359864,2443.9874889967227,150
228,uav_3,1917.9129950249835,2424.0867442147664,150
229,uav_3,1933.3735152650836,2404.4409343193493,150
230,uav_3,1949.1593032667408,2385.055516353567,150
231,uav_3,1965.265974190347,2365.9358750310935,150
232,uav_3,1981.6890540642105,2347.0873212404695,150
233,uav_3,1998.4239810273002,2328.5150905698847,150
234,uav_3,2015.4661065963985,2310.224341852884,150
235,uav_3,2032.8106969573162,2292.220155735391,150
236,uav_3,2050.4529342798123,2274.50753326445,150
237,uav_3,2068.3879180558474,2257.091394499076,150
238,uav_3,2086.610666460805,2239.9765771436096,150
239,uav_3,2105.1161177373006,2223.1678352039344,150
240,uav_3,2123.8991316011907,2206.6698376669524,150
241,uav_3,2142.9544906694,2190.487167203676,150
242,uav_3,2162.276901909156,2174.6243188962912,150
243,uav_3,2181.8609981082473,2159.085698989552,150
244,uav_3,2201.7013393658763,2143.875623666853,150
245,uav_3,2221.792414603711,2128.9983178513157,150
246,uav_3,2242.1286430967048,2114.4579140322294,150
247,uav_3,2262.70437602326,2100.258451117159,150
248,uav_3,2283.51389803431,2086.403873310057,150
249,uav_3,2304.551428840877,2072.898029015675,150
250,uav_3,2325.8111248196765,2059.7446697705846,150
251,uav_3,2347.287080636301,2046.947449201112,150
252,uav_3,2368.9733308855593,2034.5099220084624,150
253,uav_3,2390.8638517484915,2022.4355429813277,150
254,uav_3,2412.9525626656123,2010.7276660362436,150
255,uav_3,2435.2333280259195,1999.3895432859692,150
256,uav_3,2457.6999588711897,1988.4243241361426,150
257,uav_3,2480.346214615092,1977.8350544104655,150
258,uav_3,2503.1658047766455,1967.6246755046623,150
259,uav_3,2526.152390727536,1957.7960235694427,150
260,uav_3,2549.2995874528015,1948.3518287227018,150
261,uav_3,2572.600965324411,1939.294714291171,150
262,uav_3,2596.050051887227,1930.6271960817335,150
263,uav_3,2619.640333656871,1922.3516816826036,150
264,uav_3,2643.3652579289796,1914.4704697945704,150
265,uav_3,2667.2182345993624,1906.9857495924823,150
266,uav_3,2691.1926379945403,1899.8996001171574,150
267,uav_3,2715.2818087121695,1893.2139896978863,150
268,uav_3,2739.479055470833,1886.9307754056858,150
269,uav_3,2763.7776569686853,1881.0517025374588,150
270,uav_3,2788.1708637504394,1875.578404131199,150
271,uav_3,2812.6519000821695,1870.512400512382,150
272,uav_3,2837.213965833419,1865.855098871661,150
273,uav_3,2861.850238366079,1861.6077928739899,150
274,uav_3,2886.553874429524,1857.7716622992796,150
275,uav_3,2911.318012061469,1854.3477727146908,150
276,uav_3,2936.1357724940262,1851.337075178648,150
277,uav_3,2961.0002620644323,1848.7404059766634,150
278,uav_3,2985.904574129908,1846.5584863890408,150
279,uav_3,3010.8417909861214,1844.7919224905254,150
280,uav_3,3035.804985788738,1843.441204981952,150
281,uav_3,3060.7872244774926,1842.5067090539435,150
282,uav_3,3085.7815677022727,1841.9886942826934,150
283,uav_3,3110.7810727506744,1841.8873045578625,150
284,uav_3,3135.778795476486,1842.2025680426116,150
285,uav_3,3160.7677922285734,1842.9343971657777,150
286,uav_3,3185.74112177963,1844.0825886461987,150
287,uav_3,3210.6918472542457,1845.6468235491798,150
288,uav_3,3235.6130380557784,1847.6266673750836,150
289,uav_3,3260.49777179147,1850.021570180022,150
290,uav_3,3285.339136195291,1852.8308667286153,150
291,uav_3,3310.1302310479696,1856.0537766787747,150
292,uav_3,3334.864170093676,1859.6894047984597,150
293,uav_3,3359.534082952826,1863.7367412143471,150
294,uav_3,3384.1331170304725,1868.1946616923458,150
295,uav_3,3408.654439419766,1873.0619279498765,150
296,uav_3,3433.091238799937,1878.3371879998301,150
297,uav_3,3457.4367273282855,1884.0189765261134,150
298,uav_3,3481.6841425256507,1890.105715290669,150
299,uav_3,3505.8267491548327,1896.5957135718668,150
300,uav_3,3529.857841091448,1903.4871686341369,150
301,uav_3,3553.7707431867016,1910.7781662287184,150
302,uav_3,3577.5588131215477,1918.4666811253828,150
303,uav_3,3601.215443251739,1926.5505776749847,150
304,uav_3,3624.734062443241,1935.0276104026839,150
305,uav_3,3648.108137897502,1943.8954246316744,150
306,uav_3,3671.331176966079,1953.1515571372458,150
307,uav_3,3694.3967289541106,1962.7934368309968,150
308,uav_3,3717.298386912135,1972.81838547501,150
309,uav_3,3740.029789415751,1983.223618425788,150
310,uav_3,3762.58462233265,1994.0062454077502,150
311,uav_3,3784.9566205764927,2005.163271316067,150
312,uav_3,3807.1395698471742,2016.691597048615,150
313,uav_3,3829.127308356978,2028.5880203668169,150
314,uav_3,3850.9137285421425,2040.849236785134,150
315,uav_3,3872.4927787593697,2053.4718404889563,150
316,uav_3,3893.8584649667964,2066.4523252806403,150
317,uav_3,3915.004852388968,2079.78708555343,150
318,uav_3,3935.92606716535,2093.4724172929928,150
319,uav_3,3956.6162979819155,2107.5045191062854,150
320,uav_3,3977.069797685365,2121.8794932774745,150
321,uav_3,3997.280884879518,2136.593346850611,150
322,uav_3,4017.2439455034446,2151.641992738756,150
323,uav_3,4036.9534343908904,2167.0212508592595,150
324,uav_3,4056.4038768105606,2182.7268492948638,150
325,uav_3,4075.5898699868503,2198.7544254803242,150
326,uav_3,4094.506084600575,2215.0995274142024,150
327,uav_3,4113.147266269308,2231.757614895503,150
328,uav_3,4131.50823700689,2248.7240607848157,150
329,uav_3,4149.583896661736,2265.9941522895983,150
330,uav_3,4167.369224333499,2283.5630922732566,150
331,uav_3,4184.859279767741,2301.4260005876527,150
332,uav_3,4202.0492047281905,2319.5779154286674,150
333,uav_3,4218.934224346223,2338.0137947144517,150
334,uav_3,4235.509648447183,2356.728517485967,150
335,uav_3,4251.770872853176,2375.716885329447,150
336,uav_3,4267.713380661983,2394.9736238203623,150
337,uav_3,4283.332743501722,2414.4933839885084,150
338,uav_3,4298.624622760926,2434.270743803796,150
339,uav_3,4313.584770793683,2454.3002096823307,150
340,uav_3,4328.2090320995085,2474.576218012381,150
341,uav_3,4342.493344477631,2495.0931366997856,150
342,uav_3,4356.4337401553485,2515.845266732388,150
343,uav_3,4370.026346890165,2536.8268437630595,150
344,uav_3,4383.267389045387,2558.0320397108685,150
345,uav_3,4396.15318863889,2579.4549643799573,150
346,uav_3,4408.680166364753,2601.0896670956663,150
347,uav_3,4420.8448425874885,2622.930138357463,150
348,uav_3,4432.643838308587,2644.9703115082084,150
349,uav_3,4444.073876105105,2667.204064419301,150
350,uav_3,4455.131781040038,2689.625221191229,150
351,uav_3,4465.814481544228,2712.227553869055,150
352,uav_3,4476.119010269559,2735.004784172369,150
353,uav_3,4486.042504913198,2757.9505852392113,150
354,uav_3,4495.582209012662,2781.0585833834907,150
355,uav_3,4504.735472711487,2804.322359865419,150
356,uav_3,4513.499753495278,2827.735452674449,150
357,uav_3,4521.87261689795,2851.2913583242334,150
358,uav_3,4529.851737177949,2874.9835336591127,150
359,uav_3,4537.434897964283,2898.8053976716114,150
360,uav_3,4544.619992872158,2922.7503333304558,150
361,uav_3,4551.405026088078,2946.811689418595,150
362,uav_3,4557.788112924221,2970.982782380718,150
363,uav_3,4563.767480341955,2995.2568981797563,150
364,uav_3,4569.341467444332,3019.6272941618467,150
365,uav_3,4574.508525937443,3044.0872009292516,150
366,uav_3,4579.267220560485,3068.629824220701,150
367,uav_3,4583.616229484441,3093.2483467986444,150
368,uav_3,4587.554344679238,3117.9359303428864,150
369,uav_3,4591.080472249312,3142.6857173500694,150
370,uav_3,4594.193632737455,3167.4908330385,150
371,uav_3,4596.892961396883,3192.3443872577614,150
372,uav_3,4599.177708431434,3217.2394764026,150
373,uav_3,4601.047239203848,3242.169185330551,150
374,uav_3,4602.501034412041,3267.126589282765,150
375,uav_3,4603.538690233358,3292.1047558075093,150
376,uav_3,4604.159918436743,3317.0967466858024,150
377,uav_3,4604.3645464628025,3342.0956198586537,150
378,uav_3,4604.152517471732,3367.094431355369,150
379,uav_3,4603.52389035911,3392.0862372223855,150
380,uav_3,4602.478839739539,3417.0640954521036,150
381,uav_3,4601.017655898135,3442.021067911178,150
382,uav_3,4599.140744709905,3466.950222267731,150
383,uav_3,4596.848627527,3491.84463391696,150
384,uav_3,4594.141941033898,3516.697387904585,150
385,uav_3,4591.021437070554,3541.5015808476364,150
386,uav_3,4587.487982423561,3566.250322852009,150
387,uav_3,4583.542558585377,3590.9367394262804,150
388,uav_3,4579.186261481701,3615.553973391246,150
389,uav_3,4574.42030116705,3640.095186784649,150
390,uav_3,4569.246001488644,3664.5535627605677,150
391,uav_3,4563.664799718679,3688.9223074829433,150
392,uav_3,4557.678246155092,3713.1946520127094,150
393,uav_3,4551.2880036909355,3737.3638541880123,150
394,uav_3,4544.495847352473,3761.423200496988,150
395,uav_3,4537.303663806122,3785.366007942586,150
396,uav_3,4529.713450834403,3809.1856258989114,150
397,uav_3,4521.727316781002,3832.8754379585807,150
398,uav_3,4513.347479965137,3856.4288637705704,150
399,uav_3,4504.576268065377,3879.8393608680453,150
400,uav_3,4495.416117473072,3903.1004264856747,150
401,uav_3,4485.869572615598,3926.205599365911,150
402,uav_3,4475.939285249588,3949.148461553742,150
403,uav_3,4465.628013724347,3971.922640179416,150
404,uav_3,4454.938622215663,3994.521809228641,150
405,uav_3,4443.874079930224,4016.939691299771,150
406,uav_3,4432.437460280852,4039.1700593474884,150
407,uav_3,4420.631940032803,4061.2067384124985,150
408,uav_3,4408.460798421347,4083.043607336757,150
409,uav_3,4395.927416240893,4104.67460046375,150
410,uav_3,4383.035274905901,4126.093709323364,150
411,uav_3,4369.787955483848,4147.294984300861,150
412,uav_3,4356.189137700503,4168.272536289516,150
413,uav_3,4342.24259891781,4189.020538326442,150
414,uav_3,4327.9522130846435,4209.533227211145,150
415,uav_3,4313.321949660739,4229.804905106388,150
416,uav_3,4298.355872514085,4249.829941120881,150
417,uav_3,4283.0581387921,4269.602772873381,150
418,uav_3,4267.432997766901,4289.11790803776,150
419,uav_3,4251.484789654969,4308.369925868623,150
420,uav_3,4235.217944411565,4327.353478707028,150
421,uav_3,4218.63698050022,4346.063293465919,150
422,uav_3,4201.746503637623,4364.494173094831,150
423,uav_3,4184.5512055143,4382.64099802349,150
424,uav_3,4167.055862491386,4400.498727583878,150
425,uav_3,4149.265334273891,4418.062401410383,150
426,uav_3,4131.184562560818,4435.327140817659,150
427,uav_3,4112.818569672495,4452.288150155768,150
428,uav_3,4094.172457155518,4468.940718142287,150
429,uav_3,4075.2514043656943,4485.280219170962,150
430,uav_3,4056.0606670293582,4501.3021145965695,150
431,uav_3,4036.6055757834847,4517.001953995624,150
432,uav_3,4016.8915346949907,4532.375376402574,150
433,uav_3,3996.92401975964,4547.4181115211595,150
434,uav_3,3976.708577380968,4562.12598091057,150
435,uav_3,3956.250822829651,4576.494899146102,150
436,uav_3,3935.556438683743,4590.520874953973,150
437,uav_3,3914.6311732502213,4604.200012319977,150
438,uav_3,3893.4808389682667,4617.5285115716915,150
439,uav_3,3872.11131079474,4630.502670433914,150
440,uav_3,3850.5285245722835,4643.118885057053,150
441,uav_3,3828.7384753805154,4655.373651018168,150
442,uav_3,3806.7472158707683,4667.2635642944,150
443,uav_3,3784.5608545848345,4678.785322208514,150
444,uav_3,3762.1855542581943,4689.9357243462855,150
445,uav_3,3739.6275301081746,4700.711673445482,150
446,uav_3,3716.8930481075477,4711.110176256201,150
447,uav_3,3693.98842324402,4721.1283443723005,150
448,uav_3,3670.920017766111,4730.76339503372,150
449,uav_3,3647.6942394159014,4740.012651899453,150
450,uav_3,3624.3175396491474,4748.873545790953,150
451,uav_3,3600.7964118432506,4757.34361540578,150
452,uav_3,3577.1373894935823,4765.420508001282,150
453,uav_3,3553.3470443986694,4773.101980048117,150
454,uav_3,3529.4319848347327,4780.385897853441,150
455,uav_3,3505.3988537201,4787.270238153587,150
456,uav_3,3481.254326769992,4793.753088676074,150
457,uav_3,3457.0051106422034,4799.832648670773,150
458,uav_3,3432.657941074178,4805.50722941011,150
459,uav_3,3408.219581012025,4810.775254658145,150
460,uav_3,3383.696818731956,4815.635261108404,150
461,uav_3,3359.0964659547,4820.085898790347,150
462,uav_3,3334.4253559534054,4824.125931444345,150
463,uav_3,3309.690341655548,4827.754236865083,150
464,uav_3,3284.8982937393876,4830.969807213274,150
465,uav_3,3260.056098725488,4833.771749295609,150
466,uav_3,3235.170657063841,4836.1592848128585,150
467,uav_3,3210.2488812171173,4838.1317505760635,150
468,uav_3,3185.2976937405833,4839.688598690752,150
469,uav_3,3160.3240253592135,4840.829396709124,150
470,uav_3,3135.3348130425334,4841.553827750176,150
471,uav_3,3110.3369980777284,4841.8616905877225,150
472,uav_3,3085.337524141554,4841.752899706287,150
473,uav_3,3060.3433353715773,4841.22748532486,150
474,uav_3,3035.3613744373033,4840.285593388502,150
475,uav_3,3010.39858061169,4838.927485527806,150
476,uav_3,2985.461887843623,4837.153538986224,150
477,uav_3,2960.558222831862,4834.964246515275,150
478,uav_3,2935.6945031010023,4832.36021623768,150
479,uav_3,2910.8776350799853,4829.342171478442,150
480,uav_3,2886.1145121836885,4825.910950563917,150
481,uav_3,2861.4120128981335,4822.067506588966,150
482,uav_3,2836.7769988698446,4817.812907152202,150
483,uav_3,2812.2163129998667,4813.148334059444,150
484,uav_3,2787.736777543021,4808.075082995447,150
485,uav_3,2763.3451922128606,4802.594563163997,150
486,uav_3,2739.048332292922,4796.708296896474,150
487,uav_3,2714.8529467547273,4790.417919228992,150
488,uav_3,2690.7657563831335,4783.725177448236,150
489,uav_3,2666.793451909469,4776.631930606109,150
490,uav_3,2642.9426921530626,4769.140149003346,150
491,uav_3,2619.2201021715928,4761.251913642222,150
492,uav_3,2595.632271420857,4752.969415648504,150
493,uav_3,2572.185751924389,4744.294955662823,150
494,uav_3,2548.8870564535164,4735.230943201621,150
495,uav_3,2525.742656718276,4725.779895987855,150
496,uav_3,2502.7589815697793,4715.944439251648,150
497,uav_3,2479.942415214452,4705.7273050010745,150
498,uav_3,2457.2992954406773,4695.131331263285,150
499,uav_3,2434.835911858359,4684.159461296186,150
500,uav_3,2412.5585041518248,4672.814742770886,150
501,uav_3,2390.473260346644,4661.100326925141,150
502,uav_3,2368.5863150907508,4649.019467688029,150
503,uav_3,2346.9037479504314,4636.575520776102,150
504,uav_3,2325.43158172158,4623.771942761266,150
505,uav_3,2304.1757807567556,4610.612290110643,150
506,uav_3,2283.1422493084347,4597.100218198684,150
507,uav_3,2262.3368298890014,4583.239480291821,150
508,uav_3,2241.7653016478457,4569.033926505897,150
509,uav_3,2221.433378766097,4554.48750273674,150
510,uav_3,2201.3467088693733,4539.6042495640795,150
511,uav_3,2181.510871459047,4524.388301129214,150
512,uav_3,2161.931376362412,4508.843883986647,150
513,uav_3,2142.613662202206,4492.975315930075,150
514,uav_3,2123.5630948859325,4476.787004793041,150
515,uav_3,2104.7849661153464,4460.283447224543,150
516,uav_3,2086.28449191659,4443.469227440015,150
517,uav_3,2068.066811191312,4426.3490159479425,150
518,uav_3,2050.1369842892454,4408.927568252552,150
519,uav_3,2032.4999916025708,4391.2097235328465,150
520,uav_3,2015.160732182521,4373.200403298437,150
521,uav_3,1998.1240223785517,4354.904610022474,150
522,uav_3,1981.3945945005107,4336.32742575212,150
523,uav_3,1964.977095504124,4317.474010696882,150
524,uav_3,1948.8760857002185,4298.349601795276,150
525,uav_3,1933.096037487985,4278.959511260133,150
526,uav_3,1917.6413341126856,4259.309125103038,150
527,uav_3,1902.5162684481081,4239.403901638241,150
528,uav_3,1887.7250418041247,4219.249369966487,150
529,uav_3,1873.2717627596987,4198.851128439207,150
530,uav_3,1859.1604460216274,4178.214843103438,150
531,uav_3,1845.395011309383,4157.346246127977,150
532,uav_3,1831.9792822663162,4136.251134211127,150
533,uav_3,1818.9169853975675,4114.9353669705615,150
534,uav_3,1806.2117490349403,4093.4048653156715,150
535,uav_3,1793.8671023290665,4071.6656098029257,150
536,uav_3,1781.8864742690964,4049.723638974623,150
537,uav_3,1770.2731927302368,4027.5850476815785,150
538,uav_3,1759.0304835493503,4005.2559853901284,150
539,uav_3,1748.1614696289212,3982.7426544740065,150
540,uav_3,1737.6691700695933,3960.0513084914796,150
541,uav_3,1727.556499331558,3937.188250448306,150
542,uav_3,1717.8262664249964,3914.1598310469367,150
543,uav_3,1708.481174129816,3890.972446922461,150
544,uav_3,1699.5238182449004,3867.6325388658242,150
545,uav_3,1690.956686867065,3844.1465900347393,150
546,uav_3,1682.7821596999408,3820.5211241528727,150
547,uav_3,1675.002507392955,3796.7627036977196,150
548,uav_3,1667.619890910616,3772.877928077756,150
549,uav_3,1660.6363609322527,3748.873431799294,150
550,uav_3,1654.0538572824012,3724.755882623621,150
551,uav_3,1647.8742083919706,3700.5319797148736,150
552,uav_3,1642.0991307903635,3676.208451779216,150
553,uav_3,1636.7302286286676,3651.7920551957814,150
554,uav_3,1631.7689932340738,3627.289572139962,150
555,uav_3,1627.2168026956233,3602.7078086994948,150
556,uav_3,1623.074921481418,3578.0535929839457,150
557,uav_3,1619.3445000873855,3553.3337732280443,150
558,uav_3,1616.0265747177036,3528.555215889437,150
559,uav_3,1613.1220669969746,3503.7248037413974,150
560,uav_3,1610.6317837142221,3478.849433960969,150
561,uav_3,1608.5564165987907,3453.9360162131466,150
562,uav_3,1606.896542128201,3428.991470731553,150
563,uav_3,1605.6526213680218,3404.0227263962106,150
564,uav_3,1604.824999843799,3379.0367188088812,150
565,uav_3,1604.413907445079,3354.040388366574,150
566,uav_3,1604.4194583615517,3329.0406783336807,150
567,uav_3,1604.8416510513314,3304.0445329133563,150
568,uav_3,1605.6803682413856,3279.0588953185993,150
569,uav_3,1606.9353769601096,3254.090705843645,150
570,uav_3,1608.606328602041,3229.1468999361305,150
571,uav_3,1610.6927590246896,3204.2344062706447,150
572,uav_3,1613.1940886774644,3179.3601448241325,150
573,uav_3,1616.1096227626574,3154.531024953716,150
574,uav_3,1619.4385514284352,3129.7539434774917,150
575,uav_3,1623.1799499937963,3105.0357827587704,150
576,uav_3,1627.3327792054183,3080.383408794375,150
577,uav_3,1631.8958855263343,3055.803669307443,150
578,uav_3,1636.8680014563504,3031.3033918453452,150
579,uav_3,1642.247745884125,3006.889381883169,150
580,uav_3,1648.0336244707955,2982.568420933371,150
581,uav_3,1654.2240300650706,2958.347264662049,150
582,uav_3,1660.8172431496434,2934.232641012431,150
583,uav_3,1667.8114323188306,2910.2312483360247,150
584,uav_3,1675.2046547872785,2886.3497535320275,150
585,uav_3,1682.994856929619,2862.594790195434,150
586,uav_3,1691.1798748509025,2838.9729567744293,150
587,uav_3,1699.7574349876684,2815.4908147375227,150
588,uav_3,1708.7251547394787,2792.154886750952,150
589,uav_3,1718.0805431307294,2768.9716548668907,150
590,uav_3,1727.8210015025797,2745.9475587229012,150
591,uav_3,1737.9438242347774,2723.0889937532056,150
592,uav_3,1748.446199497211,2700.4023094121994,150
593,uav_3,1759.3252100309464,2677.893807410774,150
594,uav_3,1770.5778339585675,2655.5697399658625,150
595,uav_3,1782.200945623557,2633.4363080637722,150
596,uav_3,1794.1913164585246,2611.4996597377085,150
597,uav_3,1806.5456158820007,2589.7658883600484,150
598,uav_3,1819.2604122235857,2568.2410309497554,150
599,uav_3,1832.3321736771602,2546.9310664954883,150
600,uav_3,1845.7572692819301,2525.84191429479,150
601,uav_3,1859.5319699309935,2504.9794323098936,150
602,uav_3,1873.6524494071837,2484.3494155405406,150
603,uav_3,1888.1147854458886,2463.95759441429,150
604,uav_3,1902.9149608245314,2443.809633194784,150
605,uav_3,1918.0488644784525,2423.911128408362,150
606,uav_3,1933.5122926428332,2404.2676072895215,150
607,uav_3,1949.300950020394,2384.884526245595,150
608,uav_3,1965.410450974492,2365.7672693411328,150
609,uav_3,1981.8363207473387,2346.9211468023477,150
610,uav_3,1998.5739967029447,2328.3513935421015,150
611,uav_3,2015.618829594504,2310.0631677057813,150
612,uav_3,2032.9660848558085,2292.0615492385314,150
613,uav_3,2050.6109439163865,2274.351538474171,150
614,uav_3,2068.548505539952,2256.9380547462642,150
615,uav_3,2086.773787185841,2239.8259350216513,150
616,uav_3,2105.2817263930033,2223.0199325568947,150
617,uav_3,2124.0671821862197,2206.5247155779516,150
618,uav_3,2143.124936504119,2190.344865983471,150
619,uav_3,2162.449695648594,2174.484878072085,150
620,uav_3,2182.036091755256,2158.9491572940083,150
621,uav_3,2201.8786842844556,2143.742019027344,150
622,uav_3,2221.9719615325266,2128.867687379381,150
623,uav_3,2242.310342162762,2114.3302940132726,150
624,uav_3,2262.8881767557655,2100.133877000364,150
625,uav_3,2283.699749378684,2086.282379698546,150
626,uav_3,2304.739279172945,2072.7796496568894,150
627,uav_3,2326.000921959995,2059.6294375469206,150
628,uav_3,2347.4787718646658,2046.8353961207777,150
629,uav_3,2369.166862955637,2034.4010791965945,150
630,uav_3,2391.05917090262,2022.3299406713395,150
631,uav_3,2413.1496146497275,2010.6253335614313,150
632,uav_3,2435.4320581046236,1999.2905090713634,150
633,uav_3,2457.900311842963,1988.3286156906092,150
634,uav_3,2480.548134827617,1977.7426983190696,150
635,uav_3,2503.3692361422763,1967.5356974212787,150
636,uav_3,2526.357276738864,1957.7104482096345,150
637,uav_3,2549.505871198367,1948.2696798568516,150
638,uav_3,2572.8085895044965,1939.2160147378806,150
639,uav_3,2596.258958829787,1930.551967701483,150
640,uav_3,2619.850465333539,1922.2799453716827,150
641,uav_3,2643.5765559712,1914.4022454792698,150
642,uav_3,2667.4306403145906,1906.9210562235628,150
643,uav_3,2691.406092382557,1899.8384556645826,150
644,uav_3,2715.4962524814596,1893.1564111458335,150
645,uav_3,2739.6944290550637,1886.8767787478268,150
646,uav_3,2763.993900543246,1881.0013027725176,150
647,uav_3,2788.3879172490583,1875.5316152587873,150
648,uav_3,2812.8697032136065,1870.4692355291072,150
649,uav_3,2837.432458098202,1865.8155697675193,150
650,uav_3,2862.06935907332,1861.571910629033,150
651,uav_3,2886.773562713766,1857.739436880568,150
652,uav_3,2911.5382068996037,1854.3192130735217,150
653,uav_3,2936.3564127222344,1851.312189248072,150
654,uav_3,2961.2212863951827,1848.7192006692785,150
655,uav_3,2986.1259211689703,1846.5409675950743,150
656,uav_3,3011.0633992496346,1844.778095076196,150
657,uav_3,3036.026793720273,1843.4310727881193,150
658,uav_3,3061.009170465164,1842.5002748950405,150
659,uav_3,3086.0035900958424,1841.985959945945,150
660,uav_3,3111.003109878685,1841.8882708027893,150
661,uav_3,3136.0007856633847,1842.2072346008185,150
662,uav_3,3160.989673811845,1842.9427627410284,150
663,uav_3,3185.96283312693,1844.0946509147766,150
664,uav_3,3210.9133267805123,1845.6625791605318,150
665,uav_3,3235.8342242403473,1847.6461119527523,150
666,uav_3,3260.718603195154,1850.0446983228608,150
667,uav_3,3285.5595514774564,1852.857672012289,150
668,uav_3,3310.350168983564,1856.0842516575433,150
669,uav_3,3335.0835695902447,1859.7235410072474,150
670,uav_3,3359.7528830674714,1863.774529171093,150
671,uav_3,3384.3512569867953,1868.2360909006386,150
672,uav_3,3408.871858624734,1873.1069869018686,150
673,uav_3,3433.307876860728,1878.3858641794366,150
674,uav_3,3457.6525240690503,1884.0712564124851,150
675,uav_3,3481.8990380042405,1890.1615843619525,150
676,uav_3,3506.04068367944,1896.6551563092346,150
677,uav_3,3530.07075523719,1903.5501685260992,150
678,uav_3,3553.9825778121312,1910.8447057757112,150
679,uav_3,3577.769509385073,1918.5367418446253,150
680,uav_3,3601.4249426279775,1926.6241401056175,150
681,uav_3,3624.9423067392663,1935.1046541111707,150
682,uav_3,3648.315069269017,1943.9759282174814,150
683,uav_3,3671.536737933476,1953.2354982387824,150
684,uav_3,3694.600862418445,1962.880792131831,150
685,uav_3,3717.501036170975,1972.9091307103408,150
686,uav_3,3740.2308981789433,1983.3177283891903,150
687,uav_3,3762.7841347379394,1994.1036939581716,150
688,uav_3,3785.1544812050524,2005.2640313850939,150
689,uav_3,3807.3357237389882,2016.7956406479855,150
690,uav_3,3829.321701026118,2028.6953185962018,150
691,uav_3,3851.1063059918943,2040.9597598401597,150
692,uav_3,3872.6834874972333,2053.585557669483,150
693,uav_3,3894.0472520193507,2066.569204999295,150
694,uav_3,3915.191665316577,2079.9070953443747,150
695,uav_3,3936.1108540767373,2093.595523820947,150
696,uav_3,3956.799007548569,2107.6306881757814,150
697,uav_3,3977.2503791558047,2122.008689842362,150
698,uav_3,3997.4592880933833,2136.725535023784,150
699,uav_3,4017.4201209054368,2151.777135802129,150
700,uav_3,4037.1273330445274,2167.1593112739592,150
701,uav_3,4056.5754504117813,2182.8677887116655,150
702,uav_3,4075.7590708774223,2198.8982047502946,150
703,uav_3,4094.672865781342,2215.2461065995813,150
704,uav_3,4113.311581413233,2231.9069532807907,150
705,uav_3,4131.670040471939,2248.876116888089,150
706,uav_3,4149.74314350354,2266.1488838740297,150
707,uav_3,4167.525870317846,2283.720456358843,150
708,uav_3,4185.013281382867,2301.585953463161,150
709,uav_3,4202.200519196858,2319.740412663771,150
710,uav_3,4219.08280963761,2338.1787911720758,150
711,uav_3,4235.655463288551,2356.8959673348218,150
712,uav_3,4251.9138767413415,2375.8867420567635,150
713,uav_3,4267.8535338745605,2395.145840244807,150
714,uav_3,4283.470007108168,2414.667912273295,150
715,uav_3,4298.758958633341,2434.4475354699634,150
716,uav_3,4313.716141617411,2454.4792156222243,150
717,uav_3,4328.337401383499,2474.757388503277,150
718,uav_3,4342.618676564576,2495.2764214177146,150
719,uav_3,4356.556000231585,2516.0306147661045,150
720,uav_3,4370.145500995347,2537.0142036281923,150
721,uav_3,4383.383404081918,2558.2213593642155,150
722,uav_3,4396.266032381116,2579.6461912339414,150
723,uav_3,4408.789807467917,2601.2827480329483,150
724,uav_3,4420.951250596432,2623.125019745689,150
725,uav_3,4432.746983666216,2645.1669392149147,150
726,uav_3,4444.173730160593,2667.4023838269422,150
727,uav_3,4455.2283160567895,2689.8251772123576,150
728,uav_3,4465.907670707582,2712.429090961616,150
729,uav_3,4476.208827694235,2735.2078463551343,150
730,uav_3,4486.128925650489,2758.155116107321,150
731,uav_3,4495.665209057364,2781.2645261241346,150
732,uav_3,4504.815029008565,2804.5296572736015,150
733,uav_3,4513.5758439462725,2827.9440471688913,150
734,uav_3,4521.9452203671135,2851.5011919633607,150
735,uav_3,4529.9208334981195,2875.194548157154,150
736,uav_3,4537.50046794248,2899.0175344147847,150
737,uav_3,4544.682018294921,2922.9635333932497,150
738,uav_3,4551.463489726523,2947.025893580143,150
739,uav_3,4557.842998538825,2971.1979311412397,150
740,uav_3,4563.818772687065,2995.4729317770925,150
741,uav_3,4569.389152272404,3019.8441525880517,150
742,uav_3,4574.552590003,3044.30482394727,150
743,uav_3,4579.307651623791,3068.8481513810916,150
744,uav_3,4583.653016314905,3093.4673174563804,150
745,uav_3,4587.587477058532,3118.1554836741893,150
746,uav_3,4591.109940974211,3142.905792369318,150
747,uav_3,4594.2194296223915,3167.711368615157,150
748,uav_3,4596.915079276221,3192.5653221333646,150
749,uav_3,4599.196141161461,3217.4607492077694,150
750,uav_3,4601.061981664479,3242.3907346020437,150
751,uav_3,4602.512082508243,3267.3483534805414,150
752,uav_3,4603.546040896287,3292.326673331826,150
753,uav_3,4604.163569624596,3317.3187558943328,150
754,uav_3,4604.364497161383,3342.317659083598,150
755,uav_3,4604.1487676947345,3367.316438920595,150
756,uav_3,4603.5164411481155,3392.3081514605497,150
757,uav_3,4602.467693163724,3417.2858547217916,150
758,uav_3,4601.002815053701,3442.242610614016,150
759,uav_3,4599.122213719213,3467.1714868655067,150
760,uav_3,4596.826411537426,3492.0655589487037,150
761,uav_3,4594.116046216409,3516.917912003657,150
762,uav_3,4590.991870617989,3541.7216427587578,150
763,uav_3,4587.454752548631,3566.469861448289,150
764,uav_3,4583.505674518392,3591.1556937261844,150
765,uav_3,4579.145733467996,3615.7722825755454,150
766,uav_3,4574.376140464146,3640.3127902133074,150
767,uav_3,4569.19822036312,3664.7703999895857,150
768,uav_3,4563.613411442762,3689.1383182811533,150
769,uav_3,4557.623265002973,3713.4097763784985,150
770,uav_3,4551.229444934804,3737.5780323659974,150
771,uav_3,4544.433727258272,3761.6363729946065,150
772,uav_3,4537.237999629035,3785.5781155466275,150
773,uav_3,4529.644260814056,3809.396609691959,150
774,uav_3,4521.6546201364,3833.0852393353844,150
775,uav_3,4513.271296889327,3856.637424454315,150
776,uav_3,4504.496619719832,3880.0466229265517,150
777,uav_3,4495.333025981822,3903.30633234748,150
778,uav_3,4485.783061059078,3926.4100918362683,150
779,uav_3,4475.849377658231,3949.3514838305005,150
780,uav_3,4465.534735071903,3972.1241358688058,150
781,uav_3,4454.84199841227,3994.721722360933,150
782,uav_3,4443.774137815208,4017.1379663448233,150
783,uav_3,4432.334227615267,4039.3666412301764,150
784,uav_3,4420.525445491727,4061.4015725280055,150
785,uav_3,4408.35107158591,4083.23663956575,150
786,uav_3,4395.814487590069,4104.865777187405,150
787,uav_3,4382.919175808032,4126.282977438266,150
788,uav_3,4369.668718187937,4147.4822912337495,150
789,uav_3,4356.066795327253,4168.457830011895,150
790,uav_3,4342.11718545043,4189.203767369018,150
791,uav_3,4327.8237633594,4209.714340678145,150
792,uav_3,4313.190499357284,4229.983852689679,150
793,uav_3,4298.221458145546,4250.006673113953,150
794,uav_3,4282.920797694941,4269.777240185147,150
795,uav_3,4267.29276809054,4289.2900622062025,150
796,uav_3,4251.341710351193,4308.539719074246,150
797,uav_3,4235.072055223707,4327.520863786143,150
798,uav_3,4218.4883219521125,4346.228223923748,150
799,uav_3,4201.595117022356,4364.6566031184175,150
800,uav_3,4184.397132882734,4382.800882494429,150
801,uav_3,4166.899146640486,4400.656022090841,150
802,uav_3,4149.1060187348285,4418.217062261468,150
803,uav_3,4131.022691586887,4435.479125052508,150
804,uav_3,4112.654188226811,4452.437415557518,150
805,uav_3,4094.00561089854,4469.087223249284,150
806,uav_3,4075.0821396425295,4485.4239232882865,150
807,uav_3,4055.8890308568984,4501.442977807335,150
808,uav_3,4036.4316158373395,4517.139937172067,150
809,uav_3,4016.71529929625,4532.510441216921,150
810,uav_3,3996.7455578614467,4547.550220456276,150
811,uav_3,3976.527938554924,4562.255097270379,150
812,uav_3,3956.0680572520487,4576.620987065778,150
813,uav_3,3935.371597121621,4590.643899409904,150
814,uav_3,3914.4443070472707,4604.319939139494,150
815,uav_3,3893.2920000305635,4617.64530744256,150
816,uav_3,3871.9205515763324,4630.616302913588,150
817,uav_3,3850.335898060614,4643.229322581687,150
818,uav_3,3828.5440350817125,4655.480862911379,150
819,uav_3,3806.5510157947733,4667.367520775797,150
820,uav_3,3784.362949230411,4678.885994401965,150
821,uav_3,3761.985998597775,4690.033084287939,150
822,uav_3,3739.426379572607,4700.805694091538,150
823,uav_3,3716.6903585706846,4711.200831490416,150
824,uav_3,3693.78425100721,4721.2156090132485,150
825,uav_3,3670.714419542549,4730.847244841785,150
826,uav_3,3647.487272314883,4740.09306358356,150
827,uav_3,3624.1092611602053,4748.950497015039,150
828,uav_3,3600.586879820179,4757.417084795002,150
829,uav_3,3576.9266621383767,4765.490475147947,150
830,uav_3,3553.1351802453482,4773.168425517357,150
831,uav_3,3529.21904273309,4780.4488031886085,150
832,uav_3,3505.184892819348,4787.3295858813835,150
833,uav_3,3481.0394065023415,4793.808862311398,150
834,uav_3,3456.7892907063433,4799.884832721308,150
835,uav_3,3432.441281418707,4805.555809380622,150
836,uav_3,3408.0021418187844,4810.820217054511,150
837,uav_3,3383.478660399325,4815.676593441359,150
838,uav_3,3358.877649080811,4820.123589578952,150
839,uav_3,3334.2059413193183,4824.159970219179,150
840,uav_3,3309.4703902083593,4827.784614171151,150
841,uav_3,3284.677866575307,4830.996514612629,150
842,uav_3,3259.835257072869,4833.7947793697,150
843,uav_3,3234.949462266164,4836.178631164592,150
844,uav_3,3210.027394715962,4838.147407831578,150
845,uav_3,3185.075977058551,4839.70056250091,150
846,uav_3,3160.1021400828486,4840.837663750721,150
847,uav_3,3135.112820805205,4841.558395726866,150
848,uav_3,3110.114960542523,4841.862558230651,150
849,uav_3,3085.1155029841334,4841.750066774449,150
850,uav_3,3060.1213922630627,4841.220952605163,150
851,uav_3,3035.1395710271267,4840.275362695547,150
852,uav_3,3010.176978510486,4838.913559703387,150
853,uav_3,2985.2405486061034,4837.135921898534,150
854,uav_3,2960.3372079397277,4834.942943057839,150
855,uav_3,2935.4738739458553,4832.335232327989,150
856,uav_3,2910.6574529462832,4829.313514056306,150
857,uav_3,2885.894838231722,4825.878627589551,150
858,uav_3,2861.192908147031,4822.031527040765,150
859,uav_3,2836.558524180629,4817.773281024252,150
860,uav_3,2811.9985290585455,4813.10507235875,150
861,uav_3,2787.519744843734,4808.028197738869,150
862,uav_3,2763.128971041073,4802.544067374914,150
863,uav_3,2738.8329827086795,4796.654204601173,150
864,uav_3,2714.638528575975,4790.360245452761,150
865,uav_3,2690.5523291690974,4783.663938211197,150
866,uav_3,2666.5810749441143,4776.567142918767,150
867,uav_3,2642.731424428625,4769.071830861866,150
868,uav_3,2619.010002372193,4761.1800840234255,150
869,uav_3,2595.423397906199,4752.8940945046015,150
870,uav_3,2571.9781627135512,4744.216163915869,150
871,uav_3,2548.6808092088304,4735.148702737705,150
872,uav_3,2525.537808729323,4725.694229651023,150
873,uav_3,2502.555589737458,4715.855370837553,150
874,uav_3,2479.740536035186,4705.634859250371,150
875,uav_3,2457.0989849907182,4695.035533854752,150
876,uav_3,2434.6372257782104,4684.060338839601,150
877,uav_3,2412.361497630787,4672.712322799625,150
878,uav_3,2390.2779881074844,4660.99463788854,150
879,uav_3,2368.392831374502,4648.910538943472,150
880,uav_3,2346.712106501326,4636.463382580874,150
881,uav_3,2325.2418357721217,4623.656626264144,150
882,uav_3,2303.987983012932,4610.493827343246,150
883,uav_3,2282.956451935079,4596.978642066576,150
884,uav_3,2262.1530844953004,4583.114824565366,150
885,uav_3,2241.5836592730047,4568.906225810886,150
886,uav_3,2221.253889865161,4554.356792544764,150
887,uav_3,2201.169423299221,4539.470566182689,150
888,uav_3,2181.3358384645276,4524.251681691819,150
889,uav_3,2161.7586445626766,4508.7043664422135,150
890,uav_3,2142.443279577199,4492.832939032581,150
891,uav_3,2123.3951087630658,4476.641808090708,150
892,uav_3,2104.619423156352,4460.135471048854,150
893,uav_3,2086.121438104558,4443.3185128945115,150
894,uav_3,2067.9062918179197,4426.195604896809,150
895,uav_3,2049.979043942176,4408.771503308982,150
896,uav_3,2032.3446741531266,4391.0510480472085,150
897,uav_3,2015.0080807734398,4373.039161346235,150
898,uav_3,1997.974079412021,4354.740846392104,150
899,uav_3,1981.2474016263902,4336.161185932424,150
900,uav_3,1964.8326936083768,4317.30534086452,150
901,uav_3,1948.7345148935524,4298.178548801892,150
902,uav_3,1932.957337094717,4278.786122619353,150
903,uav_3,1917.5055426598092,4259.133448977256,150
904,uav_3,1902.3834236545983,4239.22598682525,150
905,uav_3,1887.5951805704585,4219.069265885925,150
906,uav_3,1873.1449211576064,4198.668885118827,150
907,uav_3,1859.0366592840714,4178.030511165214,150
908,uav_3,1845.2743138207727,4157.159876774039,150
909,uav_3,1831.8617075529553,4136.062779209541,150
910,uav_3,1818.8025661183424,4114.745078640951,150
911,uav_3,1806.1005169722491,4093.2126965146817,150
912,uav_3,1793.7590883799885,4071.471613909544,150
913,uav_3,1781.7817084368123,4049.52786987535,150
914,uav_3,1770.1717041156926,4027.3875597554606,150
915,uav_3,1758.9323003431755,4005.056833493654,150
916,uav_3,1748.0666191035962,3982.5418939258625,150
917,uav_3,1737.5776785718786,3959.8489950571993,150
918,uav_3,1727.468392275169,3936.9844403247625,150
919,uav_3,1717.741568283549,3913.954580846743,150
920,uav_3,1708.3999084300272,3890.7658136582413,150
921,uav_3,1699.4460075600532,3867.424579934379,150
922,uav_3,1690.8823528107378,3843.937363201101,150
923,uav_3,1682.711322920005,3820.310687534261,150
924,uav_3,1674.9351875658383,3796.551115747398,150
925,uav_3,1667.5561067358376,3772.6652475687947,150
926,uav_3,1660.5761301272285,3748.659717808244,150
927,uav_3,1653.9971965775233,3724.5411945141063,150
928,uav_3,1647.821133525959,3700.3163771210993,150
929,uav_3,1642.0496565058959,3675.9919945894053,150
930,uav_3,1636.6843686682823,3651.5748035355396,150
931,uav_3,1631.7267603363537,3627.071586355573,150
932,uav_3,1627.178208591658,3602.489149341169,150
933,uav_3,1623.0399768915431,3577.8343207889848,150
934,uav_3,1619.313214718207,3553.113949103982,150
935,uav_3,1615.9989572594009,3528.3349008971163,150
936,uav_3,1613.098125120886,3503.504059078011,150
937,uav_3,1610.611524070715,3478.6283209430585,150
938,uav_3,1608.5398448154135,3453.714596259574,150
939,uav_3,1606.88366280812,3428.769805346437,150
940,uav_3,1605.6434380887436,3403.800877151844,150
941,uav_3,1604.8195151561754,3378.8147473286276,150
942,uav_3,1604.412122872599,3353.8183563077505,150
943,uav_3,1604.4213743999182,3328.8186473704313,150
944,uav_3,1604.847267168324,3303.822564719522,150
945,uav_3,1605.6896828770077,3278.8370515505835,150
946,uav_3,1606.9483875270228,3253.8690481232875,150
947,uav_3,1608.6230314862821,3228.9254898336007,150
948,uav_3,1610.7131495866759,3204.013305287322,150
949,uav_3,1613.2181612532825,3179.1394143755356,150
950,uav_3,1616.137370665635,3154.310726352439,150
951,uav_3,1619.469966951,3129.5341379161737,150
952,uav_3,1623.2150244096167,3104.8165312930987,150
953,uav_3,1627.371502771826,3080.164772326125,150
954,uav_3,1631.9382474870322,3055.5857085675607,150
955,uav_3,1636.9139900443997,3031.086167377079,150
956,uav_3,1642.297348325213,3006.6729540252522,150
957,uav_3,1648.0868269867863,2982.3528498032615,150
958,uav_3,1654.2808178778291,2958.1326101392306,150
959,uav_3,1660.8776004851425,2934.018962721779,150
960,uav_3,1667.8753424115318,2910.018605631247,150
961,uav_3,1675.2720998847892,2886.138205479174,150
962,uav_3,1683.0658182976242,2862.3843955564903,150
963,uav_3,1691.254332778366,2838.7637739910024,150
964,uav_3,1699.835368792312,2815.2829019145943,150
965,uav_3,1708.8065427735235,2791.9483016407494,150
966,uav_3,1718.1653627869143,2768.766454852831,150
967,uav_3,1727.9092292204318,2745.743800803676,150
968,uav_3,1738.0354355071652,2722.8867345269246,150
969,uav_3,1748.5411688771471,2700.2016050606826,150
970,uav_3,1759.4235111386615,2677.694713683933,150
971,uav_3,1770.6794394888268,2655.372312166237,150
972,uav_3,1782.3058273532567,2633.240601031145,150
973,uav_3,1794.299445254524,2611.3057278338897,150
974,uav_3,1806.6569617092225,2589.5737854537565,150
975,uav_3,1819.3749441533453,2568.050810401681,150
976,uav_3,1832.4498598957703,2546.7427811434463,150
977,uav_3,1845.8780770995324,2525.6556164390545,150
978,uav_3,1859.6558657906353,2504.7951736986756,150
979,uav_3,1873.7793988941464,2484.167247355601,150
980,uav_3,1888.2447532972403,2463.7775672567327,150
981,uav_3,1903.0479109389316,2443.631797070989,150
982,uav_3,1918.1847599261641,2423.7355327161154,150
983,uav_3,1933.651095675996,2404.094300804273,150
984,uav_3,1949.4426220835012,2384.7135571069234,150
985,uav_3,1965.5549527151086,2365.5986850393597,150
986,uav_3,1981.9836120270159,2346.754994165368,150
987,uav_3,1998.724036608387,2328.1877187223545,150
988,uav_3,2015.771576448923,2309.902016167445,150
989,uav_3,2033.12149623051,2291.902965744879,150
990,uav_3,2050.7689766425383,2274.19556707516,150
991,uav_3,2068.7091157205923,2256.7847387662778,150
992,uav_3,2086.936930208065,2239.675317047475,150
993,uav_3,2105.447356940351,2222.8720544258895,150
994,uav_3,2124.2352542512717,2206.379618366423,150
995,uav_3,2143.2954034012696,2190.2025899952687,150
996,uav_3,2162.62251002703,2174.3454628273967,150
997,uav_3,2182.2112056120877,2158.8126415184,150
998,uav_3,2202.0560489780737,2143.608440640985,150
999,uav_3,2222.1515277960984,2128.7370834865214,150
1000,uav_3,2242.4920601179306,2114.2027008919267,150
1,uav_4,4126.100194435742,4043.3348607408716,150
2,uav_4,4125.475266770893,4068.3267593873347,150
3,uav_4,4124.433913539039,4093.3047720382215,150
4,uav_4,4122.976423998273,4118.261960517294,150
5,uav_4,4121.1032029974285,4143.191392432669,150
6,uav_4,4118.814770863628,4168.086143102446,150
7,uav_4,4116.11176325775,4192.939297478178,150
8,uav_4,4112.994930997858,4217.743952065675,150
9,uav_4,4109.465139850653,4242.493216842603,150
10,uav_4,4105.523370290977,4267.180217172327,150
11,uav_4,4101.170717229475,4291.798095713491,150
12,uav_4,4096.408389708452,4316.340014324796,150
13,uav_4,4091.2377105660444,4340.799155964429,150
14,uav_4,4085.6601160687655,4365.168726583652,150
15,uav_4,4079.677155512557,4389.441957013989,150
16,uav_4,4073.290490792436,4413.612104847507,150
17,uav_4,4066.501895940869,4437.672456309667,150
18,uav_4,4059.3132566349987,4461.616328124213,150
19,uav_4,4051.7265696728537,4485.437069369603,150
20,uav_4,4043.743942418696,4509.128063326432,150
21,uav_4,4035.367592217658,4532.682729315381,150
22,uav_4,4026.599845779824,4556.09452452513,150
23,uav_4,4017.4431385339394,4579.356945829769,150
24,uav_4,4007.900013950917,4602.46353159518,150
25,uav_4,3997.973122837335,4625.407863473891,150
26,uav_4,3987.665222599117,4648.183568187913,150
27,uav_4,3976.9791764756046,4670.7843192990495,150
28,uav_4,3965.917952744234,4693.203838966204,150
29,uav_4,3954.4846238960267,4715.435899689181,150
30,uav_4,3942.6823657821487,4737.4743260385085,150
31,uav_4,3930.5144567317425,4759.312996370798,150
32,uav_4,3917.984276641305,4780.945844529156,150
33,uav_4,3905.095306035848,4802.366861528193,150
34,uav_4,3891.851125102109,4823.570097223146,150
35,uav_4,3878.255412694075,4844.549661962659,150
36,uav_4,3864.311945311107,4865.299728224757,150
37,uav_4,3850.0245960489324,4885.814532235569,150
38,uav_4,3835.3973335238124,4906.0883755703335,150
39,uav_4,3820.4342207701734,4926.115626736263,150
40,uav_4,3805.1394141120118,4945.89072273681,150
41,uav_4,3789.5171620083875,4965.408170616904,150
42,uav_4,3773.571803873322,4984.662548988741,150
43,uav_4,3757.307768870437,5003.648509537691,150
44,uav_4,3740.7295746826558,5022.360778507904,150
45,uav_4,3723.841826257321,5040.794158167206,150
46,uav_4,3706.649214527074,5058.943528250885,150
47,uav_4,3689.1565151068485,5076.8038473839515,150
48,uav_4,3671.3685869673377,5094.3701544814885,150
49,uav_4,3653.290371085316,5111.637570126697,150
50,uav_4,3634.9268890711746,5128.60129792626,150
51,uav_4,3616.283241774063,5145.256625842643,150
52,uav_4,3597.364607865018,5161.598927502963,150
53,uav_4,3578.17624239848,5177.6236634840625,150
54,uav_4,3558.7234753525863,5193.326382573429,150
55,uav_4,3539.011710148657,5208.702723005617,150
56,uav_4,3519.0464221502816,5223.748413673821,150
57,uav_4,3498.833157142415,5238.459275316265,150
58,uav_4,3478.3775297909224,5252.831221677083,150
59,uav_4,3457.6852220829837,5266.860260641365,150
60,uav_4,3436.7619817487994,5280.542495344049,150
61,uav_4,3415.613620665037,5293.8741252523605,150
62,uav_4,3394.2460132404594,5306.851447221492,150
63,uav_4,3372.66509478418,5319.4708565232295,150
64,uav_4,3350.8768598570045,5331.728847847242,150
65,uav_4,3328.8873606063153,5343.6220162747595,150
66,uav_4,3306.7027050849556,5355.147058224357,150
67,uav_4,3284.329055554591,5366.300772369599,150
68,uav_4,3261.7726267740063,5377.080060528276,150
69,uav_4,3239.039684272826,5387.481928522986,150
70,uav_4,3216.136542611126,5397.503487012837,150
71,uav_4,3193.069563625437,5407.1419522960205,150
72,uav_4,3169.8451546616,5416.394647083043,150
73,uav_4,3146.469766794995,5425.259001240405,150
74,uav_4,3122.9498930386144,5433.7325525045035,150
75,uav_4,3099.2920665394927,5441.812947165583,150
76,uav_4,3075.5028587639817,5449.497940721529,150
77,uav_4,3051.5888776723878,5456.785398501323,150
78,uav_4,3027.5567658834707,5463.673296257994,150
79,uav_4,3003.4131988293125,5470.1597207309005,150
80,uav_4,2979.1648829010737,5476.242870177173,150
81,uav_4,2954.8185535861517,5481.921054872193,150
82,uav_4,2930.380973597255,5487.192697578943,150
83,uav_4,2905.8589309939134,5492.056333986124,150
84,uav_4,2881.259237296951,5496.510613114894,150
85,uav_4,2856.588725596442,5500.55429769414,150
86,uav_4,2831.8542486536726,5504.186264504142,150
87,uav_4,2807.0626769976398,5507.405504688587,150
88,uav_4,2782.220897016616,5510.211124034789,150
89,uav_4,2757.335809045309,5512.602343222081,150
90,uav_4,2732.414325448144,5514.578498038286,150
91,uav_4,2707.4633686992092,5516.1390395642175,150
92,uav_4,2682.4898694593894,5517.283534326153,150
93,uav_4,2657.500764651228,5518.01166441624,150
94,uav_4,2632.502995532048,5518.3232275808,150
95,uav_4,2607.5035057658683,5518.218137276516,150
96,uav_4,2582.5092394946564,5517.696422694462,150
97,uav_4,2557.5271394094416,5516.758228752,150
98,uav_4,2532.5641448218353,5515.403816052527,150
99,uav_4,2507.6271897364886,5513.633560813082,150
100,uav_4,2482.723200925026,5511.447954759851,150
101,uav_4,2457.8590960019856,5508.8476049915735,150
102,uav_4,2433.0417815033024,5505.833233810907,150
103,uav_4,2408.278150967875,5502.405678523799,150
104,uav_4,2383.5750830227316,5498.5658912069,150
105,uav_4,2358.9394394723513,5494.314938443109,150
106,uav_4,2334.378063392647,5489.654001025305,150
107,uav_4,2309.8977772301555,5484.584373628356,150
108,uav_4,2285.505380906959,5479.107464449497,150
109,uav_4,2261.20764993186,5473.224794817172,150
110,uav_4,2237.01133351834,5466.937998768453,150
111,uav_4,2212.92315270982,5460.248822595154,150
112,uav_4,2188.949798512751,5453.159124358754,150
113,uav_4,2165.0979300380377,5445.670873374289,150
114,uav_4,2141.3741726513344,5437.786149663326,150
115,uav_4,2117.7851161327053,5429.507143376199,150
116,uav_4,2094.337312846173,5420.83615418364,150
117,uav_4,2071.0372759196594,5411.775590638008,150
118,uav_4,2047.8914774358245,5402.327969504247,150
119,uav_4,2024.906346634309,5392.495915060816,150
120,uav_4,2002.0882681258759,5382.282158370726,150
121,uav_4,1979.443580118946,5371.689536522942,150
122,uav_4,1956.9785726590276,5360.7209918443095,150
123,uav_4,1934.6994858815206,5349.379571082267,150
124,uav_4,1912.6125082783865,5337.668424558547,150
125,uav_4,1890.7237749791643,5325.590805294102,150
126,uav_4,1869.0393660468033,5313.150068105515,150
127,uav_4,1847.5653047887988,5300.3496686731205,150
128,uav_4,1826.3075560840894,5287.193162581123,150
129,uav_4,1805.2720247261832,5273.684204329951,150
130,uav_4,1784.4645537829774,5259.826546321145,150
131,uav_4,1763.8909229737208,5245.624037815048,150
132,uav_4,1743.5568470635708,5231.08062386159,150
133,uav_4,1723.467974276201,5216.200344204465,150
134,uav_4,1703.62988472488,5200.98733215901,150
135,uav_4,1684.0480888624809,5185.445813464086,150
136,uav_4,1664.7280259508325,5169.580105108286,150
137,uav_4,1645.6750625498487,5153.394614130804,150
138,uav_4,1626.8944910268538,5136.893836397285,150
139,uav_4,1608.3915280865106,5120.082355350996,150
140,uav_4,1590.171313321775,5102.964840739691,150
141,uav_4,1572.2389077862588,5085.54604731847,150
142,uav_4,1554.5992925884163,5067.830813529062,150
143,uav_4,1537.2573675079364,5049.82406015583,150
144,uav_4,1520.2179496347214,5031.53078895893,150
145,uav_4,1503.48577203084,5012.956081284958,150
146,uav_4,1487.0654824158166,4994.1050966554985,150
147,uav_4,1470.9616418756284,4974.98307133396,150
148,uav_4,1455.1787235957677,4955.595316871088,150
149,uav_4,1439.721111618717,4935.947218629571,150
150,uav_4,1424.593099626189,4916.044234288139,150
151,uav_4,1409.798889746464,4895.891892325578,150
152,uav_4,1395.3425913871602,4875.495790485075,150
153,uav_4,1381.2282200937566,4854.86159421933,150
154,uav_4,1367.4596964341904,4833.995035116848,150
155,uav_4,1354.0408449098368,4812.901909309877,150
156,uav_4,1340.9753928931686,4791.588075864401,150
157,uav_4,1328.2669695924028,4770.059455152661,150
158,uav_4,1315.9191050434074,4748.322027208652,150
159,uav_4,1303.9352291291607,4726.381830067028,150
160,uav_4,1292.3186706270276,4704.244958085922,150
161,uav_4,1281.0726562841196,4681.9175602541,150
162,uav_4,1270.2003099209978,4659.405838482949,150
163,uav_4,1259.7046515639659,4636.716045883768,150
164,uav_4,1249.5885966061912,4613.854485030829,150
165,uav_4,1239.8549549978943,4590.827506210701,150
166,uav_4,1230.506430465823,4567.641505658329,150
167,uav_4,1221.545619762237,4544.302923780335,150
168,uav_4,1212.9750119436026,4520.818243366062,150
169,uav_4,1204.7969876792044,4497.193987786842,150
170,uav_4,1197.0138185898657,4473.436719183988,150
171,uav_4,1189.627666616954,4449.553036646021,150
172,uav_4,1182.640583421858,4425.549574375628,150
173,uav_4,1176.054509816094,4401.432999846877,150
174,uav_4,1169.8712752222038,4377.210011953178,150
175,uav_4,1164.0925971655947,4352.887339146526,150
176,uav_4,1158.7200807974586,4328.4717375685295,150
177,uav_4,1153.7552184489084,4303.969989173745,150
178,uav_4,1149.1993892164503,4279.388899845848,150
179,uav_4,1145.0538585789104,4254.735297507152,150
180,uav_4,1141.3197780459216,4230.016030222005,150
181,uav_4,1137.9981848380655,4205.237964294599,150
182,uav_4,1135.090001598765,4180.407982361701,150
183,uav_4,1132.5960361379978,4155.53298148086,150
184,uav_4,1130.5169812079114,4130.619871214595,150
185,uav_4,1128.8534143103957,4105.675571711125,150
186,uav_4,1127.6057975366705,4080.70701178214,150
187,uav_4,1126.7744774389278,4055.721126978186,150
188,uav_4,1126.3596849340724,4030.7248576621605,150
189,uav_4,1126.3615352395766,4005.7251470814813,150
190,uav_4,1126.7800278414793,3980.7289394394506,150
191,uav_4,1127.615046494526,3955.743177966355,150
192,uav_4,1128.86635925446,3930.774802990834,150
193,uav_4,1130.5336185424496,3905.830750012058,150
194,uav_4,1132.6163612416353,3880.9179477732423,150
195,uav_4,1135.1140088257703,3856.0433163370417,150
196,uav_4,1138.0258675199188,3831.213765163356,150
197,uav_4,1141.351128493167,3806.43619119008,150
198,uav_4,1145.0888680832923,3781.7174769173316,150
199,uav_4,1149.2380480533313,3757.0644884956896,150
200,uav_4,1153.7975158799711,3732.484073818976,150
201,uav_4,1158.7660050736883,3707.9830606221044,150
202,uav_4,1164.1421355305436,3683.568254584533,150
203,uav_4,1169.9244139155337,3659.246437439841,150
204,uav_4,1176.111234077398,3635.0243650919574,150
205,uav_4,1182.7008774947622,3610.9087657385644,150
206,uav_4,1189.691513753492,3586.906338002198,150
207,uav_4,1197.0812010551326,3563.02374906956,150
208,uav_4,1204.867886756282,3539.2676328395683,150
209,uav_4,1213.0494079387581,3515.644588080646,150
210,uav_4,1221.623492010395,3492.161176597774,150
211,uav_4,1230.5877573363045,3468.823921409812,150
212,uav_4,1239.9397139004243,3445.639304937587,150
213,uav_4,1249.6767639971756,3422.6137672032646,150
214,uav_4,1259.7962029530295,3399.7537040414936,150
215,uav_4,1270.295219877788,3377.0654653228316,150
216,uav_4,1281.1708984453692,3354.5553531899254,150
217,uav_4,1292.4202177038796,3332.229620306961,150
218,uav_4,1304.0400529147466,3310.0944681228525,150
219,uav_4,1316.0271764206827,3288.156045148655,150
220,uav_4,1328.3782585422357,3266.420445249687,150
221,uav_4,1341.0898685026775,3244.8937059528275,150
222,uav_4,1354.1584753809775,3223.581806769464,150
223,uav_4,1367.5804490925884,3202.4906675345583,150
224,uav_4,1381.3520613977826,3181.6261467622808,150
225,uav_4,1395.4694869372486,3160.994040018689,150
226,uav_4,1409.928804294667,3140.600078311879,150
227,uav_4,1424.7259970859673,3120.4499265000823,150
228,uav_4,1439.8569550749644,3100.5491817181255,150
229,uav_4,1455.3174753150645,3080.9033718227092,150
230,uav_4,1471.1032633167217,3061.5179538569264,150
231,uav_4,1487.2099342403278,3042.398312534453,150
232,uav_4,1503.6330141141914,3023.5497587438285,150
233,uav_4,1520.367941077281,3004.977528073244,150
234,uav_4,1537.4100666463794,2986.6867793562433,150
235,uav_4,1554.754657007297,2968.6825932387505,150
236,uav_4,1572.396894329793,2950.969970767809,150
237,uav_4,1590.3318781058283,2933.553832002436,150
238,uav_4,1608.554626510786,2916.4390146469696,150
239,uav_4,1627.0600777872814,2899.6302727072934,150
240,uav_4,1645.8430916511716,2883.132275170312,150
241,uav_4,1664.8984507193807,2866.9496047070356,150
242,uav_4,1684.220861959137,2851.0867563996508,150
243,uav_4,1703.804958158228,2835.548136492912,150
244,uav_4,1723.645299415857,2820.3380611702123,150
245,uav_4,1743.736374653692,2805.4607553546753,150
246,uav_4,1764.0726031466859,2790.9203515355885,150
247,uav_4,1784.6483360732407,2776.720888620519,150
248,uav_4,1805.4578580842908,2762.866310813417,150
249,uav_4,1826.495388890858,2749.360466519034,150
250,uav_4,1847.7550848696571,2736.2071072739445,150
251,uav_4,1869.231040686282,2723.4098867044713,150
252,uav_4,1890.9172909355404,2710.972359511822,150
253,uav_4,1912.8078117984724,2698.897980484687,150
254,uav_4,1934.8965227155932,2687.190103539603,150
255,uav_4,1957.1772880759004,2675.851980789329,150
256,uav_4,1979.6439189211706,2664.886761639502,150
257,uav_4,2002.2901746650728,2654.297491913825,150
258,uav_4,2025.1097648266264,2644.087113008022,150
259,uav_4,2048.096350777517,2634.258461072802,150
260,uav_4,2071.2435475027823,2624.8142662260616,150
261,uav_4,2094.544925374392,2615.7571517945307,150
262,uav_4,2117.9940119372077,2607.089633585093,150
263,uav_4,2141.584293706852,2598.814119185963,150
264,uav_4,2165.3092179789605,2590.93290729793,150
265,uav_4,2189.1621946493433,2583.4481870958416,150
266,uav_4,2213.136598044521,2576.362037620517,150
267,uav_4,2237.2257687621504,2569.676427201246,150
268,uav_4,2261.423015520814,2563.3932129090454,150
269,uav_4,2285.721617018666,2557.5141400408183,150
270,uav_4,2310.1148238004203,2552.0408416345585,150
271,uav_4,2334.5958601321504,2546.9748380157416,150
272,uav_4,2359.1579258834,2542.3175363750206,150
273,uav_4,2383.7941984160598,2538.0702303773496,150
274,uav_4,2408.497834479505,2534.2340998026393,150
275,uav_4,2433.2619721114497,2530.81021021805,150
276,uav_4,2458.079732544007,2527.799512682008,150
277,uav_4,2482.944222114413,2525.202843480023,150
278,uav_4,2507.8485341798887,2523.0209238924003,150
279,uav_4,2532.7857510361023,2521.254359993885,150
280,uav_4,2557.748945838719,2519.9036424853116,150
281,uav_4,2582.7311845274735,2518.9691465573032,150
282,uav_4,2607.7255277522536,2518.451131786053,150
283,uav_4,2632.7250328006553,2518.349742061222,150
284,uav_4,2657.7227555264667,2518.6650055459713,150
285,uav_4,2682.7117522785543,2519.396834669137,150
286,uav_4,2707.6850818296107,2520.545026149558,150
287,uav_4,2732.6358073042265,2522.1092610525393,150
288,uav_4,2757.5569981057592,2524.0891048784433,150
289,uav_4,2782.4417318414507,2526.4840076833816,150
290,uav_4,2807.2830962452717,2529.2933042319746,150
291,uav_4,2832.0741910979505,2532.5162141821343,150
292,uav_4,2856.808130143657,2536.151842301819,150
293,uav_4,2881.4780430028068,2540.1991787177067,150
294,uav_4,2906.0770770804534,2544.657099195705,150
295,uav_4,2930.5983994697467,2549.524365453236,150
296,uav_4,2955.035198849918,2554.7996255031894,150
297,uav_4,2979.3806873782664,2560.481414029473,150
298,uav_4,3003.6281025756316,2566.5681527940287,150
299,uav_4,3027.7707092048136,2573.0581510752263,150
300,uav_4,3051.8018011414288,2579.9496061374966,150
301,uav_4,3075.7147032366825,2587.240603732078,150
302,uav_4,3099.5027731715286,2594.9291186287423,150
303,uav_4,3123.15940330172,2603.013015178344,150
304,uav_4,3146.6780224932218,2611.4900479060434,150
305,uav_4,3170.0520979474827,2620.357862135034,150
306,uav_4,3193.27513701606,2629.6139946406056,150
307,uav_4,3216.3406890040915,2639.255874334356,150
308,uav_4,3239.242346962116,2649.2808229783695,150
309,uav_4,3261.973749465732,2659.686055929147,150
310,uav_4,3284.5285823826307,2670.4686829111097,150
311,uav_4,3306.9005806264736,2681.6257088194266,150
312,uav_4,3329.083529897155,2693.1540345519743,150
313,uav_4,3351.071268406959,2705.0504578701766,150
314,uav_4,3372.8576885921234,2717.3116742884936,150
315,uav_4,3394.4367388093506,2729.9342779923163,150
316,uav_4,3415.8024250167773,2742.9147627840002,150
317,uav_4,3436.948812438949,2756.24952305679,150
318,uav_4,3457.870027215331,2769.9348547963523,150
319,uav_4,3478.5602580318964,2783.9669566096445,150
320,uav_4,3499.0137577353457,2798.3419307808344,150
321,uav_4,3519.224844929499,2813.05578435397,150
322,uav_4,3539.1879055534255,2828.104430242115,150
323,uav_4,3558.8973944408713,2843.483688362619,150
324,uav_4,3578.3478368605415,2859.1892867982233,150
325,uav_4,3597.533830036831,2875.216862983684,150
326,uav_4,3616.450044650556,2891.5619649175615,150
327,uav_4,3635.0912263192886,2908.2200523988627,150
328,uav_4,3653.4521970568717,2925.1864982881752,150
329,uav_4,3671.527856711717,2942.456589792958,150
330,uav_4,3689.31318438348,2960.025529776616,150
331,uav_4,3706.8032398177215,2977.888438091012,150
332,uav_4,3723.9931647781714,2996.0403529320274,150
333,uav_4,3740.8781843962042,3014.4762322178112,150
334,uav_4,3757.453608497164,3033.1909549893267,150
335,uav_4,3773.714832903157,3052.1793228328065,150
336,uav_4,3789.657340711964,3071.436061323722,150
337,uav_4,3805.276703551703,3090.955821491868,150
338,uav_4,3820.568582810907,3110.733181307155,150
339,uav_4,3835.528730843663,3130.76264718569,150
340,uav_4,3850.1529921494894,3151.0386555157406,150
341,uav_4,3864.4373045276116,3171.5555742031456,150
342,uav_4,3878.3777002053293,3192.3077042357477,150
343,uav_4,3891.9703069401457,3213.2892812664186,150
344,uav_4,3905.211349095368,3234.494477214228,150
345,uav_4,3918.097148688871,3255.917401883317,150
346,uav_4,3930.6241264147334,3277.5521045990254,150
347,uav_4,3942.7888026374694,3299.3925758608225,150
348,uav_4,3954.587798358568,3321.432749011568,150
349,uav_4,3966.017836155086,3343.666501922661,150
350,uav_4,3977.0757410900187,3366.0876586945883,150
351,uav_4,3987.758441594209,3388.6899913724146,150
352,uav_4,3998.06297031954,3411.4672216757285,150
353,uav_4,4007.986464963179,3434.4130227425703,150
354,uav_4,4017.5261690626435,3457.5210208868502,150
355,uav_4,4026.6794327614684,3480.7847973687785,150
356,uav_4,4035.4437135452595,3504.1978901778084,150
357,uav_4,4043.816576947931,3527.753795827593,150
358,uav_4,4051.7956972279303,3551.4459711624722,150
359,uav_4,4059.3788580142636,3575.267835174971,150
360,uav_4,4066.5639529221385,3599.2127708338153,150
361,uav_4,4073.3489861380585,3623.274126921954,150
362,uav_4,4079.7320729742023,3647.4452198840777,150
363,uav_4,4085.711440391936,3671.719335683116,150
364,uav_4,4091.285427494313,3696.0897316652063,150
365,uav_4,4096.452485987424,3720.549638432611,150
366,uav_4,4101.211180610466,3745.0922617240603,150
367,uav_4,4105.560189534422,3769.710784302004,150
368,uav_4,4109.498304729219,3794.398367846246,150
369,uav_4,4113.024432299293,3819.148154853429,150
370,uav_4,4116.137592787436,3843.9532705418596,150
371,uav_4,4118.836921446864,3868.806824761121,150
372,uav_4,4121.121668481415,3893.7019139059594,150
373,uav_4,4122.991199253829,3918.6316228339106,150
374,uav_4,4124.444994462022,3943.5890267861246,150
375,uav_4,4125.482650283338,3968.567193310869,150
376,uav_4,4126.103878486724,3993.559184189162,150
377,uav_4,4126.308506512783,4018.558057362013,150
378,uav_4,4126.096477521713,4043.5568688587286,150
379,uav_4,4125.467850409091,4068.548674725745,150
380,uav_4,4124.42279978952,4093.526532955463,150
381,uav_4,4122.961615948116,4118.483505414537,150
382,uav_4,4121.084704759886,4143.412659771091,150
383,uav_4,4118.792587576981,4168.3070714203195,150
384,uav_4,4116.0859010838785,4193.1598254079445,150
385,uav_4,4112.965397120535,4217.9640183509955,150
386,uav_4,4109.431942473542,4242.712760355369,150
387,uav_4,4105.486518635358,4267.39917692964,150
388,uav_4,4101.130221531682,4292.0164108946055,150
389,uav_4,4096.364261217031,4316.557624288009,150
390,uav_4,4091.1899615386246,4341.016000263928,150
391,uav_4,4085.6087597686596,4365.384744986302,150
392,uav_4,4079.622206205073,4389.6570895160685,150
393,uav_4,4073.2319637409164,4413.826291691372,150
394,uav_4,4066.4398074024534,4437.885638000347,150
395,uav_4,4059.2476238561035,4461.828445445945,150
396,uav_4,4051.6574108843843,4485.648063402271,150
397,uav_4,4043.6712768309826,4509.337875461941,150
398,uav_4,4035.2914400151176,4532.89130127393,150
399,uav_4,4026.5202281153574,4556.301798371404,150
400,uav_4,4017.3600775230525,4579.562863989034,150
401,uav_4,4007.8135326655793,4602.6680368692705,150
402,uav_4,3997.8832452995684,4625.610899057102,150
403,uav_4,3987.5719737743275,4648.385077682776,150
404,uav_4,3976.8825822656436,4670.984246732,150
405,uav_4,3965.818039980205,4693.402128803131,150
406,uav_4,3954.381420330833,4715.632496850848,150
407,uav_4,3942.575900082784,4737.669175915858,150
408,uav_4,3930.4047584713276,4759.506044840116,150
409,uav_4,3917.8713762908733,4781.13703796711,150
410,uav_4,3904.979234955882,4802.556146826723,150
411,uav_4,3891.731915533829,4823.757421804221,150
412,uav_4,3878.133097750484,4844.734973792876,150
413,uav_4,3864.1865589677905,4865.482975829801,150
414,uav_4,3849.896173134625,4885.9956647145045,150
415,uav_4,3835.26590971072,4906.267342609748,150
416,uav_4,3820.2998325640656,4926.292378624241,150
417,uav_4,3805.002098842081,4946.06521037674,150
418,uav_4,3789.376957816882,4965.58034554112,150
419,uav_4,3773.42874970495,4984.832363371982,150
420,uav_4,3757.1619044615463,5003.8159162103875,150
421,uav_4,3740.5809405502,5022.525730969278,150
422,uav_4,3723.690463687604,5040.95661059819,150
423,uav_4,3706.495165564281,5059.103435526849,150
424,uav_4,3688.9998225413665,5076.961165087237,150
425,uav_4,3671.209294323872,5094.524838913743,150
426,uav_4,3653.1285226107993,5111.789578321018,150
427,uav_4,3634.762529722476,5128.750587659127,150
428,uav_4,3616.1164172054987,5145.403155645647,150
429,uav_4,3597.195364415675,5161.742656674321,150
430,uav_4,3578.004627079339,5177.764552099929,150
431,uav_4,3558.5495358334656,5193.464391498983,150
432,uav_4,3538.8354947449716,5208.837813905933,150
433,uav_4,3518.867979809621,5223.880549024519,150
434,uav_4,3498.652537430949,5238.5884184139295,150
435,uav_4,3478.194782879632,5252.957336649462,150
436,uav_4,3457.500398733724,5266.983312457332,150
437,uav_4,3436.575133300202,5280.662449823337,150
438,uav_4,3415.4247990182475,5293.990949075051,150
439,uav_4,3394.055270844721,5306.965107937274,150
440,uav_4,3372.4724846222643,5319.581322560412,150
441,uav_4,3350.6824354304963,5331.836088521528,150
442,uav_4,3328.691175920749,5343.72600179776,150
443,uav_4,3306.5048146348154,5355.247759711874,150
444,uav_4,3284.129514308175,5366.398161849645,150
445,uav_4,3261.5714901581555,5377.174110948841,150
446,uav_4,3238.8370081575285,5387.57261375956,150
447,uav_4,3215.932383294001,5397.5907818756605,150
448,uav_4,3192.863977816092,5407.22583253708,150
449,uav_4,3169.6381994658823,5416.475089402813,150
450,uav_4,3146.2614996991283,5425.335983294312,150
451,uav_4,3122.7403718932314,5433.80605290914,150
452,uav_4,3099.081349543563,5441.882945504642,150
453,uav_4,3075.2910044486503,5449.564417551476,150
454,uav_4,3051.3759448847136,5456.8483353568,150
455,uav_4,3027.3428137700807,5463.732675656947,150
456,uav_4,3003.198286819973,5470.215526179434,150
457,uav_4,2978.9490706921843,5476.295086174132,150
458,uav_4,2954.6019011241588,5481.969666913469,150
459,uav_4,2930.163541062006,5487.237692161504,150
460,uav_4,2905.6407787819367,5492.097698611764,150
461,uav_4,2881.0404260046807,5496.548336293707,150
462,uav_4,2856.3693160033863,5500.588368947705,150
463,uav_4,2831.6343017055287,5504.216674368443,150
464,uav_4,2806.8422537893684,5507.432244716634,150
465,uav_4,2782.000058775469,5510.234186798968,150
466,uav_4,2757.114617113822,5512.6217223162175,150
467,uav_4,2732.192841267098,5514.5941880794235,150
468,uav_4,2707.241653790564,5516.151036194112,150
469,uav_4,2682.2679854091944,5517.291834212483,150
470,uav_4,2657.2787730925143,5518.016265253536,150
471,uav_4,2632.2809581277093,5518.3241280910825,150
472,uav_4,2607.2814841915347,5518.215337209647,150
473,uav_4,2582.287295421558,5517.68992282822,150
474,uav_4,2557.305334487284,5516.748030891862,150
475,uav_4,2532.3425406616707,5515.389923031166,150
476,uav_4,2507.405847893604,5513.615976489583,150
477,uav_4,2482.502182881843,5511.426684018634,150
478,uav_4,2457.638463150983,5508.82265374104,150
479,uav_4,2432.821595129966,5505.804608981801,150
480,uav_4,2408.0584722336694,5502.373388067277,150
481,uav_4,2383.3559729481144,5498.529944092326,150
482,uav_4,2358.7209589198255,5494.275344655562,150
483,uav_4,2334.1602730498475,5489.610771562803,150
484,uav_4,2309.680737593002,5484.537520498807,150
485,uav_4,2285.2891522628415,5479.057000667356,150
486,uav_4,2260.992292342903,5473.170734399833,150
487,uav_4,2236.796906804708,5466.880356732352,150
488,uav_4,2212.7097164331144,5460.187614951596,150
489,uav_4,2188.7374119594497,5453.094368109468,150
490,uav_4,2164.8866522030435,5445.602586506706,150
491,uav_4,2141.1640622215737,5437.7143511455815,150
492,uav_4,2117.5762314708377,5429.431853151864,150
493,uav_4,2094.12971197437,5420.757393166183,150
494,uav_4,2070.8310165034973,5411.693380704981,150
495,uav_4,2047.686616768257,5402.242333491215,150
496,uav_4,2024.7029416197602,5392.406876755007,150
497,uav_4,2001.886375264433,5382.1897425044335,150
498,uav_4,1979.2432554906584,5371.593768766644,150
499,uav_4,1956.7798719083398,5360.621898799546,150
500,uav_4,1934.5024642018057,5349.277180274246,150
501,uav_4,1912.417220396625,5337.562764428501,150
502,uav_4,1890.5302751407316,5325.481905191388,150
503,uav_4,1868.8477080004122,5313.037958279461,150
504,uav_4,1847.3755417715613,5300.234380264625,150
505,uav_4,1826.1197408067364,5287.074727614002,150
506,uav_4,1805.0862093584155,5273.562655702044,150
507,uav_4,1784.2807899389823,5259.701917795181,150
508,uav_4,1763.7092616978266,5245.496364009257,150
509,uav_4,1743.3773388160778,5230.949940240099,150
510,uav_4,1723.2906689193542,5216.0666870674395,150
511,uav_4,1703.4548315090278,5200.850738632573,150
512,uav_4,1683.8753364123927,5185.306321490006,150
513,uav_4,1664.5576222521868,5169.437753433434,150
514,uav_4,1645.5070549359132,5153.249442296401,150
515,uav_4,1626.7289261653273,5136.745884727903,150
516,uav_4,1608.228451966571,5119.931664943374,150
517,uav_4,1590.010771241293,5102.811453451302,150
518,uav_4,1572.0809443392266,5085.390005755912,150
519,uav_4,1554.4439516525517,5067.672161036206,150
520,uav_4,1537.104692232502,5049.662840801797,150
521,uav_4,1520.0679824285326,5031.367047525834,150
522,uav_4,1503.3385545504916,5012.789863255479,150
523,uav_4,1486.921055554105,4993.936448200241,150
524,uav_4,1470.8200457501994,4974.812039298635,150
525,uav_4,1455.039997537966,4955.421948763493,150
526,uav_4,1439.5852941626665,4935.771562606398,150
527,uav_4,1424.460228498089,4915.866339141601,150
528,uav_4,1409.6690018541055,4895.7118074698465,150
529,uav_4,1395.2157228096796,4875.313565942567,150
530,uav_4,1381.1044060716083,4854.677280606798,150
531,uav_4,1367.338971359364,4833.808683631337,150
532,uav_4,1353.923242316297,4812.7135717144865,150
533,uav_4,1340.8609454475484,4791.397804473921,150
534,uav_4,1328.1557090849212,4769.8673028190315,150
535,uav_4,1315.8110623790474,4748.128047306285,150
536,uav_4,1303.8304343190773,4726.186076477982,150
537,uav_4,1292.2171527802177,4704.047485184938,150
538,uav_4,1280.9744435993312,4681.718422893488,150
539,uav_4,1270.105429678902,4659.2050919773665,150
540,uav_4,1259.6131301195742,4636.513745994839,150
541,uav_4,1249.5004593815388,4613.6506879516655,150
542,uav_4,1239.7702264749773,4590.622268550296,150
543,uav_4,1230.425134179797,4567.43488442582,150
544,uav_4,1221.4677782948813,4544.094976369184,150
545,uav_4,1212.9006469170458,4520.609027538099,150
546,uav_4,1204.7261197499217,4496.983561656232,150
547,uav_4,1196.946467442936,4473.225141201079,150
548,uav_4,1189.563850960597,4449.340365581116,150
549,uav_4,1182.5803209822336,4425.335869302653,150
550,uav_4,1175.997817332382,4401.218320126981,150
551,uav_4,1169.8181684419515,4376.994417218233,150
552,uav_4,1164.0430908403443,4352.670889282575,150
553,uav_4,1158.6741886786485,4328.25449269914,150
554,uav_4,1153.7129532840547,4303.752009643321,150
555,uav_4,1149.1607627456042,4279.170246202854,150
556,uav_4,1145.0188815313988,4254.516030487305,150
557,uav_4,1141.2884601373664,4229.796210731404,150
558,uav_4,1137.9705347676845,4205.017653392797,150
559,uav_4,1135.0660270469555,4180.1872412447565,150
560,uav_4,1132.575743764203,4155.311871464328,150
561,uav_4,1130.5003766487716,4130.398453716506,150
562,uav_4,1128.8405021781819,4105.453908234912,150
563,uav_4,1127.5965814180026,4080.48516389957,150
564,uav_4,1126.76895989378,4055.4991563122408,150
565,uav_4,1126.35786749506,4030.5028258699335,150
566,uav_4,1126.3634184115326,4005.5031158370402,150
567,uav_4,1126.7856111013123,3980.506970416716,150
568,uav_4,1127.6243282913665,3955.521332821959,150
569,uav_4,1128.8793370100905,3930.5531433470046,150
570,uav_4,1130.550288652022,3905.60933743949,150
571,uav_4,1132.6367190746705,3880.6968437740043,150
572,uav_4,1135.1380487274453,3855.822582327492,150
573,uav_4,1138.0535828126383,3830.9934624570756,150
574,uav_4,1141.382511478416,3806.216380980851,150
575,uav_4,1145.1239100437772,3781.49822026213,150
576,uav_4,1149.2767392553992,3756.8458462977346,150
577,uav_4,1153.8398455763152,3732.2661068108027,150
578,uav_4,1158.8119615063313,3707.7658293487048,150
579,uav_4,1164.1917059341058,3683.3518193865284,150
580,uav_4,1169.9775845207764,3659.0308584367303,150
581,uav_4,1176.1679901150515,3634.8097021654085,150
582,uav_4,1182.7612031996243,3610.6950785157906,150
583,uav_4,1189.7553923688115,3586.693685839384,150
584,uav_4,1197.1486148372594,3562.812191035387,150
585,uav_4,1204.9388169795998,3539.0572276987937,150
586,uav_4,1213.1238349008834,3515.435394277789,150
587,uav_4,1221.7013950376493,3491.953252240882,150
588,uav_4,1230.6691147894596,3468.617324254312,150
589,uav_4,1240.0245031807103,3445.4340923702503,150
590,uav_4,1249.7649615525606,3422.409996226261,150
591,uav_4,1259.8877842847583,3399.551431256565,150
592,uav_4,1270.3901595471918,3376.864746915559,150
593,uav_4,1281.2691700809273,3354.3562449141336,150
594,uav_4,1292.5217940085483,3332.032177469222,150
595,uav_4,1304.1449056735378,3309.8987455671313,150
596,uav_4,1316.1352765085055,3287.962097241068,150
597,uav_4,1328.4895759319816,3266.228325863408,150
598,uav_4,1341.2043722735666,3244.703468453115,150
599,uav_4,1354.276133727141,3223.393503998848,150
600,uav_4,1367.701229331911,3202.3043517981496,150
601,uav_4,1381.4759299809743,3181.441869813253,150
602,uav_4,1395.5964094571646,3160.8118530439,150
603,uav_4,1410.0587454958695,3140.42003191765,150
604,uav_4,1424.8589208745123,3120.2720706981436,150
605,uav_4,1439.9928245284334,3100.3735659117215,150
606,uav_4,1455.4562526928141,3080.730044792881,150
607,uav_4,1471.244910070375,3061.3469637489543,150
608,uav_4,1487.354411024473,3042.2297068444923,150
609,uav_4,1503.7802807973196,3023.3835843057072,150
610,uav_4,1520.5179567529256,3004.8138310454606,150
611,uav_4,1537.5627896444848,2986.525605209141,150
612,uav_4,1554.9100449057894,2968.5239867418904,150
613,uav_4,1572.5549039663676,2950.8139759775304,150
614,uav_4,1590.4924655899333,2933.4004922496233,150
615,uav_4,1608.7177472358217,2916.2883725250113,150
616,uav_4,1627.2256864429842,2899.4823700602547,150
617,uav_4,1646.0111422362006,2882.9871530813116,150
618,uav_4,1665.0688965540999,2866.8073034868303,150
619,uav_4,1684.393655698575,2850.9473155754445,150
620,uav_4,1703.980051805237,2835.411594797368,150
621,uav_4,1723.8226443344365,2820.2044565307033,150
622,uav_4,1743.9159215825075,2805.330124882741,150
623,uav_4,1764.2543022127427,2790.7927315166326,150
624,uav_4,1784.8321368057464,2776.5963145037235,150
625,uav_4,1805.643709428665,2762.744817201905,150
626,uav_4,1826.6832392229257,2749.242087160249,150
627,uav_4,1847.9448820099758,2736.0918750502797,150
628,uav_4,1869.4227319146466,2723.297833624137,150
629,uav_4,1891.110823005618,2710.863516699954,150
630,uav_4,1913.0031309526007,2698.792378174699,150
631,uav_4,1935.0935746997081,2687.087771064791,150
632,uav_4,1957.3760181546045,2675.752946574723,150
633,uav_4,1979.844271892944,2664.7910531939688,150
634,uav_4,2002.4920948775982,2654.205135822429,150
635,uav_4,2025.313196192257,2643.998134924638,150
636,uav_4,2048.301236788845,2634.172885712994,150
637,uav_4,2071.449831248348,2624.7321173602113,150
638,uav_4,2094.7525495544774,2615.67845224124,150
639,uav_4,2118.202918879768,2607.0144052048427,150
640,uav_4,2141.79442538352,2598.7423828750425,150
641,uav_4,2165.520516021181,2590.8646829826293,150
642,uav_4,2189.3746003645715,2583.383493726922,150
643,uav_4,2213.3500524325377,2576.3008931679424,150
644,uav_4,2237.4402125314405,2569.618848649193,150
645,uav_4,2261.6383891050446,2563.3392162511864,150
646,uav_4,2285.937860593227,2557.463740275877,150
647,uav_4,2310.331877299039,2551.9940527621466,150
648,uav_4,2334.8136632635874,2546.9316730324667,150
649,uav_4,2359.376418148183,2542.278007270879,150
650,uav_4,2384.013319123301,2538.0343481323926,150
651,uav_4,2408.7175227637467,2534.2018743839276,150
652,uav_4,2433.4821669495846,2530.7816505768815,150
653,uav_4,2458.3003727722153,2527.7746267514312,150
654,uav_4,2483.1652464451636,2525.181638172638,150
655,uav_4,2508.069881218951,2523.003405098434,150
656,uav_4,2533.0073592996155,2521.2405325795553,150
657,uav_4,2557.970753770254,2519.893510291479,150
658,uav_4,2582.953130515145,2518.9627123984,150
659,uav_4,2607.9475501458232,2518.4483974493046,150
660,uav_4,2632.9470699286658,2518.3507083061486,150
661,uav_4,2657.9447457133656,2518.669672104178,150
662,uav_4,2682.933633861826,2519.4052002443877,150
663,uav_4,2707.906793176911,2520.557088418136,150
664,uav_4,2732.857286830493,2522.125016663891,150
665,uav_4,2757.778184290328,2524.108549456112,150
666,uav_4,2782.662563245135,2526.5071358262203,150
667,uav_4,2807.5035115274372,2529.3201095156483,150
668,uav_4,2832.294129033545,2532.546689160903,150
669,uav_4,2857.0275296402256,2536.185978510607,150
670,uav_4,2881.6968431174523,2540.2369666744526,150
671,uav_4,2906.295217036776,2544.6985284039984,150
672,uav_4,2930.815818674715,2549.5694244052283,150
673,uav_4,2955.251836910709,2554.848301682796,150
674,uav_4,2979.596484119031,2560.5336939158447,150
675,uav_4,3003.8429980542214,2566.624021865312,150
676,uav_4,3027.984643729421,2573.1175938125944,150
677,uav_4,3052.014715287171,2580.0126060294588,150
678,uav_4,3075.926537862112,2587.3071432790707,150
679,uav_4,3099.713469435054,2594.999179347985,150
680,uav_4,3123.3689026779584,2603.0865776089768,150
681,uav_4,3146.886266789247,2611.56709161453,150
682,uav_4,3170.259029318998,2620.438365720841,150
683,uav_4,3193.480697983457,2629.697935742142,150
684,uav_4,3216.544822468426,2639.3432296351903,150
685,uav_4,3239.444996220956,2649.3715682137004,150
686,uav_4,3262.174858228924,2659.78016589255,150
687,uav_4,3284.7280947879203,2670.566131461531,150
688,uav_4,3307.0984412550333,2681.7264688884534,150
689,uav_4,3329.279683788969,2693.258078151345,150
690,uav_4,3351.2656610760987,2705.157756099561,150
691,uav_4,3373.050266041875,2717.422197343519,150
692,uav_4,3394.627447547214,2730.047995172843,150
693,uav_4,3415.9912120693316,2743.031642502655,150
694,uav_4,3437.135625366558,2756.3695328477343,150
695,uav_4,3458.054814126718,2770.0579613243062,150
696,uav_4,3478.74296759855,2784.093125679141,150
697,uav_4,3499.1943392057856,2798.4711273457215,150
698,uav_4,3519.403248143364,2813.1879725271433,150
699,uav_4,3539.3640809554176,2828.2395733054886,150
700,uav_4,3559.0712930945083,2843.621748777319,150
701,uav_4,3578.519410461762,2859.3302262150255,150
702,uav_4,3597.7030309274032,2875.360642253654,150
703,uav_4,3616.616825831323,2891.7085441029403,150
704,uav_4,3635.2555414632143,2908.3693907841503,150
705,uav_4,3653.6140005219195,2925.338554391449,150
706,uav_4,3671.6871035535205,2942.611321377389,150
707,uav_4,3689.469830367827,2960.182893862202,150
708,uav_4,3706.9572414328477,2978.048390966521,150
709,uav_4,3724.1444792468387,2996.2028501671302,150
710,uav_4,3741.026769687591,3014.6412286754353,150
711,uav_4,3757.5994233385313,3033.3584048381813,150
712,uav_4,3773.8578367913224,3052.349179560123,150
713,uav_4,3789.7974939245414,3071.608277748166,150
714,uav_4,3805.413967158149,3091.130349776654,150
715,uav_4,3820.7029186833215,3110.9099729733234,150
716,uav_4,3835.660101667392,3130.941653125584,150
717,uav_4,3850.28136143348,3151.2198260066366,150
718,uav_4,3864.5626366145575,3171.738858921074,150
719,uav_4,3878.4999602815656,3192.493052269464,150
720,uav_4,3892.089461045328,3213.476641131552,150
721,uav_4,3905.3273641318992,3234.6837968675754,150
722,uav_4,3918.2099924310974,3256.108628737301,150
723,uav_4,3930.733767517898,3277.745185536308,150
724,uav_4,3942.895210646413,3299.5874572490484,150
725,uav_4,3954.6909437161967,3321.629376718274,150
726,uav_4,3966.1176902105735,3343.8648213303018,150
727,uav_4,3977.1722761067704,3366.287614715717,150
728,uav_4,3987.8516307575624,3388.8915284649756,150
729,uav_4,3998.152787744216,3411.670283858494,150
730,uav_4,4008.0728857004697,3434.617553610681,150
731,uav_4,4017.6091691073448,3457.726963627494,150
732,uav_4,4026.758989058546,3480.992094776961,150
733,uav_4,4035.5198039962534,3504.4064846722513,150
734,uav_4,4043.889180417094,3527.96362946672,150
735,uav_4,4051.8647935481,3551.6569856605133,150
736,uav_4,4059.4444279924614,3575.479971918144,150
737,uav_4,4066.6259783449027,3599.425970896609,150
738,uav_4,4073.407449776504,3623.4883310835025,150
739,uav_4,4079.786958588805,3647.660368644599,150
740,uav_4,4085.7627327370456,3671.935369280452,150
741,uav_4,4091.3331123223857,3696.306590091411,150
742,uav_4,4096.496550052981,3720.7672614506296,150
743,uav_4,4101.251611673772,3745.310588884451,150
744,uav_4,4105.596976364885,3769.92975495974,150
745,uav_4,4109.531437108513,3794.617921177549,150
746,uav_4,4113.053901024192,3819.3682298726776,150
747,uav_4,4116.163389672372,3844.1738061185165,150
748,uav_4,4118.859039326202,3869.027759636724,150
749,uav_4,4121.140101211442,3893.923186711129,150
750,uav_4,4123.00594171446,3918.8531721054032,150
751,uav_4,4124.456042558224,3943.810790983901,150
752,uav_4,4125.490000946268,3968.7891108351855,150
753,uav_4,4126.107529674577,3993.7811933976923,150
754,uav_4,4126.308457211364,4018.7800965869574,150
755,uav_4,4126.092727744715,4043.7788764239544,150
756,uav_4,4125.460401198096,4068.770588963909,150
757,uav_4,4124.411653213705,4093.748292225151,150
758,uav_4,4122.946775103682,4118.705048117376,150
759,uav_4,4121.0661737691935,4143.633924368866,150
760,uav_4,4118.770371587407,4168.527996452063,150
761,uav_4,4116.06000626639,4193.380349507017,150
762,uav_4,4112.93583066797,4218.184080262117,150
763,uav_4,4109.398712598612,4242.932298951649,150
764,uav_4,4105.449634568373,4267.618131229544,150
765,uav_4,4101.089693517977,4292.234720078905,150
766,uav_4,4096.320100514127,4316.775227716667,150
767,uav_4,4091.142180413101,4341.232837492945,150
768,uav_4,4085.5573714927427,4365.600755784512,150
769,uav_4,4079.567225052954,4389.8722138818575,150
770,uav_4,4073.1734049847846,4414.040469869357,150
771,uav_4,4066.3776873082525,4438.098810497966,150
772,uav_4,4059.1819596790156,4462.0405530499875,150
773,uav_4,4051.588220864037,4485.859047195318,150
774,uav_4,4043.598580186381,4509.547676838743,150
775,uav_4,4035.2152569393074,4533.099861957674,150
776,uav_4,4026.4405797698128,4556.509060429911,150
777,uav_4,4017.276986031803,4579.768769850839,150
778,uav_4,4007.727021109059,4602.872529339627,150
779,uav_4,3997.7933377082113,4625.81392133386,150
780,uav_4,3987.478695121884,4648.586573372166,150
781,uav_4,3976.785958462251,4671.184159864293,150
782,uav_4,3965.7180978651886,4693.600403848182,150
783,uav_4,3954.2781876652484,4715.829078733536,150
784,uav_4,3942.4694055417076,4737.864010031365,150
785,uav_4,3930.295031635891,4759.69907706911,150
786,uav_4,3917.7584476400493,4781.328214690765,150
787,uav_4,3904.863135858013,4802.745414941626,150
788,uav_4,3891.612678237918,4823.9447287371095,150
789,uav_4,3878.0107553772345,4844.920267515254,150
790,uav_4,3864.061145500411,4865.666204872377,150
791,uav_4,3849.767723409381,4886.176778181505,150
792,uav_4,3835.1344594072657,4906.446290193038,150
793,uav_4,3820.1654181955278,4926.469110617312,150
794,uav_4,3804.864757744922,4946.239677688506,150
795,uav_4,3789.2367281405213,4965.7524997095625,150
796,uav_4,3773.285670401174,4985.002156577606,150
797,uav_4,3757.016015273688,5003.983301289503,150
798,uav_4,3740.432282002094,5022.690661427107,150
799,uav_4,3723.5390770723366,5041.119040621777,150
800,uav_4,3706.341092932715,5059.263319997788,150
801,uav_4,3688.843106690467,5077.1184595942,150
802,uav_4,3671.0499787848094,5094.679499764828,150
803,uav_4,3652.966651636868,5111.941562555867,150
804,uav_4,3634.5981482767916,5128.899853060877,150
805,uav_4,3615.949570948521,5145.549660752643,150
806,uav_4,3597.0260996925103,5161.886360791646,150
807,uav_4,3577.8329909068793,5177.9054153106945,150
808,uav_4,3558.3755758873203,5193.602374675427,150
809,uav_4,3538.659259346231,5208.972878720281,150
810,uav_4,3518.6895179114276,5224.012657959635,150
811,uav_4,3498.4718986049047,5238.717534773738,150
812,uav_4,3478.0120173020296,5253.083424569138,150
813,uav_4,3457.315557171602,5267.1063369132635,150
814,uav_4,3436.3882670972516,5280.782376642853,150
815,uav_4,3415.2359600805444,5294.10774494592,150
816,uav_4,3393.8645116263133,5307.078740416948,150
817,uav_4,3372.279858110595,5319.691760085046,150
818,uav_4,3350.4879951316934,5331.943300414738,150
819,uav_4,3328.494975844754,5343.829958279157,150
820,uav_4,3306.3069092803917,5355.348431905324,150
821,uav_4,3283.929958647756,5366.495521791299,150
822,uav_4,3261.370339622588,5377.268131594897,150
823,uav_4,3238.6343186206655,5387.663268993776,150
824,uav_4,3215.728211057191,5397.678046516608,150
825,uav_4,3192.65837959253,5407.309682345145,150
826,uav_4,3169.4312323648637,5416.55550108692,150
827,uav_4,3146.053221210186,5425.412934518399,150
828,uav_4,3122.53083987016,5433.879522298361,150
829,uav_4,3098.8706221883576,5441.952912651306,150
830,uav_4,3075.079140295329,5449.630863020717,150
831,uav_4,3051.163002783071,5456.911240691968,150
832,uav_4,3027.128852869329,5463.792023384743,150
833,uav_4,3002.9833665523224,5470.271299814758,150
834,uav_4,2978.733250756324,5476.347270224668,150
835,uav_4,2954.385241468688,5482.018246883982,150
836,uav_4,2929.9461018687653,5487.282654557871,150
837,uav_4,2905.4226204493057,5492.139030944719,150
838,uav_4,2880.821609130792,5496.586027082311,150
839,uav_4,2856.149901369299,5500.622407722539,150
840,uav_4,2831.41435025834,5504.24705167451,150
841,uav_4,2806.6218266252877,5507.458952115989,150
842,uav_4,2781.77921712285,5510.25721687306,150
843,uav_4,2756.893422316145,5512.641068667952,150
844,uav_4,2731.971354765943,5514.609845334937,150
845,uav_4,2707.019937108532,5516.16300000427,150
846,uav_4,2682.0461001328295,5517.300101254081,150
847,uav_4,2657.056780855186,5518.020833230225,150
848,uav_4,2632.058920592504,5518.324995734011,150
849,uav_4,2607.0594630341143,5518.212504277809,150
850,uav_4,2582.0653523130436,5517.683390108522,150
851,uav_4,2557.0835310771076,5516.737800198906,150
852,uav_4,2532.120938560467,5515.375997206746,150
853,uav_4,2507.1845086560843,5513.598359401894,150
854,uav_4,2482.2811679897086,5511.405380561198,150
855,uav_4,2457.417833995836,5508.797669831348,150
856,uav_4,2432.601412996264,5505.775951559666,150
857,uav_4,2407.838798281703,5502.341065092911,150
858,uav_4,2383.136868197012,5498.4939645441245,150
859,uav_4,2358.5024842306098,5494.235718527612,150
860,uav_4,2333.9424891085264,5489.567509862109,150
861,uav_4,2309.4637048937147,5484.490635242228,150
862,uav_4,2285.0729310910538,5479.006504878274,150
863,uav_4,2260.7769427586604,5473.116642104532,150
864,uav_4,2236.582488625956,5466.82268295612,150
865,uav_4,2212.4962892190783,5460.126375714557,150
866,uav_4,2188.525034994095,5453.029580422127,150
867,uav_4,2164.675384478606,5445.534268365226,150
868,uav_4,2140.953962422174,5437.642521526785,150
869,uav_4,2117.36735795618,5429.356532007961,150
870,uav_4,2093.922122763532,5420.6786014192285,150
871,uav_4,2070.6247692588113,5411.611140241065,150
872,uav_4,2047.4817687793036,5402.156667154382,150
873,uav_4,2024.4995497874388,5392.317808340913,150
874,uav_4,2001.6844960851668,5382.097296753731,150
875,uav_4,1979.0429450406991,5371.497971358112,150
876,uav_4,1956.5811858281913,5360.52277634296,150
877,uav_4,1934.305457680768,5349.174760302985,150
878,uav_4,1912.2219481574652,5337.4570753919,150
879,uav_4,1890.3367914244825,5325.372976446831,150
880,uav_4,1868.6560665513068,5312.925820084233,150
881,uav_4,1847.1857958221028,5300.119063767503,150
882,uav_4,1825.931943062913,5286.956264846605,150
883,uav_4,1804.90041198506,5273.441079569935,150
884,uav_4,1784.0970445452813,5259.577262068726,150
885,uav_4,1763.5276193229856,5245.368663314245,150
886,uav_4,1743.197849915142,5230.819230048123,150
887,uav_4,1723.1133833492017,5215.933003686048,150
888,uav_4,1703.2797985145085,5200.714119195179,150
889,uav_4,1683.7026046126573,5185.166803945573,150
890,uav_4,1664.38723962718,5169.295376535941,150
891,uav_4,1645.3390688130467,5153.104245594067,150
892,uav_4,1626.5633832063327,5136.597908552214,150
893,uav_4,1608.0653981545388,5119.7809503978715,150
894,uav_4,1589.8502518679009,5102.658042400168,150
895,uav_4,1571.9230039921567,5085.233940812341,150
896,uav_4,1554.2886342031074,5067.513485550568,150
897,uav_4,1536.9520408234207,5049.501598849595,150
898,uav_4,1519.9180394620018,5031.203283895463,150
899,uav_4,1503.1913616763711,5012.623623435783,150
900,uav_4,1486.7766536583576,4993.767778367879,150
901,uav_4,1470.6784749435333,4974.640986305251,150
902,uav_4,1454.901297144698,4955.248560122713,150
903,uav_4,1439.44950270979,4935.595886480615,150
904,uav_4,1424.3273837045792,4915.6884243286095,150
905,uav_4,1409.5391406204394,4895.531703389284,150
906,uav_4,1395.0888812075873,4875.131322622187,150
907,uav_4,1380.9806193340523,4854.492948668573,150
908,uav_4,1367.2182738707536,4833.622314277398,150
909,uav_4,1353.8056676029362,4812.5252167129,150
910,uav_4,1340.7465261683233,4791.20751614431,150
911,uav_4,1328.04447702223,4769.675134018042,150
912,uav_4,1315.7030484299694,4747.9340514129035,150
913,uav_4,1303.7256684867932,4725.99030737871,150
914,uav_4,1292.1156641656735,4703.84999725882,150
915,uav_4,1280.8762603931564,4681.519270997013,150
916,uav_4,1270.010579153577,4659.0043314292225,150
917,uav_4,1259.5216386218594,4636.311432560558,150
918,uav_4,1249.4123523251499,4613.4468778281225,150
919,uav_4,1239.6855283335299,4590.417018350102,150
920,uav_4,1230.343868480008,4567.2282511616,150
921,uav_4,1221.389967610034,4543.887017437738,150
922,uav_4,1212.8263128607186,4520.39980070446,150
923,uav_4,1204.6552829699858,4496.773125037621,150
924,uav_4,1196.8791476158192,4473.0135532507575,150
925,uav_4,1189.5000667858185,4449.127685072154,150
926,uav_4,1182.5200901772093,4425.122155311603,150
927,uav_4,1175.9411566275041,4401.003632017466,150
928,uav_4,1169.76509357594,4376.778814624458,150
929,uav_4,1163.9936165558768,4352.454432092765,150
930,uav_4,1158.6283287182632,4328.037241038899,150
931,uav_4,1153.6707203863346,4303.534023858932,150
932,uav_4,1149.1221686416388,4278.951586844529,150
933,uav_4,1144.983936941524,4254.296758292345,150
934,uav_4,1141.257174768188,4229.576386607342,150
935,uav_4,1137.9429173093818,4204.797338400476,150
936,uav_4,1135.0420851708668,4179.96649658137,150
937,uav_4,1132.5554841206958,4155.090758446418,150
938,uav_4,1130.4838048653944,4130.177033762934,150
939,uav_4,1128.827622858101,4105.232242849796,150
940,uav_4,1127.5873981387244,4080.2633146552034,150
941,uav_4,1126.7634752061563,4055.277184831987,150
942,uav_4,1126.3560829225798,4030.28079381111,150
943,uav_4,1126.3653344498991,4005.281084873791,150
944,uav_4,1126.7912272183048,3980.2850022228813,150
945,uav_4,1127.6336429269886,3955.299489053943,150
946,uav_4,1128.8923475770036,3930.331485626647,150
947,uav_4,1130.566991536263,3905.3879273369603,150
948,uav_4,1132.6571096366567,3880.4757427906816,150
949,uav_4,1135.1621213032633,3855.601851878895,150
950,uav_4,1138.0813307156159,3830.7731638557984,150
951,uav_4,1141.413927000981,3805.996575419533,150
952,uav_4,1145.1589844595976,3781.2789687964582,150
953,uav_4,1149.315462821807,3756.6272098294844,150
954,uav_4,1153.882207537013,3732.04814607092,150
955,uav_4,1158.8579500943806,3707.5486048804387,150
956,uav_4,1164.241308375194,3683.1353915286118,150
957,uav_4,1170.0307870367672,3658.815287306621,150
958,uav_4,1176.22477792781,3634.59504764259,150
959,uav_4,1182.8215605351234,3610.4814002251387,150
960,uav_4,1189.8193024615127,3586.4810431346064,150
961,uav_4,1197.21605993477,3562.600642982534,150
962,uav_4,1205.009778347605,3538.84683305985,150
963,uav_4,1213.198292828347,3515.2262114943624,150
964,uav_4,1221.779328842293,3491.745339417954,150
965,uav_4,1230.7505028235043,3468.4107391441084,150
966,uav_4,1240.1093228368952,3445.2288923561905,150
967,uav_4,1249.8531892704127,3422.2062383070356,150
968,uav_4,1259.979395557146,3399.349172030284,150
969,uav_4,1270.485128927128,3376.6640425640426,150
970,uav_4,1281.3674711886424,3354.1571511872926,150
971,uav_4,1292.6233995388077,3331.8347496695965,150
972,uav_4,1304.2497874032376,3309.703038534505,150
973,uav_4,1316.243405304505,3287.7681653372492,150
974,uav_4,1328.6009217592034,3266.036222957116,150
975,uav_4,1341.3189042033262,3244.51324790504,150
976,uav_4,1354.3938199457511,3223.2052186468054,150
977,uav_4,1367.8220371495133,3202.118053942414,150
978,uav_4,1381.5998258406162,3181.257611202035,150
979,uav_4,1395.7233589441273,3160.6296848589604,150
980,uav_4,1410.1887133472212,3140.2400047600922,150
981,uav_4,1424.9918709889125,3120.0942345743483,150
982,uav_4,1440.128719976145,3100.197970219475,150
983,uav_4,1455.5950557259769,3080.5567383076327,150
984,uav_4,1471.386582133482,3061.175994610283,150
985,uav_4,1487.4989127650895,3042.061122542719,150
986,uav_4,1503.9275720769967,3023.217431668727,150
987,uav_4,1520.6679966583679,3004.650156225714,150
988,uav_4,1537.715536498904,2986.3644536708043,150
989,uav_4,1555.065456280491,2968.3654032482386,150
990,uav_4,1572.7129366925194,2950.6580045785195,150
991,uav_4,1590.6530757705734,2933.2471762696377,150
992,uav_4,1608.880890258046,2916.1377545508344,150
993,uav_4,1627.3913169903317,2899.334491929249,150
994,uav_4,1646.1792143012526,2882.8420558697826,150
995,uav_4,1665.2393634512505,2866.6650274986278,150
996,uav_4,1684.5664700770108,2850.8079003307566,150
997,uav_4,1704.1551656620686,2835.2750790217597,150
998,uav_4,1724.0000090280544,2820.0708781443445,150
999,uav_4,1744.0954878460793,2805.1995209898814,150
1000,uav_4,1764.4360201679115,2790.6651383952867,150
1,uav_5,3844.659615651117,6463.803427444299,150
2,uav_5,3844.0346879862664,6488.795326090762,150
3,uav_5,3842.993334754413,6513.773338741649,150
4,uav_5,3841.535845213647,6538.730527220721,150
5,uav_5,3839.662624212803,6563.659959136096,150
6,uav_5,3837.3741920790026,6588.554709805873,150
7,uav_5,3834.6711844731235,6613.407864181605,150
8,uav_5,3831.554352213233,6638.212518769103,150
9,uav_5,3828.024561066027,6662.96178354603,150
10,uav_5,3824.0827915063514,6687.648783875754,150
11,uav_5,3819.7301384448483,6712.266662416919,150
12,uav_5,3814.967810923826,6736.808581028224,150
13,uav_5,3809.7971317814186,6761.267722667856,150
14,uav_5,3804.2195372841397,6785.637293287079,150
15,uav_5,3798.2365767279307,6809.910523717416,150
16,uav_5,3791.8499120078095,6834.080671550934,150
17,uav_5,3785.061317156243,6858.141023013094,150
18,uav_5,3777.872677850373,6882.084894827641,150
19,uav_5,3770.2859908882274,6905.90563607303,150
20,uav_5,3762.3033636340706,6929.59663002986,150
21,uav_5,3753.9270134330322,6953.151296018808,150
22,uav_5,3745.159266995198,6976.563091228557,150
23,uav_5,3736.0025597493136,6999.825512533196,150
24,uav_5,3726.4594351662918,7022.932098298607,150
25,uav_5,3716.5325440527095,7045.876430177319,150
26,uav_5,3706.224643814491,7068.65213489134,150
27,uav_5,3695.5385976909793,7091.252886002477,150
28,uav_5,3684.4773739596076,7113.672405669631,150
29,uav_5,3673.044045111401,7135.904466392608,150
30,uav_5,3661.241786997523,7157.942892741936,150
31,uav_5,3649.0738779471167,7179.781563074225,150
32,uav_5,3636.5436978566795,7201.414411232583,150
33,uav_5,3623.6547272512225,7222.83542823162,150
34,uav_5,3610.410546317483,7244.0386639265735,150
35,uav_5,3596.8148339094496,7265.018228666086,150
36,uav_5,3582.8713665264813,7285.768294928184,150
37,uav_5,3568.5840172643066,7306.283098938996,150
38,uav_5,3553.956754739187,7326.556942273761,150
39,uav_5,3538.9936419855476,7346.58419343969,150
40,uav_5,3523.698835327386,7366.359289440237,150
41,uav_5,3508.076583223761,7385.87673732033,150
42,uav_5,3492.1312250886967,7405.131115692168,150
43,uav_5,3475.8671900858117,7424.117076241118,150
44,uav_5,3459.28899589803,7442.82934521133,150
45,uav_5,3442.401247472695,7461.262724870632,150
46,uav_5,3425.2086357424487,7479.412094954312,150
47,uav_5,3407.7159363222227,7497.272414087379,150
48,uav_5,3389.928008182712,7514.838721184916,150
49,uav_5,3371.8497923006903,7532.106136830123,150
50,uav_5,3353.486310286549,7549.069864629687,150
51,uav_5,3334.842662989437,7565.7251925460705,150
52,uav_5,3315.9240290803923,7582.067494206391,150
53,uav_5,3296.7356636138543,7598.09223018749,150
54,uav_5,3277.2828965679605,7613.794949276857,150
55,uav_5,3257.5711313640313,7629.171289709045,150
56,uav_5,3237.6058433656553,7644.216980377249,150
57,uav_5,3217.3925783577893,7658.9278420196915,150
58,uav_5,3196.9369510062966,7673.29978838051,150
59,uav_5,3176.244643298358,7687.328827344792,150
60,uav_5,3155.3214029641736,7701.011062047476,150
61,uav_5,3134.1730418804113,7714.342691955788,150
62,uav_5,3112.805434455834,7727.320013924919,150
63,uav_5,3091.224515999554,7739.939423226657,150
64,uav_5,3069.4362810723787,7752.19741455067,150
65,uav_5,3047.4467818216895,7764.090582978187,150
66,uav_5,3025.26212630033,7775.615624927785,150
67,uav_5,3002.888476769965,7786.769339073027,150
68,uav_5,2980.332047989381,7797.548627231703,150
69,uav_5,2957.5991054881997,7807.950495226412,150
70,uav_5,2934.6959638265007,7817.972053716264,150
71,uav_5,2911.6289848408114,7827.610518999448,150
72,uav_5,2888.4045758769744,7836.863213786471,150
73,uav_5,2865.029188010369,7845.727567943833,150
74,uav_5,2841.5093142539886,7854.201119207931,150
75,uav_5,2817.851487754867,7862.281513869011,150
76,uav_5,2794.0622799793555,7869.966507424956,150
77,uav_5,2770.148298887762,7877.253965204749,150
78,uav_5,2746.116187098845,7884.141862961421,150
79,uav_5,2721.9726200446867,7890.628287434327,150
80,uav_5,2697.724304116448,7896.711436880601,150
81,uav_5,2673.377974801526,7902.38962157562,150
82,uav_5,2648.940394812629,7907.66126428237,150
83,uav_5,2624.418352209287,7912.52490068955,150
84,uav_5,2599.8186585123253,7916.979179818321,150
85,uav_5,2575.1481468118163,7921.022864397566,150
86,uav_5,2550.4136698690468,7924.654831207569,150
87,uav_5,2525.622098213014,7927.874071392014,150
88,uav_5,2500.7803182319903,7930.679690738216,150
89,uav_5,2475.895230260683,7933.070909925508,150
90,uav_5,2450.9737466635183,7935.047064741713,150
91,uav_5,2426.0227899145834,7936.607606267645,150
92,uav_5,2401.0492906747636,7937.75210102958,150
93,uav_5,2376.0601858666023,7938.480231119667,150
94,uav_5,2351.062416747422,7938.791794284228,150
95,uav_5,2326.0629269812425,7938.686703979944,150
96,uav_5,2301.0686607100306,7938.164989397889,150
97,uav_5,2276.086560624816,7937.226795455427,150
98,uav_5,2251.1235660372095,7935.872382755953,150
99,uav_5,2226.186610951863,7934.102127516509,150
100,uav_5,2201.2826221404002,7931.9165214632785,150
101,uav_5,2176.4185172173597,7929.316171695001,150
102,uav_5,2151.601202718677,7926.301800514334,150
103,uav_5,2126.837572183249,7922.874245227226,150
104,uav_5,2102.134504238106,7919.034457910328,150
105,uav_5,2077.4988606877255,7914.783505146537,150
106,uav_5,2052.9374846080214,7910.122567728733,150
107,uav_5,2028.4571984455297,7905.052940331783,150
108,uav_5,2004.0648021223333,7899.576031152924,150
109,uav_5,1979.7670711472342,7893.693361520599,150
110,uav_5,1955.570754733714,7887.406565471882,150
111,uav_5,1931.4825739251944,7880.717389298581,150
112,uav_5,1907.509219728125,7873.627691062182,150
113,uav_5,1883.657351253412,7866.139440077715,150
114,uav_5,1859.9335938667089,7858.254716366753,150
115,uav_5,1836.3445373480797,7849.975710079626,150
116,uav_5,1812.8967340615472,7841.3047208870685,150
117,uav_5,1789.5966971350335,7832.244157341435,150
118,uav_5,1766.4508986511987,7822.796536207675,150
119,uav_5,1743.4657678496833,7812.964481764243,150
120,uav_5,1720.64768934125,7802.750725074154,150
121,uav_5,1698.0030013343203,7792.158103226369,150
122,uav_5,1675.5379938744018,7781.189558547737,150
123,uav_5,1653.2589070968947,7769.848137785695,150
124,uav_5,1631.1719294937607,7758.136991261974,150
125,uav_5,1609.2831961945385,7746.0593719975295,150
126,uav_5,1587.5987872621774,7733.618634808942,150
127,uav_5,1566.124726004173,7720.818235376548,150
128,uav_5,1544.8669772994635,7707.66172928455,150
129,uav_5,1523.8314459415574,7694.152771033378,150
130,uav_5,1503.0239749983516,7680.295113024572,150
131,uav_5,1482.450344189095,7666.092604518475,150
132,uav_5,1462.116268278945,7651.549190565016,150
133,uav_5,1442.0273954915751,7636.6689109078925,150
134,uav_5,1422.1893059402541,7621.455898862438,150
135,uav_5,1402.607510077855,7605.914380167513,150
136,uav_5,1383.2874471662067,7590.048671811714,150
137,uav_5,1364.2344837652229,7573.863180834232,150
138,uav_5,1345.453912242228,7557.362403100712,150
139,uav_5,1326.9509493018847,7540.5509220544245,150
140,uav_5,1308.7307345371491,7523.433407443118,150
141,uav_5,1290.798329001633,7506.014614021898,150
142,uav_5,1273.1587138037905,7488.299380232489,150
143,uav_5,1255.8167887233105,7470.292626859258,150
144,uav_5,1238.7773708500956,7451.999355662358,150
145,uav_5,1222.0451932462142,7433.424647988386,150
146,uav_5,1205.6249036311908,7414.573663358926,150
147,uav_5,1189.5210630910026,7395.451638037387,150
148,uav_5,1173.7381448111419,7376.063883574515,150
149,uav_5,1158.2805328340912,7356.415785332998,150
150,uav_5,1143.1525208415633,7336.512800991566,150
151,uav_5,1128.3583109618382,7316.360459029005,150
152,uav_5,1113.9020126025343,7295.964357188503,150
153,uav_5,1099.7876413091308,7275.3301609227565,150
154,uav_5,1086.0191176495646,7254.4636018202755,150
155,uav_5,1072.600266125211,7233.370476013304,150
156,uav_5,1059.5348141085428,7212.056642567828,150
157,uav_5,1046.826390807777,7190.528021856089,150
158,uav_5,1034.4785262587816,7168.790593912079,150
159,uav_5,1022.4946503445349,7146.8503967704555,150
160,uav_5,1010.8780918424018,7124.713524789349,150
161,uav_5,999.6320774994938,7102.386126957527,150
162,uav_5,988.759731136372,7079.874405186376,150
163,uav_5,978.26407277934,7057.184612587195,150
164,uav_5,968.1480178215654,7034.323051734256,150
165,uav_5,958.4143762132685,7011.296072914129,150
166,uav_5,949.0658516811973,6988.1100723617565,150
167,uav_5,940.1050409776112,6964.771490483761,150
168,uav_5,931.5344331589768,6941.286810069489,150
169,uav_5,923.3564088945786,6917.662554490269,150
170,uav_5,915.5732398052398,6893.905285887416,150
171,uav_5,908.1870878323282,6870.021603349448,150
172,uav_5,901.2000046372323,6846.018141079056,150
173,uav_5,894.6139310314682,6821.901566550304,150
174,uav_5,888.430696437578,6797.678578656605,150
175,uav_5,882.6520183809689,6773.355905849953,150
176,uav_5,877.2795020128328,6748.940304271957,150
177,uav_5,872.3146396642826,6724.438555877172,150
178,uav_5,867.7588104318245,6699.857466549275,150
179,uav_5,863.6132797942846,6675.203864210579,150
180,uav_5,859.8791992612958,6650.484596925432,150
181,uav_5,856.5576060534397,6625.706530998026,150
182,uav_5,853.6494228141391,6600.8765490651285,150
183,uav_5,851.155457353372,6576.0015481842875,150
184,uav_5,849.0764024232856,6551.0884379180225,150
185,uav_5,847.4128355257699,6526.144138414552,150
186,uav_5,846.1652187520447,6501.175578485567,150
187,uav_5,845.333898654302,6476.189693681614,150
188,uav_5,844.9191061494466,6451.193424365588,150
189,uav_5,844.9209564549508,6426.193713784908,150
190,uav_5,845.3394490568535,6401.1975061428775,150
191,uav_5,846.1744677099002,6376.211744669782,150
192,uav_5,847.4257804698341,6351.243369694262,150
193,uav_5,849.0930397578238,6326.2993167154855,150
194,uav_5,851.1757824570095,6301.38651447667,150
195,uav_5,853.6734300411445,6276.511883040469,150
196,uav_5,856.585288735293,6251.682331866783,150
197,uav_5,859.9105497085411,6226.904757893508,150
198,uav_5,863.6482892986664,6202.186043620759,150
199,uav_5,867.7974692687055,6177.533055199117,150
200,uav_5,872.3569370953453,6152.952640522403,150
201,uav_5,877.3254262890625,6128.451627325532,150
202,uav_5,882.7015567459177,6104.03682128796,150
203,uav_5,888.4838351309079,6079.715004143268,150
204,uav_5,894.6706552927722,6055.492931795385,150
205,uav_5,901.2602987101363,6031.377332441992,150
206,uav_5,908.2509349688662,6007.374904705625,150
207,uav_5,915.6406222705068,5983.492315772987,150
208,uav_5,923.4273079716561,5959.736199542996,150
209,uav_5,931.6088291541323,5936.113154784073,150
210,uav_5,940.1829132257692,5912.629743301201,150
211,uav_5,949.1471785516787,5889.292488113239,150
212,uav_5,958.4991351157985,5866.107871641015,150
213,uav_5,968.2361852125498,5843.082333906692,150
214,uav_5,978.3556241684037,5820.222270744921,150
215,uav_5,988.8546410931622,5797.534032026259,150
216,uav_5,999.7303196607434,5775.023919893352,150
217,uav_5,1010.9796389192538,5752.698187010388,150
218,uav_5,1022.5994741301208,5730.56303482628,150
219,uav_5,1034.586597636057,5708.624611852082,150
220,uav_5,1046.9376797576099,5686.889011953114,150
221,uav_5,1059.6492897180517,5665.362272656254,150
222,uav_5,1072.7178965963517,5644.050373472892,150
223,uav_5,1086.1398703079626,5622.959234237986,150
224,uav_5,1099.9114826131567,5602.094713465708,150
225,uav_5,1114.0289081526228,5581.462606722116,150
226,uav_5,1128.4882255100413,5561.068645015306,150
227,uav_5,1143.2854183013415,5540.91849320351,150
228,uav_5,1158.4163762903386,5521.017748421553,150
229,uav_5,1173.8768965304387,5501.371938526137,150
230,uav_5,1189.662684532096,5481.986520560354,150
231,uav_5,1205.769355455702,5462.86687923788,150
232,uav_5,1222.1924353295656,5444.018325447256,150
233,uav_5,1238.9273622926553,5425.446094776671,150
234,uav_5,1255.9694878617536,5407.155346059671,150
235,uav_5,1273.3140782226712,5389.151159942177,150
236,uav_5,1290.9563155451672,5371.4385374712365,150
237,uav_5,1308.8912993212025,5354.022398705863,150
238,uav_5,1327.1140477261602,5336.907581350397,150
239,uav_5,1345.6194990026556,5320.098839410721,150
240,uav_5,1364.4025128665457,5303.600841873739,150
241,uav_5,1383.4578719347548,5287.418171410463,150
242,uav_5,1402.7802831745112,5271.555323103078,150
243,uav_5,1422.364379373602,5256.016703196339,150
244,uav_5,1442.204720631231,5240.80662787364,150
245,uav_5,1462.2957958690663,5225.929322058102,150
246,uav_5,1482.63202436206,5211.388918239016,150
247,uav_5,1503.2077572886149,5197.189455323946,150
248,uav_5,1524.017279299665,5183.334877516844,150
249,uav_5,1545.0548101062323,5169.8290332224615,150
250,uav_5,1566.3145060850313,5156.675673977372,150
251,uav_5,1587.7904619016563,5143.878453407899,150
252,uav_5,1609.4767121509146,5131.440926215249,150
253,uav_5,1631.3672330138465,5119.366547188114,150
254,uav_5,1653.4559439309674,5107.65867024303,150
255,uav_5,1675.7367092912746,5096.320547492756,150
256,uav_5,1698.2033401365447,5085.355328342929,150
257,uav_5,1720.849595880447,5074.766058617252,150
258,uav_5,1743.6691860420005,5064.55567971145,150
259,uav_5,1766.655771992891,5054.727027776229,150
260,uav_5,1789.8029687181565,5045.282832929489,150
261,uav_5,1813.104346589766,5036.225718497958,150
262,uav_5,1836.5534331525816,5027.55820028852,150
263,uav_5,1860.143714922226,5019.28268588939,150
264,uav_5,1883.8686391943347,5011.401474001357,150
265,uav_5,1907.7216158647173,5003.916753799269,150
266,uav_5,1931.6960192598951,4996.8306043239445,150
267,uav_5,1955.7851899775246,4990.144993904673,150
268,uav_5,1979.982436736188,4983.861779612473,150
269,uav_5,2004.2810382340406,4977.982706744246,150
270,uav_5,2028.6742450157942,4972.509408337986,150
271,uav_5,2053.1552813475246,4967.443404719169,150
272,uav_5,2077.7173470987736,4962.786103078448,150
273,uav_5,2102.353619631434,4958.538797080777,150
274,uav_5,2127.057255694879,4954.702666506067,150
275,uav_5,2151.821393326824,4951.278776921477,150
276,uav_5,2176.6391537593813,4948.268079385435,150
277,uav_5,2201.5036433297873,4945.6714101834505,150
278,uav_5,2226.407955395263,4943.489490595828,150
279,uav_5,2251.3451722514765,4941.722926697312,150
280,uav_5,2276.308367054093,4940.372209188739,150
281,uav_5,2301.2906057428477,4939.437713260731,150
282,uav_5,2326.2849489676278,4938.919698489481,150
283,uav_5,2351.2844540160295,4938.818308764649,150
284,uav_5,2376.282176741841,4939.133572249399,150
285,uav_5,2401.2711734939285,4939.8654013725645,150
286,uav_5,2426.244503044985,4941.013592852985,150
287,uav_5,2451.1952285196007,4942.577827755967,150
288,uav_5,2476.1164193211334,4944.557671581871,150
289,uav_5,2501.001153056825,4946.952574386809,150
290,uav_5,2525.842517460646,4949.761870935402,150
291,uav_5,2550.6336123133246,4952.984780885561,150
292,uav_5,2575.367551359031,4956.620409005247,150
293,uav_5,2600.0374642181814,4960.667745421134,150
294,uav_5,2624.6364982958276,4965.125665899132,150
295,uav_5,2649.157820685121,4969.992932156663,150
296,uav_5,2673.594620065292,4975.268192206617,150
297,uav_5,2697.9401085936406,4980.9499807329,150
298,uav_5,2722.187523791006,4987.036719497456,150
299,uav_5,2746.3301304201877,4993.526717778654,150
300,uav_5,2770.3612223568034,5000.418172840924,150
301,uav_5,2794.2741244520566,5007.709170435505,150
302,uav_5,2818.062194386903,5015.397685332169,150
303,uav_5,2841.718824517094,5023.4815818817715,150
304,uav_5,2865.2374437085964,5031.958614609471,150
305,uav_5,2888.611519162857,5040.826428838462,150
306,uav_5,2911.834558231434,5050.082561344033,150
307,uav_5,2934.900110219466,5059.724441037783,150
308,uav_5,2957.80176817749,5069.749389681797,150
309,uav_5,2980.533170681106,5080.1546226325745,150
310,uav_5,3003.088003598005,5090.937249614537,150
311,uav_5,3025.4600018418478,5102.094275522853,150
312,uav_5,3047.6429511125293,5113.622601255402,150
313,uav_5,3069.630689622333,5125.519024573604,150
314,uav_5,3091.4171098074976,5137.78024099192,150
315,uav_5,3112.9961600247248,5150.402844695744,150
316,uav_5,3134.3618462321515,5163.3833294874275,150
317,uav_5,3155.5082336543232,5176.7180897602175,150
318,uav_5,3176.4294484307047,5190.403421499779,150
319,uav_5,3197.1196792472706,5204.435523313072,150
320,uav_5,3217.57317895072,5218.810497484262,150
321,uav_5,3237.784266144873,5233.524351057397,150
322,uav_5,3257.7473267687997,5248.572996945542,150
323,uav_5,3277.4568156562455,5263.952255066046,150
324,uav_5,3296.9072580759157,5279.657853501651,150
325,uav_5,3316.093251252205,5295.6854296871115,150
326,uav_5,3335.00946586593,5312.030531620989,150
327,uav_5,3353.6506475346628,5328.6886191022895,150
328,uav_5,3372.011618272246,5345.655064991603,150
329,uav_5,3390.0872779270912,5362.925156496385,150
330,uav_5,3407.8726055988536,5380.4940964800435,150
331,uav_5,3425.3626610330957,5398.3570047944395,150
332,uav_5,3442.5525859935456,5416.508919635455,150
333,uav_5,3459.437605611579,5434.9447989212385,150
334,uav_5,3476.013029712538,5453.659521692754,150
335,uav_5,3492.2742541185316,5472.647889536234,150
336,uav_5,3508.216761927338,5491.904628027149,150
337,uav_5,3523.8361247670773,5511.424388195295,150
338,uav_5,3539.1280040262814,5531.201748010582,150
339,uav_5,3554.0881520590374,5551.2312138891175,150
340,uav_5,3568.712413364863,5571.507222219168,150
341,uav_5,3582.9967257429857,5592.024140906573,150
342,uav_5,3596.9371214207035,5612.776270939175,150
343,uav_5,3610.52972815552,5633.757847969846,150
344,uav_5,3623.7707703107426,5654.963043917655,150
345,uav_5,3636.656569904245,5676.385968586744,150
346,uav_5,3649.1835476301076,5698.020671302453,150
347,uav_5,3661.348223852843,5719.861142564249,150
348,uav_5,3673.1472195739425,5741.901315714996,150
349,uav_5,3684.5772573704603,5764.1350686260885,150
350,uav_5,3695.6351623053934,5786.556225398016,150
351,uav_5,3706.317862809584,5809.158558075842,150
352,uav_5,3716.622391534914,5831.935788379155,150
353,uav_5,3726.5458861785537,5854.881589445998,150
354,uav_5,3736.0855902780177,5877.989587590278,150
355,uav_5,3745.2388539768426,5901.253364072206,150
356,uav_5,3754.0031347606337,5924.666456881236,150
357,uav_5,3762.3759981633048,5948.222362531021,150
358,uav_5,3770.3551184433045,5971.9145378659,150
359,uav_5,3777.938279229638,5995.736401878398,150
360,uav_5,3785.1233741375127,6019.681337537243,150
361,uav_5,3791.9084073534327,6043.742693625381,150
362,uav_5,3798.291494189576,6067.9137865875055,150
363,uav_5,3804.2708616073096,6092.187902386543,150
364,uav_5,3809.844848709687,6116.558298368634,150
365,uav_5,3815.0119072027983,6141.018205136038,150
366,uav_5,3819.7706018258405,6165.560828427488,150
367,uav_5,3824.1196107497954,6190.179351005431,150
368,uav_5,3828.0577259445936,6214.866934549674,150
369,uav_5,3831.5838535146677,6239.616721556857,150
370,uav_5,3834.6970140028106,6264.421837245287,150
371,uav_5,3837.3963426622377,6289.275391464548,150
372,uav_5,3839.68108969679,6314.170480609387,150
373,uav_5,3841.5506204692037,6339.100189537337,150
374,uav_5,3843.0044156773956,6364.057593489552,150
375,uav_5,3844.042071498713,6389.035760014296,150
376,uav_5,3844.6632997020984,6414.027750892589,150
377,uav_5,3844.867927728157,6439.026624065441,150
378,uav_5,3844.6558987370863,6464.025435562156,150
379,uav_5,3844.0272716244654,6489.017241429173,150
380,uav_5,3842.9822210048933,6513.9950996588905,150
381,uav_5,3841.52103716349,6538.952072117964,150
382,uav_5,3839.6441259752605,6563.881226474518,150
383,uav_5,3837.3520087923553,6588.775638123747,150
384,uav_5,3834.6453222992527,6613.628392111372,150
385,uav_5,3831.524818335909,6638.432585054423,150
386,uav_5,3827.991363688916,6663.181327058796,150
387,uav_5,3824.045939850733,6687.867743633067,150
388,uav_5,3819.6896427470565,6712.484977598033,150
389,uav_5,3814.9236824324053,6737.026190991436,150
390,uav_5,3809.7493827539993,6761.484566967355,150
391,uav_5,3804.168180984034,6785.85331168973,150
392,uav_5,3798.181627420447,6810.125656219496,150
393,uav_5,3791.791384956291,6834.294858394799,150
394,uav_5,3784.9992286178276,6858.354204703775,150
395,uav_5,3777.8070450714777,6882.297012149373,150
396,uav_5,3770.216832099758,6906.116630105698,150
397,uav_5,3762.2306980463563,6929.806442165367,150
398,uav_5,3753.850861230492,6953.359867977358,150
399,uav_5,3745.0796493307316,6976.770365074832,150
400,uav_5,3735.9194987384267,7000.031430692461,150
401,uav_5,3726.372953880953,7023.136603572698,150
402,uav_5,3716.442666514943,7046.079465760529,150
403,uav_5,3706.131394989701,7068.853644386203,150
404,uav_5,3695.442003481018,7091.452813435428,150
405,uav_5,3684.3774611955787,7113.870695506558,150
406,uav_5,3672.9408415462076,7136.101063554275,150
407,uav_5,3661.1353212981585,7158.137742619286,150
408,uav_5,3648.9641796867018,7179.974611543544,150
409,uav_5,3636.4307975062475,7201.605604670537,150
410,uav_5,3623.5386561712567,7223.024713530151,150
411,uav_5,3610.2913367492033,7244.225988507648,150
412,uav_5,3596.692518965858,7265.2035404963035,150
413,uav_5,3582.7459801831646,7285.951542533228,150
414,uav_5,3568.455594349999,7306.464231417932,150
415,uav_5,3553.825330926094,7326.735909313175,150
416,uav_5,3538.8592537794393,7346.760945327668,150
417,uav_5,3523.5615200574557,7366.533777080167,150
418,uav_5,3507.936379032256,7386.048912244547,150
419,uav_5,3491.9881709203237,7405.300930075409,150
420,uav_5,3475.721325676921,7424.284482913815,150
421,uav_5,3459.140361765574,7442.994297672705,150
422,uav_5,3442.249884902978,7461.425177301618,150
423,uav_5,3425.054586779655,7479.572002230277,150
424,uav_5,3407.5592437567407,7497.429731790664,150
425,uav_5,3389.768715539247,7514.9934056171705,150
426,uav_5,3371.687943826174,7532.258145024445,150
427,uav_5,3353.32195093785,7549.219154362554,150
428,uav_5,3334.675838420873,7565.871722349073,150
429,uav_5,3315.7547856310493,7582.211223377748,150
430,uav_5,3296.564048294713,7598.233118803356,150
431,uav_5,3277.1089570488393,7613.93295820241,150
432,uav_5,3257.3949159603458,7629.306380609361,150
433,uav_5,3237.4274010249947,7644.349115727946,150
434,uav_5,3217.211958646323,7659.056985117357,150
435,uav_5,3196.754204095006,7673.42590335289,150
436,uav_5,3176.0598199490983,7687.451879160761,150
437,uav_5,3155.1345545155764,7701.131016526764,150
438,uav_5,3133.9842202336217,7714.459515778478,150
439,uav_5,3112.614692060095,7727.433674640702,150
440,uav_5,3091.0319058376385,7740.049889263841,150
441,uav_5,3069.2418566458705,7752.304655224954,150
442,uav_5,3047.2505971361234,7764.194568501187,150
443,uav_5,3025.06423585019,7775.716326415301,150
444,uav_5,3002.6889355235494,7786.866728553072,150
445,uav_5,2980.1309113735297,7797.642677652269,150
446,uav_5,2957.3964293729023,7808.0411804629875,150
447,uav_5,2934.491804509375,7818.059348579088,150
448,uav_5,2911.423399031466,7827.694399240508,150
449,uav_5,2888.1976206812565,7836.94365610624,150
450,uav_5,2864.8209209145025,7845.80454999774,150
451,uav_5,2841.2997931086056,7854.274619612566,150
452,uav_5,2817.6407707589374,7862.351512208069,150
453,uav_5,2793.8504256640244,7870.032984254904,150
454,uav_5,2769.935366100088,7877.316902060227,150
455,uav_5,2745.902234985455,7884.201242360375,150
456,uav_5,2721.7577080353476,7890.684092882861,150
457,uav_5,2697.5084919075584,7896.763652877559,150
458,uav_5,2673.1613223395334,7902.4382336168965,150
459,uav_5,2648.7229622773802,7907.706258864931,150
460,uav_5,2624.200199997311,7912.566265315191,150
461,uav_5,2599.5998472200554,7917.016902997134,150
462,uav_5,2574.9287372187605,7921.056935651131,150
463,uav_5,2550.193722920903,7924.68524107187,150
464,uav_5,2525.4016750047426,7927.900811420061,150
465,uav_5,2500.559479990843,7930.702753502395,150
466,uav_5,2475.6740383291963,7933.090289019645,150
467,uav_5,2450.7522624824724,7935.062754782851,150
468,uav_5,2425.8010750059384,7936.619602897539,150
469,uav_5,2400.8274066245685,7937.760400915911,150
470,uav_5,2375.8381943078884,7938.484831956963,150
471,uav_5,2350.8403793430834,7938.79269479451,150
472,uav_5,2325.840905406909,7938.683903913075,150
473,uav_5,2300.8467166369323,7938.158489531647,150
474,uav_5,2275.8647557026584,7937.216597595289,150
475,uav_5,2250.9019618770453,7935.858489734594,150
476,uav_5,2225.965269108978,7934.08454319301,150
477,uav_5,2201.0616040972172,7931.895250722061,150
478,uav_5,2176.1978843663574,7929.291220444467,150
479,uav_5,2151.3810163453404,7926.273175685228,150
480,uav_5,2126.6178934490435,7922.841954770704,150
481,uav_5,2101.9153941634886,7918.998510795753,150
482,uav_5,2077.2803801351997,7914.743911358989,150
483,uav_5,2052.7196942652217,7910.0793382662305,150
484,uav_5,2028.2401588083762,7905.006087202234,150
485,uav_5,2003.8485734782157,7899.525567370783,150
486,uav_5,1979.5517135582772,7893.639301103261,150
487,uav_5,1955.3563280200824,7887.348923435779,150
488,uav_5,1931.2691376484886,7880.656181655023,150
489,uav_5,1907.296833174824,7873.562934812895,150
490,uav_5,1883.4460734184177,7866.071153210133,150
491,uav_5,1859.7234834369478,7858.182917849009,150
492,uav_5,1836.135652686212,7849.900419855291,150
493,uav_5,1812.689133189744,7841.22595986961,150
494,uav_5,1789.3904377188715,7832.161947408408,150
495,uav_5,1766.2460379836311,7822.710900194642,150
496,uav_5,1743.2623628351344,7812.875443458434,150
497,uav_5,1720.445796479807,7802.658309207862,150
498,uav_5,1697.8026767060326,7792.062335470071,150
499,uav_5,1675.339293123714,7781.0904655029735,150
500,uav_5,1653.0618854171798,7769.745746977673,150
501,uav_5,1630.9766416119992,7758.031331131929,150
502,uav_5,1609.0896963561058,7745.950471894816,150
503,uav_5,1587.4071292157864,7733.5065249828895,150
504,uav_5,1565.9349629869355,7720.702946968052,150
505,uav_5,1544.6791620221106,7707.543294317429,150
506,uav_5,1523.6456305737897,7694.031222405471,150
507,uav_5,1502.8402111543564,7680.170484498607,150
508,uav_5,1482.2686829132008,7665.964930712685,150
509,uav_5,1461.936760031452,7651.418506943526,150
510,uav_5,1441.8500901347284,7636.535253770867,150
511,uav_5,1422.014252724402,7621.319305336,150
512,uav_5,1402.4347576277669,7605.774888193433,150
513,uav_5,1383.117043467561,7589.906320136863,150
514,uav_5,1364.0664761512874,7573.718008999828,150
515,uav_5,1345.2883473807015,7557.21445143133,150
516,uav_5,1326.787873181945,7540.400231646801,150
517,uav_5,1308.5701924566672,7523.28002015473,150
518,uav_5,1290.6403655546007,7505.8585724593395,150
519,uav_5,1273.003372867926,7488.140727739634,150
520,uav_5,1255.6641134478762,7470.131407505224,150
521,uav_5,1238.6274036439067,7451.835614229261,150
522,uav_5,1221.8979757658658,7433.258429958906,150
523,uav_5,1205.480476769479,7414.405014903668,150
524,uav_5,1189.3794669655736,7395.280606002062,150
525,uav_5,1173.5994187533402,7375.89051546692,150
526,uav_5,1158.1447153780407,7356.2401293098255,150
527,uav_5,1143.0196497134632,7336.334905845028,150
528,uav_5,1128.2284230694797,7316.180374173274,150
529,uav_5,1113.7751440250538,7295.782132645994,150
530,uav_5,1099.6638272869825,7275.145847310226,150
531,uav_5,1085.8983925747382,7254.277250334764,150
532,uav_5,1072.4826635316713,7233.182138417914,150
533,uav_5,1059.4203666629226,7211.866371177348,150
534,uav_5,1046.7151303002954,7190.335869522458,150
535,uav_5,1034.3704835944216,7168.5966140097125,150
536,uav_5,1022.3898555344515,7146.6546431814095,150
537,uav_5,1010.7765739955919,7124.516051888365,150
538,uav_5,999.5338648147053,7102.186989596916,150
539,uav_5,988.6648508942762,7079.673658680794,150
540,uav_5,978.1725513349484,7056.9823126982665,150
541,uav_5,968.059880596913,7034.119254655093,150
542,uav_5,958.3296476903515,7011.0908352537235,150
543,uav_5,948.9845553951711,6987.903451129248,150
544,uav_5,940.0271995102555,6964.563543072611,150
545,uav_5,931.46006813242,6941.077594241526,150
546,uav_5,923.2855409652959,6917.45212835966,150
547,uav_5,915.5058886583101,6893.6937079045065,150
548,uav_5,908.1232721759711,6869.8089322845435,150
549,uav_5,901.1397421976078,6845.80443600608,150
550,uav_5,894.5572385477562,6821.686886830408,150
551,uav_5,888.3775896573256,6797.46298392166,150
552,uav_5,882.6025120557185,6773.139455986003,150
553,uav_5,877.2336098940227,6748.723059402568,150
554,uav_5,872.2723744994289,6724.220576346748,150
555,uav_5,867.7201839609784,6699.638812906282,150
556,uav_5,863.578302746773,6674.9845971907325,150
557,uav_5,859.8478813527406,6650.264777434832,150
558,uav_5,856.5299559830587,6625.486220096224,150
559,uav_5,853.6254482623297,6600.655807948184,150
560,uav_5,851.1351649795772,6575.780438167755,150
561,uav_5,849.0597978641458,6550.867020419933,150
562,uav_5,847.399923393556,6525.922474938339,150
563,uav_5,846.1560026333768,6500.953730602997,150
564,uav_5,845.3283811091542,6475.9677230156685,150
565,uav_5,844.9172887104341,6450.971392573361,150
566,uav_5,844.9228396269068,6425.971682540468,150
567,uav_5,845.3450323166865,6400.975537120144,150
568,uav_5,846.1837495067407,6375.989899525386,150
569,uav_5,847.4387582254647,6351.021710050432,150
570,uav_5,849.1097098673961,6326.077904142918,150
571,uav_5,851.1961402900447,6301.165410477432,150
572,uav_5,853.6974699428195,6276.29114903092,150
573,uav_5,856.6130040280125,6251.462029160503,150
574,uav_5,859.9419326937902,6226.684947684279,150
575,uav_5,863.6833312591514,6201.966786965557,150
576,uav_5,867.8361604707734,6177.314413001162,150
577,uav_5,872.3992667916893,6152.73467351423,150
578,uav_5,877.3713827217055,6128.234396052132,150
579,uav_5,882.75112714948,6103.820386089956,150
580,uav_5,888.5370057361506,6079.499425140158,150
581,uav_5,894.7274113304256,6055.278268868836,150
582,uav_5,901.3206244149985,6031.163645219218,150
583,uav_5,908.3148135841857,6007.162252542811,150
584,uav_5,915.7080360526336,5983.280757738815,150
585,uav_5,923.498238194974,5959.5257944022205,150
586,uav_5,931.6832561162576,5935.903960981216,150
587,uav_5,940.2608162530234,5912.42181894431,150
588,uav_5,949.2285360048338,5889.085890957739,150
589,uav_5,958.5839243960845,5865.902659073678,150
590,uav_5,968.3243827679348,5842.878562929688,150
591,uav_5,978.4472055001324,5820.019997959992,150
592,uav_5,988.949580762566,5797.333313618987,150
593,uav_5,999.8285912963015,5774.824811617561,150
594,uav_5,1011.0812152239225,5752.500744172649,150
595,uav_5,1022.704326888912,5730.367312270559,150
596,uav_5,1034.6946977238797,5708.430663944495,150
597,uav_5,1047.0489971473557,5686.696892566835,150
598,uav_5,1059.7637934889408,5665.172035156542,150
599,uav_5,1072.8355549425153,5643.862070702275,150
600,uav_5,1086.2606505472852,5622.772918501577,150
601,uav_5,1100.0353511963485,5601.91043651668,150
602,uav_5,1114.1558306725387,5581.280419747328,150
603,uav_5,1128.6181667112437,5560.888598621077,150
604,uav_5,1143.4183420898864,5540.740637401571,150
605,uav_5,1158.5522457438076,5520.842132615148,150
606,uav_5,1174.0156739081883,5501.198611496308,150
607,uav_5,1189.8043312857492,5481.815530452382,150
608,uav_5,1205.9138322398471,5462.69827354792,150
609,uav_5,1222.3397020126938,5443.852151009134,150
610,uav_5,1239.0773779682997,5425.282397748888,150
611,uav_5,1256.122210859859,5406.994171912568,150
612,uav_5,1273.4694661211636,5388.992553445318,150
613,uav_5,1291.1143251817418,5371.282542680958,150
614,uav_5,1309.0518868053075,5353.869058953051,150
615,uav_5,1327.2771684511958,5336.756939228439,150
616,uav_5,1345.7851076583584,5319.950936763682,150
617,uav_5,1364.5705634515748,5303.455719784739,150
618,uav_5,1383.628317769474,5287.275870190258,150
619,uav_5,1402.9530769139492,5271.415882278872,150
620,uav_5,1422.5394730206112,5255.880161500795,150
621,uav_5,1442.3820655498107,5240.673023234131,150
622,uav_5,1462.4753427978817,5225.798691586168,150
623,uav_5,1482.8137234281169,5211.26129822006,150
624,uav_5,1503.3915580211205,5197.06488120715,150
625,uav_5,1524.2031306440392,5183.213383905332,150
626,uav_5,1545.2426604383,5169.710653863676,150
627,uav_5,1566.50430322535,5156.560441753707,150
628,uav_5,1587.9821531300208,5143.766400327564,150
629,uav_5,1609.6702442209921,5131.332083403381,150
630,uav_5,1631.562552167975,5119.260944878126,150
631,uav_5,1653.6529959150823,5107.556337768218,150
632,uav_5,1675.9354393699787,5096.22151327815,150
633,uav_5,1698.4036931083183,5085.259619897396,150
634,uav_5,1721.0515160929724,5074.673702525856,150
635,uav_5,1743.8726174076312,5064.4667016280655,150
636,uav_5,1766.8606580042192,5054.641452416421,150
637,uav_5,1790.009252463722,5045.200684063639,150
638,uav_5,1813.3119707698515,5036.147018944667,150
639,uav_5,1836.7623400951418,5027.48297190827,150
640,uav_5,1860.353846598894,5019.21094957847,150
641,uav_5,1884.079937236555,5011.333249686057,150
642,uav_5,1907.9340215799457,5003.852060430349,150
643,uav_5,1931.9094736479121,4996.76945987137,150
644,uav_5,1955.9996337468147,4990.08741535262,150
645,uav_5,1980.1978103204187,4983.807782954614,150
646,uav_5,2004.4972818086012,4977.9323069793045,150
647,uav_5,2028.8912985144134,4972.462619465574,150
648,uav_5,2053.3730844789616,4967.4002397358945,150
649,uav_5,2077.935839363557,4962.746573974306,150
650,uav_5,2102.572740338675,4958.50291483582,150
651,uav_5,2127.276943979121,4954.670441087355,150
652,uav_5,2152.0415881649587,4951.250217280309,150
653,uav_5,2176.8597939875895,4948.243193454859,150
654,uav_5,2201.7246676605378,4945.650204876065,150
655,uav_5,2226.6293024343254,4943.471971801861,150
656,uav_5,2251.5667805149897,4941.709099282983,150
657,uav_5,2276.530174985628,4940.362076994907,150
658,uav_5,2301.512551730519,4939.431279101827,150
659,uav_5,2326.5069713611974,4938.916964152731,150
660,uav_5,2351.50649114404,4938.819275009576,150
661,uav_5,2376.50416692874,4939.138238807605,150
662,uav_5,2401.4930550772,4939.873766947815,150
663,uav_5,2426.466214392285,4941.025655121563,150
664,uav_5,2451.4167080458674,4942.593583367318,150
665,uav_5,2476.3376055057024,4944.577116159539,150
666,uav_5,2501.2219844605092,4946.975702529648,150
667,uav_5,2526.0629327428114,4949.788676219076,150
668,uav_5,2550.853550248919,4953.01525586433,150
669,uav_5,2575.5869508555998,4956.654545214034,150
670,uav_5,2600.2562643328265,4960.70553337788,150
671,uav_5,2624.8546382521504,4965.167095107426,150
672,uav_5,2649.3752398900892,4970.037991108656,150
673,uav_5,2673.811258126083,4975.316868386223,150
674,uav_5,2698.1559053344054,4981.002260619272,150
675,uav_5,2722.4024192695956,4987.092588568739,150
676,uav_5,2746.5440649447955,4993.586160516022,150
677,uav_5,2770.574136502545,5000.481172732886,150
678,uav_5,2794.4859590774863,5007.775709982498,150
679,uav_5,2818.272890650428,5015.467746051412,150
680,uav_5,2841.928323893333,5023.555144312404,150
681,uav_5,2865.445688004621,5032.035658317957,150
682,uav_5,2888.8184505343725,5040.906932424268,150
683,uav_5,2912.0401191988312,5050.166502445569,150
684,uav_5,2935.1042436838,5059.811796338618,150
685,uav_5,2958.00441743633,5069.840134917127,150
686,uav_5,2980.7342794442984,5080.248732595977,150
687,uav_5,3003.2875160032945,5091.034698164958,150
688,uav_5,3025.6578624704075,5102.195035591881,150
689,uav_5,3047.8391050043433,5113.7266448547725,150
690,uav_5,3069.8250822914724,5125.626322802988,150
691,uav_5,3091.609687257249,5137.890764046946,150
692,uav_5,3113.1868687625883,5150.51656187627,150
693,uav_5,3134.550633284706,5163.500209206082,150
694,uav_5,3155.6950465819323,5176.838099551162,150
695,uav_5,3176.614235342092,5190.526528027734,150
696,uav_5,3197.302388813924,5204.561692382568,150
697,uav_5,3217.7537604211598,5218.939694049149,150
698,uav_5,3237.9626693587384,5233.656539230571,150
699,uav_5,3257.923502170792,5248.7081400089155,150
700,uav_5,3277.630714309882,5264.0903154807465,150
701,uav_5,3297.078831677137,5279.798792918453,150
702,uav_5,3316.262452142778,5295.829208957081,150
703,uav_5,3335.1762470466974,5312.177110806368,150
704,uav_5,3353.8149626785885,5328.837957487578,150
705,uav_5,3372.173421737294,5345.8071210948765,150
706,uav_5,3390.2465247688942,5363.079888080816,150
707,uav_5,3408.0292515832007,5380.651460565629,150
708,uav_5,3425.516662648222,5398.516957669948,150
709,uav_5,3442.703900462213,5416.671416870558,150
710,uav_5,3459.5861909029654,5435.109795378862,150
711,uav_5,3476.1588445539055,5453.826971541608,150
712,uav_5,3492.417258006696,5472.81774626355,150
713,uav_5,3508.356915139916,5492.076844451593,150
714,uav_5,3523.9733883735225,5511.598916480081,150
715,uav_5,3539.2623398986957,5531.378539676751,150
716,uav_5,3554.219522882766,5551.410219829011,150
717,uav_5,3568.840782648854,5571.688392710063,150
718,uav_5,3583.1220578299317,5592.207425624501,150
719,uav_5,3597.0593814969397,5612.961618972891,150
720,uav_5,3610.648882260702,5633.945207834979,150
721,uav_5,3623.886785347274,5655.152363571003,150
722,uav_5,3636.7694136464715,5676.577195440728,150
723,uav_5,3649.293188733272,5698.213752239735,150
724,uav_5,3661.454631861787,5720.056023952476,150
725,uav_5,3673.2503649315713,5742.0979434217015,150
726,uav_5,3684.6771114259473,5764.3333880337295,150
727,uav_5,3695.731697322145,5786.756181419145,150
728,uav_5,3706.4110519729365,5809.360095168403,150
729,uav_5,3716.7122089595905,5832.138850561922,150
730,uav_5,3726.6323069158434,5855.0861203141085,150
731,uav_5,3736.168590322719,5878.195530330921,150
732,uav_5,3745.3184102739197,5901.460661480389,150
733,uav_5,3754.079225211628,5924.875051375679,150
734,uav_5,3762.448601632468,5948.432196170147,150
735,uav_5,3770.424214763474,5972.12555236394,150
736,uav_5,3778.0038492078356,5995.948538621571,150
737,uav_5,3785.185399560277,6019.8945376000365,150
738,uav_5,3791.9668709918787,6043.95689778693,150
739,uav_5,3798.3463798041794,6068.128935348027,150
740,uav_5,3804.32215395242,6092.403935983879,150
741,uav_5,3809.89253353776,6116.775156794838,150
742,uav_5,3815.0559712683544,6141.235828154057,150
743,uav_5,3819.811032889146,6165.779155587878,150
744,uav_5,3824.156397580259,6190.398321663168,150
745,uav_5,3828.090858323887,6215.086487880976,150
746,uav_5,3831.613322239566,6239.8367965761045,150
747,uav_5,3834.722810887746,6264.642372821943,150
748,uav_5,3837.4184605415758,6289.496326340151,150
749,uav_5,3839.6995224268167,6314.391753414556,150
750,uav_5,3841.565362929835,6339.321738808831,150
751,uav_5,3843.0154637735986,6364.279357687328,150
752,uav_5,3844.0494221616427,6389.257677538613,150
753,uav_5,3844.6669508899513,6414.249760101119,150
754,uav_5,3844.8678784267377,6439.248663290385,150
755,uav_5,3844.652148960089,6464.247443127381,150
756,uav_5,3844.019822413471,6489.2391556673365,150
757,uav_5,3842.9710744290796,6514.216858928578,150
758,uav_5,3841.506196319056,6539.173614820803,150
759,uav_5,3839.625594984567,6564.102491072294,150
760,uav_5,3837.3297928027814,6588.996563155491,150
761,uav_5,3834.619427481764,6613.848916210444,150
762,uav_5,3831.4952518833434,6638.652646965545,150
763,uav_5,3827.958133813987,6663.400865655076,150
764,uav_5,3824.0090557837475,6688.086697932971,150
765,uav_5,3819.649114733352,6712.703286782333,150
766,uav_5,3814.8795217295014,6737.243794420095,150
767,uav_5,3809.701601628475,6761.701404196372,150
768,uav_5,3804.116792708117,6786.06932248794,150
769,uav_5,3798.1266462683284,6810.340780585285,150
770,uav_5,3791.7328262001583,6834.509036572785,150
771,uav_5,3784.937108523627,6858.567377201393,150
772,uav_5,3777.7413808943897,6882.509119753415,150
773,uav_5,3770.1476420794115,6906.327613898746,150
774,uav_5,3762.1580014017545,6930.016243542171,150
775,uav_5,3753.7746781546816,6953.568428661101,150
776,uav_5,3745.0000009851874,6976.9776271333385,150
777,uav_5,3735.8364072471777,7000.237336554266,150
778,uav_5,3726.2864423244337,7023.341096043056,150
779,uav_5,3716.3527589235855,7046.282488037287,150
780,uav_5,3706.038116337258,7069.055140075593,150
781,uav_5,3695.3453796776257,7091.6527265677205,150
782,uav_5,3684.277519080563,7114.068970551611,150
783,uav_5,3672.8376088806226,7136.297645436964,150
784,uav_5,3661.0288267570822,7158.332576734792,150
785,uav_5,3648.8544528512657,7180.167643772536,150
786,uav_5,3636.3178688554235,7201.796781394192,150
787,uav_5,3623.422557073387,7223.2139816450535,150
788,uav_5,3610.1720994532925,7244.413295440537,150
789,uav_5,3596.5701765926087,7265.388834218681,150
790,uav_5,3582.6205667157847,7286.134771575806,150
791,uav_5,3568.3271446247545,7306.6453448849325,150
792,uav_5,3553.69388062264,7326.914856896466,150
793,uav_5,3538.724839410902,7346.93767732074,150
794,uav_5,3523.4241789602966,7366.7082443919335,150
795,uav_5,3507.796149355896,7386.22106641299,150
796,uav_5,3491.845091616548,7405.470723281033,150
797,uav_5,3475.5754364890627,7424.45186799293,150
798,uav_5,3458.991703217468,7443.159228130535,150
799,uav_5,3442.0984982877108,7461.587607325204,150
800,uav_5,3424.9005141480893,7479.731886701215,150
801,uav_5,3407.4025279058405,7497.587026297628,150
802,uav_5,3389.6094000001835,7515.148066468255,150
803,uav_5,3371.5260728522417,7532.410129259295,150
804,uav_5,3353.1575694921657,7549.368419764304,150
805,uav_5,3334.508992163895,7566.01822745607,150
806,uav_5,3315.5855209078845,7582.354927495074,150
807,uav_5,3296.3924121222535,7598.373982014122,150
808,uav_5,3276.934997102694,7614.070941378854,150
809,uav_5,3257.218680561605,7629.4414454237085,150
810,uav_5,3237.248939126802,7644.481224663063,150
811,uav_5,3217.0313198202794,7659.186101477166,150
812,uav_5,3196.5714385174037,7673.551991272565,150
813,uav_5,3175.874978386976,7687.574903616691,150
814,uav_5,3154.9476883126263,7701.25094334628,150
815,uav_5,3133.7953812959186,7714.576311649347,150
816,uav_5,3112.4239328416875,7727.547307120375,150
817,uav_5,3090.839279325969,7740.160326788473,150
818,uav_5,3069.0474163470676,7752.411867118165,150
819,uav_5,3047.0543970601284,7764.298524982584,150
820,uav_5,3024.8663304957663,7775.816998608751,150
821,uav_5,3002.48937986313,7786.964088494727,150
822,uav_5,2979.929760837962,7797.736698298324,150
823,uav_5,2957.1937398360396,7808.131835697203,150
824,uav_5,2934.287632272565,7818.146613220035,150
825,uav_5,2911.2178008079036,7827.778249048572,150
826,uav_5,2887.990653580238,7837.0240677903475,150
827,uav_5,2864.612642425561,7845.8815012218265,150
828,uav_5,2841.090261085534,7854.348089001789,150
829,uav_5,2817.4300434037323,7862.421479354734,150
830,uav_5,2793.6385615107038,7870.099429724144,150
831,uav_5,2769.7224239984453,7877.379807395395,150
832,uav_5,2745.688274084703,7884.26059008817,150
833,uav_5,2721.5427877676966,7890.739866518185,150
834,uav_5,2697.2926719716984,7896.815836928095,150
835,uav_5,2672.944662684062,7902.486813587409,150
836,uav_5,2648.5055230841394,7907.751221261298,150
837,uav_5,2623.98204166468,7912.607597648146,150
838,uav_5,2599.381030346166,7917.054593785739,150
839,uav_5,2574.7093225846734,7921.090974425966,150
840,uav_5,2549.9737714737144,7924.715618377937,150
841,uav_5,2525.181247840662,7927.927518819415,150
842,uav_5,2500.338638338224,7930.725783576487,150
843,uav_5,2475.4528435315187,7933.109635371379,150
844,uav_5,2450.530775981317,7935.078412038365,150
845,uav_5,2425.579358323906,7936.631566707696,150
846,uav_5,2400.6055213482036,7937.768667957508,150
847,uav_5,2375.61620207056,7938.489399933653,150
848,uav_5,2350.618341807878,7938.793562437439,150
849,uav_5,2325.6188842494885,7938.681070981236,150
850,uav_5,2300.624773528418,7938.151956811949,150
851,uav_5,2275.642952292482,7937.206366902334,150
852,uav_5,2250.680359775841,7935.844563910174,150
853,uav_5,2225.7439298714585,7934.066926105322,150
854,uav_5,2200.840589205083,7931.873947264627,150
855,uav_5,2175.9772552112104,7929.266236534775,150
856,uav_5,2151.1608342116383,7926.244518263094,150
857,uav_5,2126.398219497077,7922.809631796338,150
858,uav_5,2101.6962894123862,7918.962531247551,150
859,uav_5,2077.061905445984,7914.70428523104,150
860,uav_5,2052.5019103239006,7910.036076565536,150
861,uav_5,2028.0231261090892,7904.959201945655,150
862,uav_5,2003.632352306428,7899.475071581702,150
863,uav_5,1979.3363639740348,7893.585208807959,150
864,uav_5,1955.14190984133,7887.291249659547,150
865,uav_5,1931.0557104344525,7880.5949424179835,150
866,uav_5,1907.0844562094692,7873.498147125554,150
867,uav_5,1883.23480569398,7866.002835068653,150
868,uav_5,1859.513383637548,7858.111088230212,150
869,uav_5,1835.9267791715542,7849.825098711388,150
870,uav_5,1812.4815439789063,7841.147168122656,150
871,uav_5,1789.1841904741857,7832.0797069444925,150
872,uav_5,1766.0411899946778,7822.625233857811,150
873,uav_5,1743.058971002813,7812.78637504434,150
874,uav_5,1720.243917300541,7802.565863457157,150
875,uav_5,1697.6023662560733,7791.966538061539,150
876,uav_5,1675.1406070435655,7780.991343046388,150
877,uav_5,1652.8648788961423,7769.643327006413,150
878,uav_5,1630.7813693728394,7757.925642095327,150
879,uav_5,1608.8962126398567,7745.841543150258,150
880,uav_5,1587.215487766681,7733.394386787661,150
881,uav_5,1565.745217037477,7720.58763047093,150
882,uav_5,1544.4913642782872,7707.424831550033,150
883,uav_5,1523.459833200434,7693.909646273363,150
884,uav_5,1502.6564657606555,7680.045828772152,150
885,uav_5,1482.0870405383598,7665.8372300176725,150
886,uav_5,1461.757271130516,7651.287796751551,150
887,uav_5,1441.672804564576,7636.401570389476,150
888,uav_5,1421.8392197298826,7621.182685898606,150
889,uav_5,1402.2620258280315,7605.635370649001,150
890,uav_5,1382.9466608425541,7589.763943239368,150
891,uav_5,1363.8984900284208,7573.572812297494,150
892,uav_5,1345.1228044217069,7557.066475255641,150
893,uav_5,1326.624819369913,7540.249517101299,150
894,uav_5,1308.409673083275,7523.126609103596,150
895,uav_5,1290.482425207531,7505.702507515768,150
896,uav_5,1272.8480554184816,7487.982052253996,150
897,uav_5,1255.511462038795,7469.9701655530225,150
898,uav_5,1238.477460677376,7451.67185059889,150
899,uav_5,1221.7507828917453,7433.09219013921,150
900,uav_5,1205.3360748737318,7414.2363450713065,150
901,uav_5,1189.2378961589075,7395.109553008679,150
902,uav_5,1173.4607183600722,7375.71712682614,150
903,uav_5,1158.0089239251643,7356.064453184043,150
904,uav_5,1142.8868049199534,7336.156991032037,150
905,uav_5,1128.0985618358136,7316.000270092712,150
906,uav_5,1113.6483024229615,7295.599889325615,150
907,uav_5,1099.5400405494265,7274.961515372001,150
908,uav_5,1085.7776950861278,7254.090880980825,150
909,uav_5,1072.3650888183104,7232.993783416328,150
910,uav_5,1059.3059473836975,7211.676082847737,150
911,uav_5,1046.6038982376042,7190.143700721469,150
912,uav_5,1034.2624696453436,7168.402618116331,150
913,uav_5,1022.2850897021674,7146.458874082137,150
914,uav_5,1010.6750853810477,7124.318563962248,150
915,uav_5,999.4356816085306,7101.987837700441,150
916,uav_5,988.5700003689512,7079.47289813265,150
917,uav_5,978.0810598372336,7056.779999263986,150
918,uav_5,967.971773540524,7033.91544453155,150
919,uav_5,958.2449495489041,7010.885585053529,150
920,uav_5,948.9032896953822,6987.696817865028,150
921,uav_5,939.9493888254083,6964.355584141165,150
922,uav_5,931.3857340760928,6940.8683674078875,150
923,uav_5,923.21470418536,6917.241691741048,150
924,uav_5,915.4385688311934,6893.482119954185,150
925,uav_5,908.0594880011927,6869.596251775582,150
926,uav_5,901.0795113925835,6845.59072201503,150
927,uav_5,894.5005778428783,6821.472198720893,150
928,uav_5,888.3245147913142,6797.247381327886,150
929,uav_5,882.553037771251,6772.922998796192,150
930,uav_5,877.1877499336374,6748.505807742326,150
931,uav_5,872.2301416017087,6724.00259056236,150
932,uav_5,867.681589857013,6699.420153547956,150
933,uav_5,863.5433581568982,6674.765324995772,150
934,uav_5,859.8165959835621,6650.044953310769,150
935,uav_5,856.5023385247559,6625.265905103904,150
936,uav_5,853.601506386241,6600.435063284797,150
937,uav_5,851.11490533607,6575.559325149845,150
938,uav_5,849.0432260807686,6550.645600466361,150
939,uav_5,847.3870440734752,6525.700809553224,150
940,uav_5,846.1468193540986,6500.731881358631,150
941,uav_5,845.3228964215305,6475.7457515354145,150
942,uav_5,844.915504137954,6450.749360514537,150
943,uav_5,844.9247556652733,6425.749651577218,150
944,uav_5,845.350648433679,6400.753568926309,150
945,uav_5,846.1930641423628,6375.76805575737,150
946,uav_5,847.4517687923778,6350.800052330074,150
947,uav_5,849.1264127516372,6325.856494040388,150
948,uav_5,851.2165308520309,6300.944309494109,150
949,uav_5,853.7215425186375,6276.070418582322,150
950,uav_5,856.6407519309901,6251.241730559226,150
951,uav_5,859.9733482163551,6226.465142122961,150
952,uav_5,863.7184056749718,6201.747535499885,150
953,uav_5,867.8748840371811,6177.095776532911,150
954,uav_5,872.4416287523873,6152.516712774347,150
955,uav_5,877.4173713097548,6128.017171583866,150
956,uav_5,882.8007295905682,6103.603958232039,150
957,uav_5,888.5902082521413,6079.283854010048,150
958,uav_5,894.7841991431842,6055.063614346017,150
959,uav_5,901.3809817504975,6030.949966928566,150
960,uav_5,908.3787236768869,6006.949609838033,150
961,uav_5,915.7754811501443,5983.069209685961,150
962,uav_5,923.5691995629793,5959.315399763277,150
963,uav_5,931.7577140437211,5935.69477819779,150
964,uav_5,940.3387500576671,5912.213906121381,150
965,uav_5,949.3099240388785,5888.879305847536,150
966,uav_5,958.6687440522694,5865.697459059618,150
967,uav_5,968.4126104857869,5842.6748050104625,150
968,uav_5,978.5388167725202,5819.817738733711,150
969,uav_5,989.0445501425022,5797.13260926747,150
970,uav_5,999.9268924040166,5774.62571789072,150
971,uav_5,1011.1828207541819,5752.303316373023,150
972,uav_5,1022.8092086186118,5730.171605237932,150
973,uav_5,1034.802826519879,5708.2367320406765,150
974,uav_5,1047.1603429745776,5686.504789660543,150
975,uav_5,1059.8783254187003,5664.981814608467,150
976,uav_5,1072.9532411611253,5643.673785350233,150
977,uav_5,1086.3814583648875,5622.586620645841,150
978,uav_5,1100.1592470559904,5601.7261779054625,150
979,uav_5,1114.2827801595015,5581.098251562387,150
980,uav_5,1128.7481345625954,5560.70857146352,150
981,uav_5,1143.5512922042867,5540.562801277776,150
982,uav_5,1158.6881411915192,5520.666536922902,150
983,uav_5,1174.154476941351,5501.0253050110605,150
984,uav_5,1189.9460033488563,5481.64456131371,150
985,uav_5,1206.0583339804637,5462.5296892461465,150
986,uav_5,1222.486993292371,5443.685998372154,150
987,uav_5,1239.227417873742,5425.118722929141,150
988,uav_5,1256.2749577142781,5406.833020374232,150
989,uav_5,1273.6248774958651,5388.8339699516655,150
990,uav_5,1291.2723579078936,5371.126571281947,150
991,uav_5,1309.2124969859476,5353.715742973065,150
992,uav_5,1327.4403114734203,5336.606321254261,150
993,uav_5,1345.9507382057059,5319.803058632677,150
994,uav_5,1364.7386355166268,5303.31062257321,150
995,uav_5,1383.7987846666247,5287.133594202055,150
996,uav_5,1403.125891292385,5271.276467034184,150
997,uav_5,1422.7145868774428,5255.743645725187,150
998,uav_5,1442.5594302434286,5240.539444847772,150
999,uav_5,1462.6549090614535,5225.668087693309,150
1000,uav_5,1482.9954413832857,5211.133705098714,150
1,uav_6,8424.18897395035,2979.2389082790496,150
2,uav_6,8423.564046285499,3004.2308069255128,150
3,uav_6,8422.522693053645,3029.2088195763995,150
4,uav_6,8421.065203512879,3054.1660080554716,150
5,uav_6,8419.191982512035,3079.0954399708476,150
6,uav_6,8416.903550378234,3103.9901906406244,150
7,uav_6,8414.200542772356,3128.8433450163557,150
8,uav_6,8411.083710512465,3153.6479996038533,150
9,uav_6,8407.553919365258,3178.397264380781,150
10,uav_6,8403.612149805584,3203.0842647105046,150
11,uav_6,8399.25949674408,3227.70214325167,150
12,uav_6,8394.497169223057,3252.244061862974,150
13,uav_6,8389.32649008065,3276.7032035026073,150
14,uav_6,8383.748895583372,3301.0727741218298,150
15,uav_6,8377.765935027162,3325.3460045521665,150
16,uav_6,8371.379270307041,3349.5161523856846,150
17,uav_6,8364.590675455474,3373.5765038478444,150
18,uav_6,8357.402036149604,3397.5203756623914,150
19,uav_6,8349.81534918746,3421.341116907781,150
20,uav_6,8341.832721933302,3445.0321108646103,150
21,uav_6,8333.456371732264,3468.586776853559,150
22,uav_6,8324.68862529443,3491.998572063308,150
23,uav_6,8315.531918048546,3515.260993367947,150
24,uav_6,8305.988793465523,3538.367579133358,150
25,uav_6,8296.061902351941,3561.3119110120692,150
26,uav_6,8285.754002113723,3584.087615726091,150
27,uav_6,8275.067955990211,3606.6883668372275,150
28,uav_6,8264.00673225884,3629.1078865043814,150
29,uav_6,8252.573403410634,3651.3399472273586,150
30,uav_6,8240.771145296756,3673.3783735766865,150
31,uav_6,8228.603236246348,3695.217043908976,150
32,uav_6,8216.073056155912,3716.8498920673337,150
33,uav_6,8203.184085550454,3738.270909066371,150
34,uav_6,8189.9399046167155,3759.474144761324,150
35,uav_6,8176.344192208681,3780.453709500837,150
36,uav_6,8162.400724825713,3801.203775762935,150
37,uav_6,8148.113375563538,3821.7185797737466,150
38,uav_6,8133.486113038419,3841.9924231085115,150
39,uav_6,8118.52300028478,3862.0196742744415,150
40,uav_6,8103.228193626618,3881.7947702749875,150
41,uav_6,8087.605941522994,3901.312218155081,150
42,uav_6,8071.660583387928,3920.5665965269186,150
43,uav_6,8055.396548385043,3939.552557075869,150
44,uav_6,8038.818354197262,3958.2648260460815,150
45,uav_6,8021.930605771928,3976.6982057053833,150
46,uav_6,8004.73799404168,3994.847575789063,150
47,uav_6,7987.245294621454,4012.7078949221295,150
48,uav_6,7969.457366481944,4030.2742020196665,150
49,uav_6,7951.3791505999225,4047.5416176648746,150
50,uav_6,7933.015668585781,4064.5053454644376,150
51,uav_6,7914.372021288669,4081.160673380821,150
52,uav_6,7895.4533873796245,4097.502975041141,150
53,uav_6,7876.2650219130865,4113.5277110222405,150
54,uav_6,7856.812254867193,4129.230430111607,150
55,uav_6,7837.100489663264,4144.606770543795,150
56,uav_6,7817.135201664888,4159.652461211999,150
57,uav_6,7796.921936657021,4174.363322854442,150
58,uav_6,7776.466309305529,4188.735269215261,150
59,uav_6,7755.77400159759,4202.764308179543,150
60,uav_6,7734.850761263406,4216.446542882227,150
61,uav_6,7713.7024001796435,4229.7781727905385,150
62,uav_6,7692.334792755066,4242.75549475967,150
63,uav_6,7670.753874298786,4255.3749040614075,150
64,uav_6,7648.96563937161,4267.632895385421,150
65,uav_6,7626.976140120922,4279.5260638129375,150
66,uav_6,7604.791484599562,4291.051105762535,150
67,uav_6,7582.417835069197,4302.204819907778,150
68,uav_6,7559.861406288613,4312.984108066454,150
69,uav_6,7537.128463787432,4323.385976061163,150
70,uav_6,7514.225322125732,4333.407534551015,150
71,uav_6,7491.158343140043,4343.0459998341985,150
72,uav_6,7467.933934176206,4352.298694621221,150
73,uav_6,7444.558546309601,4361.163048778583,150
74,uav_6,7421.038672553221,4369.6366000426815,150
75,uav_6,7397.380846054099,4377.716994703762,150
76,uav_6,7373.591638278588,4385.401988259707,150
77,uav_6,7349.677657186994,4392.6894460395,150
78,uav_6,7325.645545398077,4399.577343796172,150
79,uav_6,7301.501978343918,4406.063768269078,150
80,uav_6,7277.25366241568,4412.146917715351,150
81,uav_6,7252.9073331007585,4417.825102410371,150
82,uav_6,7228.469753111862,4423.096745117121,150
83,uav_6,7203.94771050852,4427.960381524301,150
84,uav_6,7179.3480168115575,4432.414660653072,150
85,uav_6,7154.677505111048,4436.458345232317,150
86,uav_6,7129.943028168279,4440.09031204232,150
87,uav_6,7105.151456512246,4443.309552226765,150
88,uav_6,7080.309676531222,4446.115171572967,150
89,uav_6,7055.424588559915,4448.506390760259,150
90,uav_6,7030.5031049627505,4450.482545576464,150
91,uav_6,7005.552148213816,4452.0430871023955,150
92,uav_6,6980.578648973996,4453.187581864331,150
93,uav_6,6955.589544165835,4453.915711954418,150
94,uav_6,6930.591775046654,4454.2272751189785,150
95,uav_6,6905.592285280475,4454.122184814694,150
96,uav_6,6880.598019009262,4453.60047023264,150
97,uav_6,6855.615918924048,4452.662276290178,150
98,uav_6,6830.652924336441,4451.307863590704,150
99,uav_6,6805.715969251095,4449.53760835126,150
100,uav_6,6780.811980439633,4447.352002298029,150
101,uav_6,6755.947875516592,4444.7516525297515,150
102,uav_6,6731.130561017909,4441.737281349085,150
103,uav_6,6706.366930482481,4438.309726061977,150
104,uav_6,6681.663862537338,4434.469938745078,150
105,uav_6,6657.028218986958,4430.218985981288,150
106,uav_6,6632.4668429072535,4425.558048563484,150
107,uav_6,6607.986556744761,4420.488421166534,150
108,uav_6,6583.594160421565,4415.011511987675,150
109,uav_6,6559.296429446466,4409.12884235535,150
110,uav_6,6535.100113032946,4402.842046306632,150
111,uav_6,6511.011932224426,4396.152870133332,150
112,uav_6,6487.038578027357,4389.0631718969325,150
113,uav_6,6463.186709552644,4381.574920912466,150
114,uav_6,6439.462952165941,4373.690197201504,150
115,uav_6,6415.873895647312,4365.411190914377,150
116,uav_6,6392.42609236078,4356.740201721819,150
117,uav_6,6369.126055434266,4347.679638176186,150
118,uav_6,6345.980256950431,4338.2320170424255,150
119,uav_6,6322.995126148916,4328.399962598994,150
120,uav_6,6300.177047640483,4318.186205908904,150
121,uav_6,6277.532359633553,4307.59358406112,150
122,uav_6,6255.0673521736335,4296.625039382488,150
123,uav_6,6232.788265396127,4285.283618620446,150
124,uav_6,6210.701287792993,4273.572472096725,150
125,uav_6,6188.81255449377,4261.49485283228,150
126,uav_6,6167.12814556141,4249.054115643693,150
127,uav_6,6145.654084303405,4236.2537162112985,150
128,uav_6,6124.396335598695,4223.097210119301,150
129,uav_6,6103.36080424079,4209.588251868128,150
130,uav_6,6082.553333297584,4195.730593859323,150
131,uav_6,6061.979702488327,4181.528085353226,150
132,uav_6,6041.645626578177,4166.984671399767,150
133,uav_6,6021.556753790807,4152.104391742643,150
134,uav_6,6001.718664239486,4136.891379697188,150
135,uav_6,5982.136868377087,4121.349861002263,150
136,uav_6,5962.816805465439,4105.484152646464,150
137,uav_6,5943.763842064455,4089.2986616689823,150
138,uav_6,5924.98327054146,4072.797883935463,150
139,uav_6,5906.480307601117,4055.9864028891748,150
140,uav_6,5888.260092836381,4038.868888277869,150
141,uav_6,5870.327687300865,4021.4500948566483,150
142,uav_6,5852.688072103023,4003.7348610672398,150
143,uav_6,5835.346147022543,3985.7281076940085,150
144,uav_6,5818.306729149328,3967.4348364971083,150
145,uav_6,5801.574551545446,3948.860128823136,150
146,uav_6,5785.154261930423,3930.0091441936765,150
147,uav_6,5769.050421390235,3910.8871188721378,150
148,uav_6,5753.267503110374,3891.4993644092656,150
149,uav_6,5737.809891133324,3871.8512661677487,150
150,uav_6,5722.681879140795,3851.948281826317,150
151,uav_6,5707.88766926107,3831.795939863756,150
152,uav_6,5693.431370901766,3811.3998380232533,150
153,uav_6,5679.316999608363,3790.7656417575076,150
154,uav_6,5665.548475948797,3769.8990826550257,150
155,uav_6,5652.129624424443,3748.805956848055,150
156,uav_6,5639.064172407775,3727.4921234025783,150
157,uav_6,5626.35574910701,3705.9635026908395,150
158,uav_6,5614.007884558014,3684.2260747468295,150
159,uav_6,5602.024008643767,3662.285877605206,150
160,uav_6,5590.407450141634,3640.1490056241,150
161,uav_6,5579.1614357987255,3617.821607792278,150
162,uav_6,5568.289089435604,3595.3098860211267,150
163,uav_6,5557.793431078572,3572.620093421946,150
164,uav_6,5547.677376120798,3549.758532569007,150
165,uav_6,5537.943734512501,3526.73155374888,150
166,uav_6,5528.595209980429,3503.545553196507,150
167,uav_6,5519.634399276843,3480.2069713185124,150
168,uav_6,5511.063791458209,3456.72229090424,150
169,uav_6,5502.885767193811,3433.0980353250197,150
170,uav_6,5495.102598104472,3409.3407667221663,150
171,uav_6,5487.716446131561,3385.4570841841987,150
172,uav_6,5480.729362936465,3361.453621913806,150
173,uav_6,5474.1432893307,3337.3370473850546,150
174,uav_6,5467.96005473681,3313.114059491356,150
175,uav_6,5462.181376680201,3288.7913866847043,150
176,uav_6,5456.808860312065,3264.3757851067076,150
177,uav_6,5451.843997963515,3239.8740367119226,150
178,uav_6,5447.288168731056,3215.292947384026,150
179,uav_6,5443.142638093517,3190.6393450453293,150
180,uav_6,5439.408557560528,3165.9200777601827,150
181,uav_6,5436.086964352672,3141.142011832777,150
182,uav_6,5433.178781113371,3116.3120298998792,150
183,uav_6,5430.684815652604,3091.437029019038,150
184,uav_6,5428.6057607225175,3066.523918752773,150
185,uav_6,5426.942193825002,3041.579619249302,150
186,uav_6,5425.694577051277,3016.611059320318,150
187,uav_6,5424.863256953534,2991.625174516364,150
188,uav_6,5424.448464448678,2966.6289052003385,150
189,uav_6,5424.450314754183,2941.6291946196593,150
190,uav_6,5424.868807356086,2916.6329869776287,150
191,uav_6,5425.703826009132,2891.647225504533,150
192,uav_6,5426.955138769066,2866.678850529012,150
193,uav_6,5428.622398057056,2841.734797550236,150
194,uav_6,5430.705140756241,2816.8219953114203,150
195,uav_6,5433.202788340377,2791.9473638752197,150
196,uav_6,5436.114647034525,2767.117812701534,150
197,uav_6,5439.439908007773,2742.340238728258,150
198,uav_6,5443.177647597899,2717.6215244555096,150
199,uav_6,5447.3268275679375,2692.9685360338676,150
200,uav_6,5451.886295394577,2668.388121357154,150
201,uav_6,5456.854784588295,2643.8871081602824,150
202,uav_6,5462.23091504515,2619.472302122711,150
203,uav_6,5468.01319343014,2595.150484978019,150
204,uav_6,5474.200013592004,2570.9284126301354,150
205,uav_6,5480.789657009369,2546.8128132767424,150
206,uav_6,5487.780293268099,2522.810385540376,150
207,uav_6,5495.169980569739,2498.927796607738,150
208,uav_6,5502.9566662708885,2475.1716803777463,150
209,uav_6,5511.1381874533645,2451.548635618824,150
210,uav_6,5519.712271525002,2428.065224135952,150
211,uav_6,5528.676536850911,2404.72796894799,150
212,uav_6,5538.02849341503,2381.543352475765,150
213,uav_6,5547.765543511782,2358.5178147414426,150
214,uav_6,5557.884982467636,2335.6577515796716,150
215,uav_6,5568.383999392394,2312.9695128610097,150
216,uav_6,5579.259677959975,2290.4594007281034,150
217,uav_6,5590.508997218486,2268.133667845139,150
218,uav_6,5602.128832429353,2245.9985156610305,150
219,uav_6,5614.115955935289,2224.060092686833,150
220,uav_6,5626.467038056842,2202.324492787865,150
221,uav_6,5639.178648017284,2180.7977534910056,150
222,uav_6,5652.247254895584,2159.485854307642,150
223,uav_6,5665.669228607195,2138.3947150727363,150
224,uav_6,5679.440840912389,2117.530194300459,150
225,uav_6,5693.558266451855,2096.898087556867,150
226,uav_6,5708.017583809274,2076.504125850057,150
227,uav_6,5722.814776600573,2056.3539740382603,150
228,uav_6,5737.945734589571,2036.4532292563038,150
229,uav_6,5753.406254829671,2016.807419360887,150
230,uav_6,5769.192042831328,1997.4220013951044,150
231,uav_6,5785.298713754934,1978.302360072631,150
232,uav_6,5801.721793628798,1959.4538062820068,150
233,uav_6,5818.4567205918875,1940.881575611422,150
234,uav_6,5835.4988461609855,1922.5908268944215,150
235,uav_6,5852.843436521904,1904.5866407769286,150
236,uav_6,5870.4856738444,1886.8740183059874,150
237,uav_6,5888.420657620434,1869.457879540614,150
238,uav_6,5906.643406025392,1852.3430621851473,150
239,uav_6,5925.148857301888,1835.5343202454717,150
240,uav_6,5943.931871165778,1819.03632270849,150
241,uav_6,5962.987230233987,1802.8536522452137,150
242,uav_6,5982.309641473743,1786.9908039378288,150
243,uav_6,6001.8937376728345,1771.4521840310897,150
244,uav_6,6021.7340789304635,1756.2421087083903,150
245,uav_6,6041.8251541682985,1741.3648028928533,150
246,uav_6,6062.161382661292,1726.8243990737667,150
247,uav_6,6082.737115587847,1712.6249361586968,150
248,uav_6,6103.546637598897,1698.7703583515947,150
249,uav_6,6124.584168405465,1685.2645140572124,150
250,uav_6,6145.843864384264,1672.1111548121223,150
251,uav_6,6167.319820200888,1659.3139342426496,150
252,uav_6,6189.006070450147,1646.87640705,150
253,uav_6,6210.896591313079,1634.8020280228652,150
254,uav_6,6232.9853022301995,1623.0941510777811,150
255,uav_6,6255.266067590506,1611.7560283275068,150
256,uav_6,6277.732698435777,1600.79080917768,150
257,uav_6,6300.378954179679,1590.201539452003,150
258,uav_6,6323.198544341233,1579.9911605461998,150
259,uav_6,6346.185130292123,1570.1625086109802,150
260,uav_6,6369.332327017389,1560.7183137642394,150
261,uav_6,6392.633704888998,1551.6611993327085,150
262,uav_6,6416.082791451814,1542.993681123271,150
263,uav_6,6439.673073221458,1534.7181667241412,150
264,uav_6,6463.397997493567,1526.836954836108,150
265,uav_6,6487.25097416395,1519.3522346340199,150
266,uav_6,6511.225377559127,1512.266085158695,150
267,uav_6,6535.314548276757,1505.5804747394238,150
268,uav_6,6559.511795035421,1499.2972604472234,150
269,uav_6,6583.810396533273,1493.4181875789964,150
270,uav_6,6608.203603315026,1487.9448891727366,150
271,uav_6,6632.684639646756,1482.8788855539196,150
272,uav_6,6657.246705398006,1478.2215839131986,150
273,uav_6,6681.882977930666,1473.9742779155274,150
274,uav_6,6706.586613994111,1470.138147340817,150
275,uav_6,6731.350751626056,1466.7142577562283,150
276,uav_6,6756.1685120586135,1463.7035602201856,150
277,uav_6,6781.03300162902,1461.106891018201,150
278,uav_6,6805.937313694495,1458.9249714305784,150
279,uav_6,6830.874530550708,1457.158407532063,150
280,uav_6,6855.837725353325,1455.8076900234896,150
281,uav_6,6880.81996404208,1454.873194095481,150
282,uav_6,6905.81430726686,1454.355179324231,150
283,uav_6,6930.813812315262,1454.2537895994,150
284,uav_6,6955.8115350410735,1454.5690530841491,150
285,uav_6,6980.800531793161,1455.3008822073152,150
286,uav_6,7005.773861344217,1456.4490736877362,150
287,uav_6,7030.724586818833,1458.0133085907173,150
288,uav_6,7055.645777620365,1459.9931524166211,150
289,uav_6,7080.530511356057,1462.3880552215596,150
290,uav_6,7105.371875759878,1465.1973517701529,150
291,uav_6,7130.162970612557,1468.4202617203123,150
292,uav_6,7154.896909658263,1472.0558898399972,150
293,uav_6,7179.566822517413,1476.1032262558847,150
294,uav_6,7204.165856595059,1480.5611467338833,150
295,uav_6,7228.6871789843535,1485.428412991414,150
296,uav_6,7253.123978364524,1490.7036730413677,150
297,uav_6,7277.469466892872,1496.385461567651,150
298,uav_6,7301.716882090238,1502.4722003322065,150
299,uav_6,7325.8594887194195,1508.9621986134043,150
300,uav_6,7349.890580656035,1515.8536536756744,150
301,uav_6,7373.803482751288,1523.144651270256,150
302,uav_6,7397.5915526861345,1530.8331661669204,150
303,uav_6,7421.248182816326,1538.9170627165222,150
304,uav_6,7444.766802007828,1547.3940954442214,150
305,uav_6,7468.1408774620895,1556.261909673212,150
306,uav_6,7491.363916530667,1565.5180421787834,150
307,uav_6,7514.429468518698,1575.1599218725344,150
308,uav_6,7537.331126476722,1585.1848705165476,150
309,uav_6,7560.062528980338,1595.5901034673254,150
310,uav_6,7582.617361897237,1606.3727304492877,150
311,uav_6,7604.98936014108,1617.5297563576046,150
312,uav_6,7627.1723094117615,1629.0580820901525,150
313,uav_6,7649.160047921565,1640.9545054083544,150
314,uav_6,7670.94646810673,1653.2157218266716,150
315,uav_6,7692.525518323957,1665.838325530494,150
316,uav_6,7713.891204531384,1678.818810322178,150
317,uav_6,7735.037591953555,1692.153570594968,150
318,uav_6,7755.958806729937,1705.8389023345303,150
319,uav_6,7776.649037546503,1719.8710041478228,150
320,uav_6,7797.102537249952,1734.2459783190122,150
321,uav_6,7817.313624444105,1748.9598318921483,150
322,uav_6,7837.276685068032,1764.0084777802933,150
323,uav_6,7856.986173955478,1779.387735900797,150
324,uav_6,7876.436616375148,1795.0933343364013,150
325,uav_6,7895.622609551438,1811.120910521862,150
326,uav_6,7914.538824165163,1827.4660124557397,150
327,uav_6,7933.180005833895,1844.1240999370407,150
328,uav_6,7951.540976571478,1861.0905458263533,150
329,uav_6,7969.616636226323,1878.3606373311359,150
330,uav_6,7987.401963898086,1895.9295773147942,150
331,uav_6,8004.892019332328,1913.7924856291902,150
332,uav_6,8022.081944292778,1931.9444004702052,150
333,uav_6,8038.966963910811,1950.3802797559892,150
334,uav_6,8055.5423880117705,1969.0950025275047,150
335,uav_6,8071.803612417763,1988.0833703709845,150
336,uav_6,8087.74612022657,2007.3401088618998,150
337,uav_6,8103.365483066309,2026.859869030046,150
338,uav_6,8118.6573623255135,2046.6372288453333,150
339,uav_6,8133.61751035827,2066.666694723868,150
340,uav_6,8148.241771664096,2086.9427030539186,150
341,uav_6,8162.526084042218,2107.4596217413236,150
342,uav_6,8176.466479719936,2128.2117517739257,150
343,uav_6,8190.059086454752,2149.1933288045966,150
344,uav_6,8203.300128609975,2170.398524752406,150
345,uav_6,8216.185928203477,2191.821449421495,150
346,uav_6,8228.71290592934,2213.4561521372034,150
347,uav_6,8240.877582152076,2235.2966233990005,150
348,uav_6,8252.676577873175,2257.336796549746,150
349,uav_6,8264.106615669692,2279.570549460839,150
350,uav_6,8275.164520604625,2301.9917062327663,150
351,uav_6,8285.847221108816,2324.5940389105926,150
352,uav_6,8296.151749834145,2347.3712692139065,150
353,uav_6,8306.075244477786,2370.3170702807483,150
354,uav_6,8315.61494857725,2393.4250684250283,150
355,uav_6,8324.768212276074,2416.6888449069565,150
356,uav_6,8333.532493059865,2440.1019377159864,150
357,uav_6,8341.905356462537,2463.657843365771,150
358,uav_6,8349.884476742536,2487.3500187006503,150
359,uav_6,8357.46763752887,2511.171882713149,150
360,uav_6,8364.652732436745,2535.1168183719933,150
361,uav_6,8371.437765652665,2559.178174460132,150
362,uav_6,8377.820852488809,2583.3492674222557,150
363,uav_6,8383.800219906541,2607.623383221294,150
364,uav_6,8389.37420700892,2631.9937792033843,150
365,uav_6,8394.54126550203,2656.453685970789,150
366,uav_6,8399.299960125072,2680.9963092622384,150
367,uav_6,8403.648969049027,2705.614831840182,150
368,uav_6,8407.587084243825,2730.302415384424,150
369,uav_6,8411.1132118139,2755.052202391607,150
370,uav_6,8414.226372302042,2779.8573180800377,150
371,uav_6,8416.92570096147,2804.710872299299,150
372,uav_6,8419.210447996022,2829.6059614441374,150
373,uav_6,8421.079978768435,2854.5356703720886,150
374,uav_6,8422.533773976627,2879.4930743243026,150
375,uav_6,8423.571429797945,2904.471240849047,150
376,uav_6,8424.192658001331,2929.46323172734,150
377,uav_6,8424.39728602739,2954.462104900191,150
378,uav_6,8424.185257036319,2979.4609163969067,150
379,uav_6,8423.556629923698,3004.452722263923,150
380,uav_6,8422.511579304126,3029.430580493641,150
381,uav_6,8421.050395462722,3054.3875529527154,150
382,uav_6,8419.173484274492,3079.3167073092686,150
383,uav_6,8416.881367091588,3104.2111189584975,150
384,uav_6,8414.174680598484,3129.0638729461225,150
385,uav_6,8411.054176635142,3153.868065889174,150
386,uav_6,8407.520721988149,3178.6168078935466,150
387,uav_6,8403.575298149965,3203.303224467818,150
388,uav_6,8399.21900104629,3227.9204584327836,150
389,uav_6,8394.453040731638,3252.4616718261864,150
390,uav_6,8389.278741053231,3276.9200478021053,150
391,uav_6,8383.697539283266,3301.288792524481,150
392,uav_6,8377.71098571968,3325.561137054247,150
393,uav_6,8371.320743255523,3349.73033922955,150
394,uav_6,8364.52858691706,3373.7896855385256,150
395,uav_6,8357.33640337071,3397.7324929841234,150
396,uav_6,8349.74619039899,3421.552110940449,150
397,uav_6,8341.760056345589,3445.2419230001183,150
398,uav_6,8333.380219529725,3468.7953488121084,150
399,uav_6,8324.609007629964,3492.2058459095824,150
400,uav_6,8315.44885703766,3515.4669115272122,150
401,uav_6,8305.902312180186,3538.5720844074485,150
402,uav_6,8295.972024814175,3561.5149465952795,150
403,uav_6,8285.660753288934,3584.289125220954,150
404,uav_6,8274.97136178025,3606.8882942701784,150
405,uav_6,8263.90681949481,3629.3061763413084,150
406,uav_6,8252.47019984544,3651.536544389026,150
407,uav_6,8240.66467959739,3673.5732234540365,150
408,uav_6,8228.493537985934,3695.4100923782944,150
409,uav_6,8215.96015580548,3717.041085505288,150
410,uav_6,8203.06801447049,3738.4601943649013,150
411,uav_6,8189.8206950484355,3759.6614693423985,150
412,uav_6,8176.22187726509,3780.639021331054,150
413,uav_6,8162.275338482397,3801.387023367979,150
414,uav_6,8147.984952649231,3821.8997122526825,150
415,uav_6,8133.354689225326,3842.171390147926,150
416,uav_6,8118.388612078672,3862.196426162419,150
417,uav_6,8103.090878356687,3881.969257914918,150
418,uav_6,8087.4657373314885,3901.4843930792977,150
419,uav_6,8071.517529219556,3920.7364109101604,150
420,uav_6,8055.250683976153,3939.7199637485655,150
421,uav_6,8038.669720064807,3958.429778507456,150
422,uav_6,8021.779243202211,3976.8606581363683,150
423,uav_6,8004.583945078887,3995.0074830650274,150
424,uav_6,7987.088602055973,4012.8652126254146,150
425,uav_6,7969.298073838479,4030.4288864519212,150
426,uav_6,7951.217302125406,4047.693625859196,150
427,uav_6,7932.851309237082,4064.6546351973047,150
428,uav_6,7914.205196720105,4081.307203183824,150
429,uav_6,7895.284143930281,4097.646704212499,150
430,uav_6,7876.0934065939455,4113.668599638107,150
431,uav_6,7856.638315348072,4129.368439037161,150
432,uav_6,7836.924274259578,4144.741861444112,150
433,uav_6,7816.956759324227,4159.784596562697,150
434,uav_6,7796.741316945556,4174.4924659521075,150
435,uav_6,7776.283562394238,4188.86138418764,150
436,uav_6,7755.58917824833,4202.887359995511,150
437,uav_6,7734.663912814808,4216.566497361515,150
438,uav_6,7713.513578532854,4229.894996613229,150
439,uav_6,7692.144050359328,4242.869155475452,150
440,uav_6,7670.561264136871,4255.485370098591,150
441,uav_6,7648.771214945103,4267.740136059705,150
442,uav_6,7626.779955435356,4279.630049335938,150
443,uav_6,7604.593594149422,4291.151807250052,150
444,uav_6,7582.218293822782,4302.302209387823,150
445,uav_6,7559.660269672762,4313.07815848702,150
446,uav_6,7536.925787672135,4323.476661297738,150
447,uav_6,7514.021162808607,4333.4948294138385,150
448,uav_6,7490.952757330698,4343.129880075258,150
449,uav_6,7467.726978980489,4352.379136940991,150
450,uav_6,7444.350279213735,4361.24003083249,150
451,uav_6,7420.829151407837,4369.710100447317,150
452,uav_6,7397.17012905817,4377.78699304282,150
453,uav_6,7373.379783963257,4385.468465089654,150
454,uav_6,7349.4647243993195,4392.752382894978,150
455,uav_6,7325.431593284687,4399.636723195125,150
456,uav_6,7301.287066334579,4406.119573717611,150
457,uav_6,7277.037850206791,4412.19913371231,150
458,uav_6,7252.690680638765,4417.873714451647,150
459,uav_6,7228.252320576613,4423.141739699682,150
460,uav_6,7203.7295582965435,4428.001746149942,150
461,uav_6,7179.129205519287,4432.452383831885,150
462,uav_6,7154.458095517993,4436.492416485882,150
463,uav_6,7129.723081220135,4440.120721906621,150
464,uav_6,7104.931033303975,4443.336292254811,150
465,uav_6,7080.088838290076,4446.138234337146,150
466,uav_6,7055.203396628429,4448.525769854396,150
467,uav_6,7030.281620781705,4450.4982356176015,150
468,uav_6,7005.330433305171,4452.05508373229,150
469,uav_6,6980.3567649238,4453.195881750662,150
470,uav_6,6955.36755260712,4453.9203127917135,150
471,uav_6,6930.369737642315,4454.2281756292605,150
472,uav_6,6905.370263706141,4454.119384747825,150
473,uav_6,6880.3760749361645,4453.593970366398,150
474,uav_6,6855.394114001891,4452.65207843004,150
475,uav_6,6830.431320176277,4451.293970569344,150
476,uav_6,6805.49462740821,4449.520024027761,150
477,uav_6,6780.590962396449,4447.330731556812,150
478,uav_6,6755.72724266559,4444.726701279218,150
479,uav_6,6730.910374644573,4441.708656519979,150
480,uav_6,6706.147251748275,4438.277435605455,150
481,uav_6,6681.44475246272,4434.433991630503,150
482,uav_6,6656.809738434432,4430.17939219374,150
483,uav_6,6632.249052564454,4425.514819100981,150
484,uav_6,6607.769517107608,4420.441568036985,150
485,uav_6,6583.377931777448,4414.961048205534,150
486,uav_6,6559.081071857509,4409.074781938011,150
487,uav_6,6534.885686319315,4402.78440427053,150
488,uav_6,6510.798495947721,4396.091662489774,150
489,uav_6,6486.826191474056,4388.998415647646,150
490,uav_6,6462.97543171765,4381.506634044884,150
491,uav_6,6439.25284173618,4373.61839868376,150
492,uav_6,6415.6650109854445,4365.335900690042,150
493,uav_6,6392.218491488977,4356.661440704361,150
494,uav_6,6368.919796018104,4347.597428243159,150
495,uav_6,6345.775396282863,4338.146381029393,150
496,uav_6,6322.7917211343665,4328.310924293185,150
497,uav_6,6299.975154779039,4318.093790042612,150
498,uav_6,6277.3320350052645,4307.497816304822,150
499,uav_6,6254.868651422946,4296.525946337724,150
500,uav_6,6232.5912437164125,4285.1812278124235,150
501,uav_6,6210.505999911232,4273.466811966679,150
502,uav_6,6188.619054655338,4261.385952729566,150
503,uav_6,6166.936487515019,4248.94200581764,150
504,uav_6,6145.464321286167,4236.138427802803,150
505,uav_6,6124.208520321343,4222.97877515218,150
506,uav_6,6103.174988873022,4209.466703240222,150
507,uav_6,6082.369569453589,4195.605965333358,150
508,uav_6,6061.7980412124325,4181.400411547435,150
509,uav_6,6041.466118330684,4166.853987778277,150
510,uav_6,6021.3794484339605,4151.9707346056175,150
511,uav_6,6001.543611023634,4136.754786170751,150
512,uav_6,5981.964115926999,4121.210369028184,150
513,uav_6,5962.646401766793,4105.341800971613,150
514,uav_6,5943.59583445052,4089.153489834579,150
515,uav_6,5924.817705679934,4072.649932266081,150
516,uav_6,5906.317231481177,4055.835712481552,150
517,uav_6,5888.099550755899,4038.7155009894805,150
518,uav_6,5870.169723853833,4021.29405329409,150
519,uav_6,5852.532731167158,4003.576208574384,150
520,uav_6,5835.193471747109,3985.566888339975,150
521,uav_6,5818.156761943139,3967.271095064012,150
522,uav_6,5801.427334065098,3948.693910793657,150
523,uav_6,5785.009835068711,3929.8404957384196,150
524,uav_6,5768.908825264805,3910.7160868368132,150
525,uav_6,5753.128777052572,3891.325996301671,150
526,uav_6,5737.674073677273,3871.6756101445762,150
527,uav_6,5722.549008012696,3851.7703866797788,150
528,uav_6,5707.757781368712,3831.6158550080245,150
529,uav_6,5693.304502324286,3811.2176134807446,150
530,uav_6,5679.193185586215,3790.581328144976,150
531,uav_6,5665.427750873971,3769.712731169515,150
532,uav_6,5652.012021830904,3748.6176192526646,150
533,uav_6,5638.9497249621545,3727.3018520120986,150
534,uav_6,5626.244488599527,3705.771350357209,150
535,uav_6,5613.8998418936535,3684.0320948444632,150
536,uav_6,5601.919213833684,3662.0901240161606,150
537,uav_6,5590.305932294824,3639.9515327231156,150
538,uav_6,5579.063223113937,3617.6224704316664,150
539,uav_6,5568.194209193509,3595.1091395155445,150
540,uav_6,5557.701909634181,3572.417793533017,150
541,uav_6,5547.589238896146,3549.5547354898436,150
542,uav_6,5537.859005989583,3526.5263160884742,150
543,uav_6,5528.5139136944035,3503.3389319639987,150
544,uav_6,5519.5565578094875,3479.999023907362,150
545,uav_6,5510.989426431652,3456.513075076277,150
546,uav_6,5502.814899264528,3432.8876091944103,150
547,uav_6,5495.035246957543,3409.129188739257,150
548,uav_6,5487.652630475203,3385.2444131192938,150
549,uav_6,5480.66910049684,3361.239916840831,150
550,uav_6,5474.086596846988,3337.122367665159,150
551,uav_6,5467.906947956558,3312.898464756411,150
552,uav_6,5462.1318703549505,3288.5749368207535,150
553,uav_6,5456.762968193255,3264.158540237319,150
554,uav_6,5451.801732798661,3239.6560571814994,150
555,uav_6,5447.249542260211,3215.0742937410323,150
556,uav_6,5443.107661046005,3190.4200780254832,150
557,uav_6,5439.377239651973,3165.700258269582,150
558,uav_6,5436.059314282291,3140.9217009309746,150
559,uav_6,5433.154806561562,3116.091288782935,150
560,uav_6,5430.66452327881,3091.215919002506,150
561,uav_6,5428.589156163378,3066.302501254684,150
562,uav_6,5426.929281692788,3041.3579557730905,150
563,uav_6,5425.685360932609,3016.389211437748,150
564,uav_6,5424.857739408386,2991.403203850419,150
565,uav_6,5424.446647009667,2966.4068734081116,150
566,uav_6,5424.452197926139,2941.4071633752183,150
567,uav_6,5424.874390615919,2916.411017954894,150
568,uav_6,5425.713107805973,2891.425380360137,150
569,uav_6,5426.968116524697,2866.4571908851826,150
570,uav_6,5428.639068166628,2841.513384977668,150
571,uav_6,5430.725498589277,2816.6008913121823,150
572,uav_6,5433.226828242052,2791.72662986567,150
573,uav_6,5436.142362327245,2766.8975099952536,150
574,uav_6,5439.471290993022,2742.1204285190292,150
575,uav_6,5443.212689558383,2717.402267800308,150
576,uav_6,5447.365518770006,2692.7498938359126,150
577,uav_6,5451.928625090922,2668.1701543489808,150
578,uav_6,5456.900741020938,2643.669876886883,150
579,uav_6,5462.280485448712,2619.2558669247064,150
580,uav_6,5468.066364035383,2594.9349059749084,150
581,uav_6,5474.256769629657,2570.7137497035865,150
582,uav_6,5480.8499827142305,2546.5991260539686,150
583,uav_6,5487.844171883418,2522.5977333775622,150
584,uav_6,5495.237394351866,2498.716238573565,150
585,uav_6,5503.027596494207,2474.9612752369717,150
586,uav_6,5511.21261441549,2451.339441815967,150
587,uav_6,5519.790174552256,2427.85729977906,150
588,uav_6,5528.757894304066,2404.52137179249,150
589,uav_6,5538.113282695316,2381.3381399084283,150
590,uav_6,5547.853741067167,2358.314043764439,150
591,uav_6,5557.976563799364,2335.455478794743,150
592,uav_6,5568.478939061798,2312.768794453737,150
593,uav_6,5579.357949595534,2290.2602924523117,150
594,uav_6,5590.610573523155,2267.9362250074,150
595,uav_6,5602.233685188145,2245.8027931053093,150
596,uav_6,5614.224056023112,2223.866144779246,150
597,uav_6,5626.578355446588,2202.132373401586,150
598,uav_6,5639.293151788173,2180.607515991293,150
599,uav_6,5652.364913241748,2159.297551537026,150
600,uav_6,5665.790008846518,2138.2083993363276,150
601,uav_6,5679.56470949558,2117.345917351431,150
602,uav_6,5693.685188971771,2096.715900582078,150
603,uav_6,5708.147525010476,2076.324079455828,150
604,uav_6,5722.947700389119,2056.1761182363216,150
605,uav_6,5738.08160404304,2036.2776134498995,150
606,uav_6,5753.54503220742,2016.634092331059,150
607,uav_6,5769.333689584982,1997.2510112871325,150
608,uav_6,5785.443190539079,1978.1337543826703,150
609,uav_6,5801.869060311926,1959.2876318438853,150
610,uav_6,5818.606736267532,1940.7178785836388,150
611,uav_6,5835.651569159091,1922.4296527473189,150
612,uav_6,5852.998824420396,1904.4280342800687,150
613,uav_6,5870.643683480974,1886.7180235157084,150
614,uav_6,5888.581245104539,1869.3045397878016,150
615,uav_6,5906.806526750428,1852.192420063189,150
616,uav_6,5925.31446595759,1835.3864175984324,150
617,uav_6,5944.099921750807,1818.8912006194894,150
618,uav_6,5963.157676068706,1802.7113510250085,150
619,uav_6,5982.482435213181,1786.8513631136225,150
620,uav_6,6002.068831319843,1771.3156423355458,150
621,uav_6,6021.911423849043,1756.1085040688815,150
622,uav_6,6042.004701097114,1741.2341724209189,150
623,uav_6,6062.343081727349,1726.6967790548103,150
624,uav_6,6082.920916320353,1712.5003620419016,150
625,uav_6,6103.732488943271,1698.6488647400831,150
626,uav_6,6124.772018737533,1685.146134698427,150
627,uav_6,6146.033661524582,1671.995922588458,150
628,uav_6,6167.511511429253,1659.2018811623152,150
629,uav_6,6189.199602520224,1646.767564238132,150
630,uav_6,6211.0919104672075,1634.696425712877,150
631,uav_6,6233.182354214315,1622.9918186029688,150
632,uav_6,6255.46479766921,1611.656994112901,150
633,uav_6,6277.93305140755,1600.6951007321468,150
634,uav_6,6300.580874392204,1590.1091833606072,150
635,uav_6,6323.401975706864,1579.9021824628162,150
636,uav_6,6346.390016303451,1570.076933251172,150
637,uav_6,6369.538610762954,1560.636164898389,150
638,uav_6,6392.841329069084,1551.5824997794182,150
639,uav_6,6416.291698394374,1542.9184527430205,150
640,uav_6,6439.883204898126,1534.6464304132203,150
641,uav_6,6463.609295535787,1526.7687305208074,150
642,uav_6,6487.463379879177,1519.2875412651003,150
643,uav_6,6511.4388319471445,1512.2049407061202,150
644,uav_6,6535.528992046046,1505.522896187371,150
645,uav_6,6559.727168619651,1499.2432637893644,150
646,uav_6,6584.026640107833,1493.3677878140552,150
647,uav_6,6608.420656813645,1487.8981003003248,150
648,uav_6,6632.902442778194,1482.8357205706448,150
649,uav_6,6657.465197662789,1478.1820548090568,150
650,uav_6,6682.102098637907,1473.9383956705706,150
651,uav_6,6706.8063022783535,1470.1059219221056,150
652,uav_6,6731.5709464641905,1466.6856981150593,150
653,uav_6,6756.389152286822,1463.6786742896095,150
654,uav_6,6781.25402595977,1461.085685710816,150
655,uav_6,6806.158660733558,1458.9074526366119,150
656,uav_6,6831.096138814221,1457.1445801177335,150
657,uav_6,6856.059533284861,1455.7975578296569,150
658,uav_6,6881.041910029751,1454.866759936578,150
659,uav_6,6906.036329660429,1454.3524449874826,150
660,uav_6,6931.035849443272,1454.2547558443268,150
661,uav_6,6956.033525227972,1454.573719642356,150
662,uav_6,6981.022413376432,1455.309247782566,150
663,uav_6,7005.995572691517,1456.4611359563141,150
664,uav_6,7030.9460663451,1458.0290642020693,150
665,uav_6,7055.866963804935,1460.0125969942899,150
666,uav_6,7080.751342759741,1462.4111833643983,150
667,uav_6,7105.592291042043,1465.2241570538265,150
668,uav_6,7130.382908548151,1468.4507366990808,150
669,uav_6,7155.1163091548315,1472.090026048785,150
670,uav_6,7179.785622632058,1476.1410142126306,150
671,uav_6,7204.383996551383,1480.6025759421761,150
672,uav_6,7228.904598189321,1485.4734719434061,150
673,uav_6,7253.340616425315,1490.752349220974,150
674,uav_6,7277.685263633637,1496.4377414540227,150
675,uav_6,7301.931777568828,1502.52806940349,150
676,uav_6,7326.073423244027,1509.0216413507721,150
677,uav_6,7350.103494801778,1515.9166535676368,150
678,uav_6,7374.0153173767185,1523.2111908172487,150
679,uav_6,7397.80224894966,1530.9032268861629,150
680,uav_6,7421.457682192565,1538.990625147155,150
681,uav_6,7444.975046303854,1547.4711391527082,150
682,uav_6,7468.347808833604,1556.342413259019,150
683,uav_6,7491.569477498063,1565.60198328032,150
684,uav_6,7514.633601983032,1575.2472771733685,150
685,uav_6,7537.533775735563,1585.2756157518784,150
686,uav_6,7560.263637743531,1595.6842134307278,150
687,uav_6,7582.816874302527,1606.470178999709,150
688,uav_6,7605.18722076964,1617.6305164266314,150
689,uav_6,7627.3684633035755,1629.162125689523,150
690,uav_6,7649.354440590705,1641.0618036377393,150
691,uav_6,7671.1390455564815,1653.3262448816972,150
692,uav_6,7692.71622706182,1665.9520427110208,150
693,uav_6,7714.079991583938,1678.9356900408327,150
694,uav_6,7735.224404881164,1692.2735803859123,150
695,uav_6,7756.1435936413245,1705.9620088624845,150
696,uav_6,7776.831747113156,1719.997173217319,150
697,uav_6,7797.283118720392,1734.3751748838995,150
698,uav_6,7817.4920276579705,1749.0920200653213,150
699,uav_6,7837.4528604700245,1764.1436208436667,150
700,uav_6,7857.160072609115,1779.525796315497,150
701,uav_6,7876.6081899763685,1795.2342737532033,150
702,uav_6,7895.79181044201,1811.264689791832,150
703,uav_6,7914.705605345929,1827.6125916411186,150
704,uav_6,7933.344320977821,1844.2734383223283,150
705,uav_6,7951.702780036526,1861.242601929627,150
706,uav_6,7969.775883068127,1878.515368915567,150
707,uav_6,7987.558609882433,1896.0869414003803,150
708,uav_6,8005.046020947454,1913.9524385046986,150
709,uav_6,8022.2332587614455,1932.1068977053085,150
710,uav_6,8039.115549202197,1950.5452762136133,150
711,uav_6,8055.688202853138,1969.2624523763593,150
712,uav_6,8071.946616305929,1988.253227098301,150
713,uav_6,8087.886273439148,2007.5123252863443,150
714,uav_6,8103.502746672755,2027.0343973148322,150
715,uav_6,8118.791698197928,2046.8140205115012,150
716,uav_6,8133.7488811819985,2066.845700663762,150
717,uav_6,8148.370140948086,2087.1238735448146,150
718,uav_6,8162.651416129163,2107.642906459252,150
719,uav_6,8176.588739796172,2128.397099807642,150
720,uav_6,8190.178240559934,2149.38068866973,150
721,uav_6,8203.416143646506,2170.5878444057535,150
722,uav_6,8216.298771945703,2192.012676275479,150
723,uav_6,8228.822547032505,2213.649233074486,150
724,uav_6,8240.98399016102,2235.4915047872264,150
725,uav_6,8252.779723230804,2257.5334242564522,150
726,uav_6,8264.206469725179,2279.76886886848,150
727,uav_6,8275.261055621377,2302.191662253895,150
728,uav_6,8285.94041027217,2324.7955760031537,150
729,uav_6,8296.241567258823,2347.574331396672,150
730,uav_6,8306.161665215075,2370.521601148859,150
731,uav_6,8315.697948621952,2393.631011165672,150
732,uav_6,8324.847768573152,2416.896142315139,150
733,uav_6,8333.60858351086,2440.3105322104293,150
734,uav_6,8341.9779599317,2463.867677004898,150
735,uav_6,8349.953573062707,2487.5610331986913,150
736,uav_6,8357.533207507067,2511.384019456322,150
737,uav_6,8364.714757859509,2535.3300184347872,150
738,uav_6,8371.496229291111,2559.3923786216806,150
739,uav_6,8377.875738103412,2583.564416182777,150
740,uav_6,8383.851512251653,2607.83941681863,150
741,uav_6,8389.421891836992,2632.210637629589,150
742,uav_6,8394.585329567586,2656.6713089888076,150
743,uav_6,8399.340391188378,2681.214636422629,150
744,uav_6,8403.68575587949,2705.833802497918,150
745,uav_6,8407.62021662312,2730.521968715727,150
746,uav_6,8411.142680538798,2755.2722774108556,150
747,uav_6,8414.252169186979,2780.0778536566945,150
748,uav_6,8416.947818840808,2804.931807174902,150
749,uav_6,8419.228880726048,2829.827234249307,150
750,uav_6,8421.094721229067,2854.7572196435813,150
751,uav_6,8422.54482207283,2879.714838522079,150
752,uav_6,8423.578780460875,2904.6931583733635,150
753,uav_6,8424.196309189183,2929.6852409358703,150
754,uav_6,8424.39723672597,2954.6841441251354,150
755,uav_6,8424.181507259322,2979.6829239621325,150
756,uav_6,8423.549180712704,3004.674636502087,150
757,uav_6,8422.500432728311,3029.652339763329,150
758,uav_6,8421.035554618287,3054.6090956555536,150
759,uav_6,8419.1549532838,3079.5379719070443,150
760,uav_6,8416.859151102013,3104.4320439902413,150
761,uav_6,8414.148785780995,3129.2843970451945,150
762,uav_6,8411.024610182576,3154.0881278002953,150
763,uav_6,8407.48749211322,3178.8363464898266,150
764,uav_6,8403.53841408298,3203.522178767722,150
765,uav_6,8399.178473032583,3228.138767617083,150
766,uav_6,8394.408880028734,3252.6792752548454,150
767,uav_6,8389.230959927707,3277.136885031123,150
768,uav_6,8383.64615100735,3301.5048033226903,150
769,uav_6,8377.656004567561,3325.7762614200356,150
770,uav_6,8371.26218449939,3349.944517407535,150
771,uav_6,8364.46646682286,3374.002858036144,150
772,uav_6,8357.270739193622,3397.944600588165,150
773,uav_6,8349.677000378644,3421.7630947334965,150
774,uav_6,8341.687359700987,3445.4517243769214,150
775,uav_6,8333.304036453914,3469.0039094958524,150
776,uav_6,8324.52935928442,3492.413107968089,150
777,uav_6,8315.36576554641,3515.6728173890174,150
778,uav_6,8305.815800623666,3538.776576877806,150
779,uav_6,8295.882117222818,3561.717968872038,150
780,uav_6,8285.56747463649,3584.4906209103438,150
781,uav_6,8274.874737976857,3607.088207402471,150
782,uav_6,8263.806877379795,3629.504451386361,150
783,uav_6,8252.366967179854,3651.733126271714,150
784,uav_6,8240.558185056314,3673.768057569543,150
785,uav_6,8228.383811150497,3695.6031246072876,150
786,uav_6,8215.847227154656,3717.2322622289425,150
787,uav_6,8202.95191537262,3738.649462479804,150
788,uav_6,8189.701457752524,3759.8487762752875,150
789,uav_6,8176.09953489184,3780.8243150534317,150
790,uav_6,8162.149925015017,3801.570252410556,150
791,uav_6,8147.856502923987,3822.080825719683,150
792,uav_6,8133.223238921872,3842.3503377312168,150
793,uav_6,8118.254197710134,3862.3731581554903,150
794,uav_6,8102.953537259528,3882.143725226684,150
795,uav_6,8087.325507655128,3901.65654724774,150
796,uav_6,8071.37444991578,3920.906204115784,150
797,uav_6,8055.104794788294,3939.887348827681,150
798,uav_6,8038.5210615167,3958.5947089652855,150
799,uav_6,8021.627856586943,3977.023088159955,150
800,uav_6,8004.429872447321,3995.167367535966,150
801,uav_6,7986.931886205073,4013.0225071323785,150
802,uav_6,7969.138758299416,4030.5835473030056,150
803,uav_6,7951.055431151474,4047.8456100940452,150
804,uav_6,7932.686927791398,4064.803900599055,150
805,uav_6,7914.038350463127,4081.453708290821,150
806,uav_6,7895.114879207116,4097.7904083298245,150
807,uav_6,7875.921770421486,4113.8094628488725,150
808,uav_6,7856.464355401927,4129.506422213604,150
809,uav_6,7836.748038860837,4144.876926258459,150
810,uav_6,7816.7782974260335,4159.916705497813,150
811,uav_6,7796.560678119511,4174.621582311916,150
812,uav_6,7776.100796816636,4188.987472107316,150
813,uav_6,7755.404336686208,4203.0103844514415,150
814,uav_6,7734.477046611858,4216.686424181031,150
815,uav_6,7713.32473959515,4230.011792484098,150
816,uav_6,7691.95329114092,4242.982787955126,150
817,uav_6,7670.368637625202,4255.595807623224,150
818,uav_6,7648.5767746463,4267.847347952916,150
819,uav_6,7626.583755359361,4279.734005817335,150
820,uav_6,7604.395688794998,4291.252479443502,150
821,uav_6,7582.018738162362,4302.399569329477,150
822,uav_6,7559.459119137195,4313.172179133075,150
823,uav_6,7536.723098135271,4323.567316531954,150
824,uav_6,7513.816990571797,4333.582094054786,150
825,uav_6,7490.747159107136,4343.213729883323,150
826,uav_6,7467.52001187947,4352.459548625098,150
827,uav_6,7444.1420007247925,4361.316982056577,150
828,uav_6,7420.619619384766,4369.78356983654,150
829,uav_6,7396.959401702964,4377.856960189485,150
830,uav_6,7373.1679198099355,4385.534910558895,150
831,uav_6,7349.251782297677,4392.815288230146,150
832,uav_6,7325.217632383935,4399.696070922921,150
833,uav_6,7301.072146066929,4406.175347352936,150
834,uav_6,7276.822030270931,4412.251317762846,150
835,uav_6,7252.474020983294,4417.92229442216,150
836,uav_6,7228.034881383372,4423.186702096049,150
837,uav_6,7203.5113999639125,4428.043078482897,150
838,uav_6,7178.910388645398,4432.490074620489,150
839,uav_6,7154.2386808839055,4436.526455260717,150
840,uav_6,7129.5031297729465,4440.151099212688,150
841,uav_6,7104.7106061398945,4443.362999654166,150
842,uav_6,7079.867996637456,4446.161264411237,150
843,uav_6,7054.982201830751,4448.54511620613,150
844,uav_6,7030.060134280549,4450.513892873116,150
845,uav_6,7005.108716623138,4452.067047542447,150
846,uav_6,6980.134879647436,4453.204148792259,150
847,uav_6,6955.145560369792,4453.924880768403,150
848,uav_6,6930.14770010711,4454.229043272189,150
849,uav_6,6905.148242548721,4454.116551815987,150
850,uav_6,6880.1541318276495,4453.5874376467,150
851,uav_6,6855.1723105917135,4452.641847737084,150
852,uav_6,6830.209718075073,4451.280044744924,150
853,uav_6,6805.273288170691,4449.502406940072,150
854,uav_6,6780.369947504315,4447.309428099377,150
855,uav_6,6755.506613510443,4444.701717369526,150
856,uav_6,6730.6901925108705,4441.679999097844,150
857,uav_6,6705.927577796309,4438.245112631089,150
858,uav_6,6681.225647711619,4434.398012082302,150
859,uav_6,6656.591263745216,4430.13976606579,150
860,uav_6,6632.031268623133,4425.471557400287,150
861,uav_6,6607.552484408321,4420.394682780406,150
862,uav_6,6583.16171060566,4414.910552416452,150
863,uav_6,6558.865722273267,4409.02068964271,150
864,uav_6,6534.6712681405625,4402.726730494298,150
865,uav_6,6510.585068733684,4396.030423252734,150
866,uav_6,6486.613814508702,4388.933627960305,150
867,uav_6,6462.764163993212,4381.438315903404,150
868,uav_6,6439.04274193678,4373.546569064963,150
869,uav_6,6415.456137470786,4365.260579546139,150
870,uav_6,6392.010902278138,4356.5826489574065,150
871,uav_6,6368.713548773418,4347.515187779243,150
872,uav_6,6345.57054829391,4338.060714692561,150
873,uav_6,6322.588329302045,4328.221855879091,150
874,uav_6,6299.773275599773,4318.001344291908,150
875,uav_6,6277.1317245553055,4307.4020188962895,150
876,uav_6,6254.669965342798,4296.426823881138,150
877,uav_6,6232.394237195374,4285.078807841163,150
878,uav_6,6210.310727672072,4273.361122930078,150
879,uav_6,6188.425570939089,4261.277023985009,150
880,uav_6,6166.744846065913,4248.829867622411,150
881,uav_6,6145.274575336709,4236.023111305681,150
882,uav_6,6124.020722577519,4222.860312384783,150
883,uav_6,6102.989191499666,4209.345127108114,150
884,uav_6,6082.185824059888,4195.481309606903,150
885,uav_6,6061.616398837592,4181.272710852423,150
886,uav_6,6041.286629429748,4166.723277586301,150
887,uav_6,6021.202162863809,4151.837051224226,150
888,uav_6,6001.368578029114,4136.618166733357,150
889,uav_6,5981.791384127264,4121.0708514837515,150
890,uav_6,5962.476019141786,4105.199424074119,150
891,uav_6,5943.427848327653,4089.008293132245,150
892,uav_6,5924.652162720939,4072.501956090392,150
893,uav_6,5906.154177669145,4055.6849979360495,150
894,uav_6,5887.939031382507,4038.562089938346,150
895,uav_6,5870.011783506763,4021.1379883505188,150
896,uav_6,5852.377413717713,4003.417533088746,150
897,uav_6,5835.040820338027,3985.4056463877732,150
898,uav_6,5818.006818976608,3967.107331433641,150
899,uav_6,5801.280141190978,3948.5276709739614,150
900,uav_6,5784.865433172964,3929.671825906057,150
901,uav_6,5768.76725445814,3910.54503384343,150
902,uav_6,5752.990076659305,3891.15260766089,150
903,uav_6,5737.538282224396,3871.4999340187933,150
904,uav_6,5722.416163219185,3851.5924718667875,150
905,uav_6,5707.627920135046,3831.435750927463,150
906,uav_6,5693.177660722194,3811.035370160365,150
907,uav_6,5679.069398848658,3790.3969962067517,150
908,uav_6,5665.30705338536,3769.526361815576,150
909,uav_6,5651.894447117543,3748.4292642510786,150
910,uav_6,5638.835305682929,3727.1115636824884,150
911,uav_6,5626.133256536837,3705.5791815562197,150
912,uav_6,5613.791827944576,3683.8380989510815,150
913,uav_6,5601.8144480014,3661.8943549168876,150
914,uav_6,5590.20444368028,3639.754044796998,150
915,uav_6,5578.965039907763,3617.4233185351914,150
916,uav_6,5568.099358668183,3594.9083789674,150
917,uav_6,5557.610418136466,3572.215480098737,150
918,uav_6,5547.501131839756,3549.3509253663,150
919,uav_6,5537.774307848136,3526.3210658882804,150
920,uav_6,5528.432647994614,3503.132298699779,150
921,uav_6,5519.47874712464,3479.791064975916,150
922,uav_6,5510.915092375325,3456.3038482426387,150
923,uav_6,5502.744062484592,3432.677172575799,150
924,uav_6,5494.967927130426,3408.9176007889355,150
925,uav_6,5487.588846300425,3385.0317326103323,150
926,uav_6,5480.608869691816,3361.0262028497814,150
927,uav_6,5474.02993614211,3336.907679555644,150
928,uav_6,5467.853873090547,3312.682862162637,150
929,uav_6,5462.082396070483,3288.358479630943,150
930,uav_6,5456.71710823287,3263.941288577077,150
931,uav_6,5451.759499900941,3239.4380713971104,150
932,uav_6,5447.210948156246,3214.8556343827067,150
933,uav_6,5443.07271645613,3190.2008058305223,150
934,uav_6,5439.345954282794,3165.4804341455197,150
935,uav_6,5436.031696823988,3140.701385938654,150
936,uav_6,5433.130864685473,3115.8705441195484,150
937,uav_6,5430.644263635302,3090.994805984596,150
938,uav_6,5428.572584380001,3066.0810813011117,150
939,uav_6,5426.916402372707,3041.1362903879744,150
940,uav_6,5425.676177653331,3016.1673621933815,150
941,uav_6,5424.852254720763,2991.181232370165,150
942,uav_6,5424.444862437186,2966.184841349288,150
943,uav_6,5424.454113964505,2941.185132411969,150
944,uav_6,5424.880006732911,2916.1890497610593,150
945,uav_6,5425.722422441595,2891.203536592121,150
946,uav_6,5426.98112709161,2866.235533164825,150
947,uav_6,5428.65577105087,2841.2919748751383,150
948,uav_6,5430.745889151263,2816.3797903288596,150
949,uav_6,5433.2509008178695,2791.505899417073,150
950,uav_6,5436.170110230222,2766.6772113939764,150
951,uav_6,5439.502706515587,2741.900622957711,150
952,uav_6,5443.247763974204,2717.1830163346362,150
953,uav_6,5447.4042423364135,2692.5312573676624,150
954,uav_6,5451.97098705162,2667.9521936090982,150
955,uav_6,5456.946729608987,2643.4526524186167,150
956,uav_6,5462.330087889801,2619.03943906679,150
957,uav_6,5468.119566551373,2594.719334844799,150
958,uav_6,5474.313557442416,2570.499095180768,150
959,uav_6,5480.91034004973,2546.3854477633167,150
960,uav_6,5487.908081976119,2522.3850906727844,150
961,uav_6,5495.304839449376,2498.504690520712,150
962,uav_6,5503.098557862211,2474.750880598028,150
963,uav_6,5511.287072342953,2451.1302590325404,150
964,uav_6,5519.868108356899,2427.649386956132,150
965,uav_6,5528.839282338111,2404.3147866822865,150
966,uav_6,5538.198102351502,2381.1329398943685,150
967,uav_6,5547.941968785019,2358.1102858452136,150
968,uav_6,5558.068175071752,2335.253219568462,150
969,uav_6,5568.573908441735,2312.5680901022206,150
970,uav_6,5579.456250703249,2290.0611987254706,150
971,uav_6,5590.712179053414,2267.7387972077745,150
972,uav_6,5602.338566917844,2245.607086072683,150
973,uav_6,5614.332184819112,2223.6722128754272,150
974,uav_6,5626.68970127381,2201.940270495294,150
975,uav_6,5639.407683717933,2180.417295443218,150
976,uav_6,5652.482599460358,2159.1092661849834,150
977,uav_6,5665.91081666412,2138.022101480592,150
978,uav_6,5679.6886053552225,2117.161658740213,150
979,uav_6,5693.812138458734,2096.5337323971385,150
980,uav_6,5708.277492861827,2076.1440522982703,150
981,uav_6,5723.080650503519,2055.9982821125263,150
982,uav_6,5738.217499490751,2036.102017757653,150
983,uav_6,5753.683835240583,2016.4607858458107,150
984,uav_6,5769.475361648088,1997.080042148461,150
985,uav_6,5785.587692279696,1977.9651700808972,150
986,uav_6,5802.016351591603,1959.1214792069052,150
987,uav_6,5818.756776172974,1940.554203763892,150
988,uav_6,5835.80431601351,1922.2685012089823,150
989,uav_6,5853.1542357950975,1904.2694507864167,150
990,uav_6,5870.8017162071255,1886.5620521166975,150
991,uav_6,5888.74185528518,1869.1512238078155,150
992,uav_6,5906.969669772652,1852.0418020890124,150
993,uav_6,5925.480096504938,1835.238539467427,150
994,uav_6,5944.267993815859,1818.7461034079606,150
995,uav_6,5963.328142965856,1802.569075036806,150
996,uav_6,5982.655249591617,1786.7119478689344,150
997,uav_6,6002.243945176675,1771.1791265599377,150
998,uav_6,6022.088788542661,1755.9749256825226,150
999,uav_6,6042.184267360685,1741.1035685280592,150
1000,uav_6,6062.524799682518,1726.5691859334645,150
1,uav_7,8534.757729813027,4009.68872055168,150
2,uav_7,8534.132802148177,4034.680619198143,150
3,uav_7,8533.091448916322,4059.65863184903,150
4,uav_7,8531.633959375557,4084.615820328102,150
5,uav_7,8529.760738374713,4109.545252243478,150
6,uav_7,8527.472306240912,4134.440002913255,150
7,uav_7,8524.769298635034,4159.293157288986,150
8,uav_7,8521.652466375142,4184.097811876483,150
9,uav_7,8518.122675227936,4208.847076653411,150
10,uav_7,8514.180905668261,4233.5340769831355,150
11,uav_7,8509.828252606758,4258.1519555243,150
12,uav_7,8505.065925085735,4282.693874135604,150
13,uav_7,8499.895245943328,4307.153015775238,150
14,uav_7,8494.31765144605,4331.522586394461,150
15,uav_7,8488.33469088984,4355.795816824797,150
16,uav_7,8481.948026169719,4379.965964658315,150
17,uav_7,8475.159431318152,4404.026316120475,150
18,uav_7,8467.970792012282,4427.970187935022,150
19,uav_7,8460.384105050138,4451.790929180411,150
20,uav_7,8452.40147779598,4475.481923137241,150
21,uav_7,8444.025127594941,4499.03658912619,150
22,uav_7,8435.257381157107,4522.4483843359385,150
23,uav_7,8426.100673911224,4545.710805640578,150
24,uav_7,8416.557549328201,4568.817391405988,150
25,uav_7,8406.630658214619,4591.7617232847,150
26,uav_7,8396.3227579764,4614.537427998721,150
27,uav_7,8385.636711852889,4637.138179109857,150
28,uav_7,8374.575488121518,4659.557698777012,150
29,uav_7,8363.142159273311,4681.789759499989,150
30,uav_7,8351.339901159434,4703.828185849317,150
31,uav_7,8339.171992109026,4725.666856181606,150
32,uav_7,8326.64181201859,4747.299704339965,150
33,uav_7,8313.752841413132,4768.720721339001,150
34,uav_7,8300.508660479392,4789.923957033954,150
35,uav_7,8286.91294807136,4810.903521773467,150
36,uav_7,8272.96948068839,4831.653588035566,150
37,uav_7,8258.682131426216,4852.168392046377,150
38,uav_7,8244.054868901098,4872.442235381142,150
39,uav_7,8229.091756147458,4892.469486547072,150
40,uav_7,8213.796949489297,4912.244582547618,150
41,uav_7,8198.174697385672,4931.762030427712,150
42,uav_7,8182.229339250606,4951.016408799549,150
43,uav_7,8165.965304247721,4970.002369348499,150
44,uav_7,8149.38711005994,4988.714638318712,150
45,uav_7,8132.4993616346055,5007.148017978014,150
46,uav_7,8115.306749904358,5025.297388061693,150
47,uav_7,8097.814050484132,5043.1577071947595,150
48,uav_7,8080.026122344621,5060.7240142922965,150
49,uav_7,8061.9479064626,5077.991429937505,150
50,uav_7,8043.584424448459,5094.9551577370685,150
51,uav_7,8024.940777151347,5111.610485653451,150
52,uav_7,8006.022143242302,5127.952787313772,150
53,uav_7,7986.833777775764,5143.977523294871,150
54,uav_7,7967.3810107298705,5159.680242384238,150
55,uav_7,7947.669245525942,5175.056582816425,150
56,uav_7,7927.703957527566,5190.102273484629,150
57,uav_7,7907.490692519699,5204.813135127073,150
58,uav_7,7887.0350651682065,5219.185081487892,150
59,uav_7,7866.342757460267,5233.214120452173,150
60,uav_7,7845.4195171260835,5246.896355154857,150
61,uav_7,7824.271156042321,5260.227985063169,150
62,uav_7,7802.903548617744,5273.205307032301,150
63,uav_7,7781.322630161464,5285.824716334038,150
64,uav_7,7759.534395234288,5298.082707658051,150
65,uav_7,7737.544895983599,5309.9758760855675,150
66,uav_7,7715.36024046224,5321.500918035166,150
67,uav_7,7692.986590931875,5332.654632180408,150
68,uav_7,7670.4301621512905,5343.433920339085,150
69,uav_7,7647.69721965011,5353.835788333794,150
70,uav_7,7624.79407798841,5363.8573468236455,150
71,uav_7,7601.727099002721,5373.495812106828,150
72,uav_7,7578.502690038884,5382.748506893852,150
73,uav_7,7555.127302172279,5391.612861051213,150
74,uav_7,7531.6074284158985,5400.086412315312,150
75,uav_7,7507.949601916776,5408.166806976392,150
76,uav_7,7484.160394141266,5415.851800532338,150
77,uav_7,7460.246413049672,5423.139258312131,150
78,uav_7,7436.214301260755,5430.027156068802,150
79,uav_7,7412.070734206596,5436.5135805417085,150
80,uav_7,7387.822418278358,5442.596729987981,150
81,uav_7,7363.476088963436,5448.274914683001,150
82,uav_7,7339.03850897454,5453.546557389751,150
83,uav_7,7314.516466371198,5458.410193796932,150
84,uav_7,7289.916772674235,5462.864472925703,150
85,uav_7,7265.246260973726,5466.908157504948,150
86,uav_7,7240.511784030957,5470.54012431495,150
87,uav_7,7215.720212374924,5473.759364499396,150
88,uav_7,7190.8784323939,5476.564983845597,150
89,uav_7,7165.993344422593,5478.956203032889,150
90,uav_7,7141.071860825428,5480.932357849094,150
91,uav_7,7116.120904076493,5482.492899375026,150
92,uav_7,7091.147404836674,5483.637394136962,150
93,uav_7,7066.158300028513,5484.365524227048,150
94,uav_7,7041.160530909332,5484.677087391609,150
95,uav_7,7016.161041143153,5484.571997087325,150
96,uav_7,6991.16677487194,5484.05028250527,150
97,uav_7,6966.184674786726,5483.112088562808,150
98,uav_7,6941.221680199119,5481.757675863335,150
99,uav_7,6916.284725113773,5479.987420623891,150
100,uav_7,6891.380736302311,5477.80181457066,150
101,uav_7,6866.51663137927,5475.201464802381,150
102,uav_7,6841.699316880587,5472.187093621716,150
103,uav_7,6816.9356863451585,5468.759538334607,150
104,uav_7,6792.232618400016,5464.919751017709,150
105,uav_7,6767.596974849635,5460.668798253918,150
106,uav_7,6743.035598769931,5456.007860836114,150
107,uav_7,6718.555312607439,5450.938233439165,150
108,uav_7,6694.162916284243,5445.461324260305,150
109,uav_7,6669.865185309144,5439.5786546279805,150
110,uav_7,6645.668868895624,5433.291858579262,150
111,uav_7,6621.580688087104,5426.602682405963,150
112,uav_7,6597.607333890035,5419.5129841695625,150
113,uav_7,6573.755465415322,5412.024733185097,150
114,uav_7,6550.031708028619,5404.140009474135,150
115,uav_7,6526.442651509989,5395.861003187007,150
116,uav_7,6502.994848223458,5387.190013994449,150
117,uav_7,6479.694811296944,5378.129450448816,150
118,uav_7,6456.549012813109,5368.681829315056,150
119,uav_7,6433.563882011594,5358.8497748716245,150
120,uav_7,6410.7458035031605,5348.636018181535,150
121,uav_7,6388.101115496231,5338.043396333751,150
122,uav_7,6365.636108036311,5327.0748516551175,150
123,uav_7,6343.357021258805,5315.733430893076,150
124,uav_7,6321.270043655671,5304.0222843693555,150
125,uav_7,6299.381310356448,5291.944665104911,150
126,uav_7,6277.696901424088,5279.503927916323,150
127,uav_7,6256.222840166083,5266.703528483929,150
128,uav_7,6234.965091461373,5253.547022391931,150
129,uav_7,6213.929560103467,5240.038064140759,150
130,uav_7,6193.122089160262,5226.1804061319535,150
131,uav_7,6172.548458351005,5211.977897625857,150
132,uav_7,6152.214382440855,5197.434483672398,150
133,uav_7,6132.125509653485,5182.554204015273,150
134,uav_7,6112.287420102164,5167.341191969819,150
135,uav_7,6092.705624239765,5151.799673274894,150
136,uav_7,6073.385561328117,5135.933964919094,150
137,uav_7,6054.332597927133,5119.748473941613,150
138,uav_7,6035.552026404138,5103.247696208093,150
139,uav_7,6017.0490634637945,5086.436215161805,150
140,uav_7,5998.828848699059,5069.3187005505,150
141,uav_7,5980.896443163543,5051.899907129279,150
142,uav_7,5963.256827965701,5034.184673339871,150
143,uav_7,5945.914902885221,5016.177919966639,150
144,uav_7,5928.875485012006,4997.884648769739,150
145,uav_7,5912.143307408124,4979.309941095767,150
146,uav_7,5895.723017793101,4960.458956466307,150
147,uav_7,5879.619177252913,4941.336931144768,150
148,uav_7,5863.836258973051,4921.9491766818965,150
149,uav_7,5848.378646996001,4902.30107844038,150
150,uav_7,5833.250635003473,4882.398094098948,150
151,uav_7,5818.456425123748,4862.245752136386,150
152,uav_7,5804.000126764444,4841.849650295883,150
153,uav_7,5789.885755471041,4821.215454030138,150
154,uav_7,5776.117231811475,4800.348894927656,150
155,uav_7,5762.698380287121,4779.255769120686,150
156,uav_7,5749.632928270453,4757.941935675209,150
157,uav_7,5736.924504969687,4736.41331496347,150
158,uav_7,5724.576640420692,4714.67588701946,150
159,uav_7,5712.592764506445,4692.735689877836,150
160,uav_7,5700.976206004312,4670.598817896731,150
161,uav_7,5689.730191661403,4648.271420064908,150
162,uav_7,5678.857845298282,4625.7596982937575,150
163,uav_7,5668.36218694125,4603.069905694577,150
164,uav_7,5658.246131983476,4580.208344841638,150
165,uav_7,5648.5124903751785,4557.18136602151,150
166,uav_7,5639.163965843107,4533.995365469137,150
167,uav_7,5630.203155139521,4510.656783591143,150
168,uav_7,5621.632547320887,4487.17210317687,150
169,uav_7,5613.454523056489,4463.54784759765,150
170,uav_7,5605.67135396715,4439.790578994796,150
171,uav_7,5598.285201994238,4415.906896456829,150
172,uav_7,5591.298118799143,4391.903434186436,150
173,uav_7,5584.712045193378,4367.786859657685,150
174,uav_7,5578.528810599488,4343.563871763986,150
175,uav_7,5572.750132542878,4319.241198957335,150
176,uav_7,5567.377616174743,4294.825597379338,150
177,uav_7,5562.412753826193,4270.3238489845535,150
178,uav_7,5557.856924593734,4245.742759656657,150
179,uav_7,5553.711393956195,4221.08915731796,150
180,uav_7,5549.9773134232055,4196.369890032814,150
181,uav_7,5546.65572021535,4171.591824105407,150
182,uav_7,5543.747536976049,4146.76184217251,150
183,uav_7,5541.253571515282,4121.886841291668,150
184,uav_7,5539.174516585195,4096.973731025403,150
185,uav_7,5537.510949687679,4072.0294315219326,150
186,uav_7,5536.263332913954,4047.0608715929484,150
187,uav_7,5535.432012816212,4022.0749867889945,150
188,uav_7,5535.017220311356,3997.078717472969,150
189,uav_7,5535.0190706168605,3972.0790068922897,150
190,uav_7,5535.437563218764,3947.082799250259,150
191,uav_7,5536.27258187181,3922.097037777163,150
192,uav_7,5537.523894631744,3897.1286628016423,150
193,uav_7,5539.191153919734,3872.1846098228666,150
194,uav_7,5541.273896618919,3847.2718075840507,150
195,uav_7,5543.771544203055,3822.39717614785,150
196,uav_7,5546.6834028972025,3797.5676249741646,150
197,uav_7,5550.008663870451,3772.7900510008885,150
198,uav_7,5553.746403460576,3748.07133672814,150
199,uav_7,5557.895583430615,3723.418348306498,150
200,uav_7,5562.455051257255,3698.8379336297844,150
201,uav_7,5567.423540450973,3674.336920432913,150
202,uav_7,5572.799670907828,3649.9221143953414,150
203,uav_7,5578.581949292818,3625.6002972506494,150
204,uav_7,5584.768769454682,3601.378224902766,150
205,uav_7,5591.358412872047,3577.262625549373,150
206,uav_7,5598.349049130777,3553.2601978130065,150
207,uav_7,5605.738736432417,3529.3776088803684,150
208,uav_7,5613.525422133566,3505.6214926503767,150
209,uav_7,5621.706943316042,3481.9984478914544,150
210,uav_7,5630.281027387679,3458.515036408583,150
211,uav_7,5639.245292713589,3435.177781220621,150
212,uav_7,5648.597249277708,3411.9931647483954,150
213,uav_7,5658.33429937446,3388.9676270140726,150
214,uav_7,5668.453738330314,3366.1075638523025,150
215,uav_7,5678.952755255072,3343.41932513364,150
216,uav_7,5689.828433822653,3320.909213000734,150
217,uav_7,5701.077753081164,3298.58348011777,150
218,uav_7,5712.697588292031,3276.448327933661,150
219,uav_7,5724.684711797967,3254.5099049594637,150
220,uav_7,5737.03579391952,3232.7743050604954,150
221,uav_7,5749.747403879962,3211.247565763636,150
222,uav_7,5762.816010758262,3189.9356665802725,150
223,uav_7,5776.237984469873,3168.8445273453667,150
224,uav_7,5790.009596775067,3147.980006573089,150
225,uav_7,5804.127022314533,3127.347899829497,150
226,uav_7,5818.5863396719515,3106.9539381226873,150
227,uav_7,5833.383532463251,3086.8037863108907,150
228,uav_7,5848.5144904522485,3066.9030415289344,150
229,uav_7,5863.975010692348,3047.257231633517,150
230,uav_7,5879.760798694006,3027.871813667735,150
231,uav_7,5895.867469617612,3008.7521723452614,150
232,uav_7,5912.290549491476,2989.9036185546374,150
233,uav_7,5929.025476454565,2971.3313878840527,150
234,uav_7,5946.067602023663,2953.040639167052,150
235,uav_7,5963.412192384581,2935.036453049559,150
236,uav_7,5981.054429707077,2917.323830578618,150
237,uav_7,5998.989413483112,2899.907691813244,150
238,uav_7,6017.21216188807,2882.7928744577775,150
239,uav_7,6035.717613164566,2865.9841325181023,150
240,uav_7,6054.500627028456,2849.4861349811204,150
241,uav_7,6073.555986096665,2833.303464517844,150
242,uav_7,6092.878397336421,2817.440616210459,150
243,uav_7,6112.462493535512,2801.90199630372,150
244,uav_7,6132.302834793141,2786.6919209810208,150
245,uav_7,6152.393910030976,2771.8146151654837,150
246,uav_7,6172.73013852397,2757.2742113463974,150
247,uav_7,6193.305871450525,2743.074748431327,150
248,uav_7,6214.115393461575,2729.220170624225,150
249,uav_7,6235.152924268143,2715.714326329843,150
250,uav_7,6256.4126202469415,2702.5609670847525,150
251,uav_7,6277.888576063566,2689.76374651528,150
252,uav_7,6299.574826312824,2677.32621932263,150
253,uav_7,6321.4653471757565,2665.2518402954956,150
254,uav_7,6343.554058092877,2653.5439633504116,150
255,uav_7,6365.834823453184,2642.205840600137,150
256,uav_7,6388.301454298455,2631.2406214503108,150
257,uav_7,6410.947710042356,2620.6513517246335,150
258,uav_7,6433.767300203911,2610.4409728188302,150
259,uav_7,6456.753886154801,2600.6123208836107,150
260,uav_7,6479.9010828800665,2591.1681260368696,150
261,uav_7,6503.202460751676,2582.1110116053387,150
262,uav_7,6526.651547314492,2573.4434933959014,150
263,uav_7,6550.241829084136,2565.1679789967716,150
264,uav_7,6573.966753356245,2557.2867671087383,150
265,uav_7,6597.819730026627,2549.8020469066505,150
266,uav_7,6621.794133421805,2542.715897431325,150
267,uav_7,6645.883304139435,2536.030287012054,150
268,uav_7,6670.080550898098,2529.747072719854,150
269,uav_7,6694.379152395951,2523.867999851627,150
270,uav_7,6718.772359177704,2518.394701445367,150
271,uav_7,6743.253395509434,2513.32869782655,150
272,uav_7,6767.815461260684,2508.671396185829,150
273,uav_7,6792.451733793344,2504.4240901881576,150
274,uav_7,6817.155369856789,2500.5879596134473,150
275,uav_7,6841.919507488734,2497.164070028859,150
276,uav_7,6866.737267921291,2494.153372492816,150
277,uav_7,6891.601757491698,2491.556703290831,150
278,uav_7,6916.506069557173,2489.374783703209,150
279,uav_7,6941.443286413386,2487.6082198046934,150
280,uav_7,6966.406481216003,2486.25750229612,150
281,uav_7,6991.388719904758,2485.3230063681112,150
282,uav_7,7016.383063129538,2484.8049915968613,150
283,uav_7,7041.38256817794,2484.7036018720305,150
284,uav_7,7066.380290903751,2485.0188653567793,150
285,uav_7,7091.369287655839,2485.7506944799457,150
286,uav_7,7116.342617206895,2486.898885960367,150
287,uav_7,7141.293342681511,2488.4631208633477,150
288,uav_7,7166.214533483043,2490.4429646892513,150
289,uav_7,7191.099267218735,2492.83786749419,150
290,uav_7,7215.940631622556,2495.6471640427835,150
291,uav_7,7240.731726475235,2498.8700739929427,150
292,uav_7,7265.465665520941,2502.5057021126277,150
293,uav_7,7290.135578380091,2506.553038528515,150
294,uav_7,7314.734612457737,2511.010959006514,150
295,uav_7,7339.255934847031,2515.8782252640444,150
296,uav_7,7363.692734227202,2521.1534853139983,150
297,uav_7,7388.03822275555,2526.8352738402814,150
298,uav_7,7412.285637952916,2532.9220126048367,150
299,uav_7,7436.428244582097,2539.4120108860348,150
300,uav_7,7460.459336518713,2546.3034659483046,150
301,uav_7,7484.372238613966,2553.5944635428864,150
302,uav_7,7508.160308548812,2561.282978439551,150
303,uav_7,7531.816938679004,2569.3668749891526,150
304,uav_7,7555.335557870506,2577.843907716852,150
305,uav_7,7578.709633324767,2586.7117219458423,150
306,uav_7,7601.932672393345,2595.9678544514136,150
307,uav_7,7624.998224381376,2605.609734145165,150
308,uav_7,7647.8998823393995,2615.634682789178,150
309,uav_7,7670.631284843016,2626.039915739956,150
310,uav_7,7693.186117759915,2636.822542721918,150
311,uav_7,7715.558116003758,2647.979568630235,150
312,uav_7,7737.741065274439,2659.507894362783,150
313,uav_7,7759.728803784243,2671.4043176809846,150
314,uav_7,7781.515223969408,2683.665534099302,150
315,uav_7,7803.094274186635,2696.2881378031243,150
316,uav_7,7824.459960394061,2709.268622594808,150
317,uav_7,7845.606347816233,2722.603382867598,150
318,uav_7,7866.527562592615,2736.2887146071607,150
319,uav_7,7887.217793409181,2750.3208164204534,150
320,uav_7,7907.671293112629,2764.6957905916424,150
321,uav_7,7927.882380306783,2779.409644164779,150
322,uav_7,7947.84544093071,2794.458290052924,150
323,uav_7,7967.554929818156,2809.8375481734274,150
324,uav_7,7987.005372237826,2825.5431466090317,150
325,uav_7,8006.191365414115,2841.570722794492,150
326,uav_7,8025.10758002784,2857.9158247283704,150
327,uav_7,8043.748761696573,2874.573912209671,150
328,uav_7,8062.109732434155,2891.5403580989837,150
329,uav_7,8080.185392089001,2908.8104496037663,150
330,uav_7,8097.970719760764,2926.3793895874246,150
331,uav_7,8115.460775195006,2944.2422979018206,150
332,uav_7,8132.6507001554555,2962.3942127428354,150
333,uav_7,8149.535719773488,2980.8300920286197,150
334,uav_7,8166.111143874448,2999.544814800135,150
335,uav_7,8182.372368280441,3018.533182643615,150
336,uav_7,8198.314876089247,3037.7899211345302,150
337,uav_7,8213.934238928987,3057.3096813026764,150
338,uav_7,8229.226118188191,3077.087041117964,150
339,uav_7,8244.186266220948,3097.1165069964986,150
340,uav_7,8258.810527526774,3117.392515326549,150
341,uav_7,8273.094839904896,3137.9094340139536,150
342,uav_7,8287.035235582614,3158.661564046556,150
343,uav_7,8300.62784231743,3179.6431410772275,150
344,uav_7,8313.868884472653,3200.8483370250365,150
345,uav_7,8326.754684066154,3222.2712616941253,150
346,uav_7,8339.281661792018,3243.9059644098343,150
347,uav_7,8351.446338014754,3265.746435671631,150
348,uav_7,8363.245333735853,3287.7866088223764,150
349,uav_7,8374.67537153237,3310.020361733469,150
350,uav_7,8385.733276467303,3332.4415185053967,150
351,uav_7,8396.415976971493,3355.043851183223,150
352,uav_7,8406.720505696823,3377.821081486537,150
353,uav_7,8416.644000340464,3400.766882553379,150
354,uav_7,8426.183704439927,3423.8748806976587,150
355,uav_7,8435.336968138752,3447.138657179587,150
356,uav_7,8444.101248922543,3470.551749988617,150
357,uav_7,8452.474112325215,3494.1076556384014,150
358,uav_7,8460.453232605214,3517.7998309732807,150
359,uav_7,8468.036393391547,3541.6216949857794,150
360,uav_7,8475.221488299423,3565.5666306446237,150
361,uav_7,8482.006521515343,3589.627986732763,150
362,uav_7,8488.389608351486,3613.799079694886,150
363,uav_7,8494.36897576922,3638.0731954939242,150
364,uav_7,8499.942962871597,3662.4435914760147,150
365,uav_7,8505.110021364708,3686.9034982434196,150
366,uav_7,8509.86871598775,3711.446121534869,150
367,uav_7,8514.217724911705,3736.0646441128124,150
368,uav_7,8518.155840106503,3760.7522276570544,150
369,uav_7,8521.681967676577,3785.5020146642373,150
370,uav_7,8524.79512816472,3810.307130352668,150
371,uav_7,8527.494456824148,3835.1606845719293,150
372,uav_7,8529.7792038587,3860.055773716768,150
373,uav_7,8531.648734631113,3884.985482644719,150
374,uav_7,8533.102529839305,3909.942886596933,150
375,uav_7,8534.140185660623,3934.9210531216772,150
376,uav_7,8534.76141386401,3959.9130439999703,150
377,uav_7,8534.966041890068,3984.9119171728216,150
378,uav_7,8534.754012898997,4009.910728669537,150
379,uav_7,8534.125385786376,4034.9025345365535,150
380,uav_7,8533.080335166804,4059.8803927662716,150
381,uav_7,8531.6191513254,4084.837365225346,150
382,uav_7,8529.74224013717,4109.766519581899,150
383,uav_7,8527.450122954266,4134.6609312311275,150
384,uav_7,8524.743436461162,4159.513685218753,150
385,uav_7,8521.62293249782,4184.317878161804,150
386,uav_7,8518.089477850826,4209.066620166177,150
387,uav_7,8514.144054012642,4233.753036740449,150
388,uav_7,8509.787756908967,4258.370270705414,150
389,uav_7,8505.021796594316,4282.911484098817,150
390,uav_7,8499.847496915909,4307.369860074736,150
391,uav_7,8494.266295145944,4331.738604797111,150
392,uav_7,8488.279741582357,4356.010949326877,150
393,uav_7,8481.8894991182,4380.18015150218,150
394,uav_7,8475.097342779738,4404.239497811156,150
395,uav_7,8467.905159233387,4428.182305256754,150
396,uav_7,8460.314946261668,4452.001923213079,150
397,uav_7,8452.328812208267,4475.691735272749,150
398,uav_7,8443.948975392403,4499.245161084738,150
399,uav_7,8435.177763492642,4522.655658182213,150
400,uav_7,8426.017612900338,4545.916723799843,150
401,uav_7,8416.471068042863,4569.0218966800785,150
402,uav_7,8406.540780676853,4591.96475886791,150
403,uav_7,8396.229509151612,4614.738937493584,150
404,uav_7,8385.540117642928,4637.338106542809,150
405,uav_7,8374.475575357488,4659.755988613939,150
406,uav_7,8363.038955708118,4681.986356661657,150
407,uav_7,8351.233435460068,4704.023035726666,150
408,uav_7,8339.062293848612,4725.859904650924,150
409,uav_7,8326.528911668158,4747.490897777918,150
410,uav_7,8313.636770333167,4768.910006637532,150
411,uav_7,8300.389450911112,4790.111281615029,150
412,uav_7,8286.790633127768,4811.088833603684,150
413,uav_7,8272.844094345075,4831.83683564061,150
414,uav_7,8258.553708511909,4852.3495245253125,150
415,uav_7,8243.923445088003,4872.621202420556,150
416,uav_7,8228.95736794135,4892.646238435049,150
417,uav_7,8213.659634219366,4912.419070187549,150
418,uav_7,8198.034493194165,4931.934205351928,150
419,uav_7,8182.086285082234,4951.186223182791,150
420,uav_7,8165.8194398388305,4970.169776021196,150
421,uav_7,8149.238475927485,4988.879590780087,150
422,uav_7,8132.347999064888,5007.310470408999,150
423,uav_7,8115.152700941565,5025.457295337658,150
424,uav_7,8097.657357918651,5043.3150248980455,150
425,uav_7,8079.866829701156,5060.878698724551,150
426,uav_7,8061.7860579880835,5078.143438131827,150
427,uav_7,8043.42006509976,5095.104447469936,150
428,uav_7,8024.773952582783,5111.757015456455,150
429,uav_7,8005.852899792959,5128.0965164851295,150
430,uav_7,7986.662162456623,5144.118411910737,150
431,uav_7,7967.20707121075,5159.818251309792,150
432,uav_7,7947.493030122256,5175.191673716742,150
433,uav_7,7927.525515186905,5190.2344088353275,150
434,uav_7,7907.310072808234,5204.942278224738,150
435,uav_7,7886.852318256916,5219.31119646027,150
436,uav_7,7866.157934111008,5233.337172268141,150
437,uav_7,7845.232668677486,5247.016309634145,150
438,uav_7,7824.082334395532,5260.3448088858595,150
439,uav_7,7802.712806222005,5273.318967748082,150
440,uav_7,7781.1300199995485,5285.935182371221,150
441,uav_7,7759.33997080778,5298.189948332336,150
442,uav_7,7737.348711298034,5310.079861608568,150
443,uav_7,7715.1623500120995,5321.601619522682,150
444,uav_7,7692.787049685459,5332.7520216604535,150
445,uav_7,7670.22902553544,5343.52797075965,150
446,uav_7,7647.494543534813,5353.926473570369,150
447,uav_7,7624.589918671285,5363.9446416864685,150
448,uav_7,7601.5215131933755,5373.579692347888,150
449,uav_7,7578.295734843166,5382.828949213621,150
450,uav_7,7554.919035076413,5391.689843105121,150
451,uav_7,7531.397907270515,5400.159912719948,150
452,uav_7,7507.738884920847,5408.23680531545,150
453,uav_7,7483.948539825935,5415.918277362285,150
454,uav_7,7460.033480261997,5423.202195167609,150
455,uav_7,7436.000349147364,5430.086535467755,150
456,uav_7,7411.855822197257,5436.569385990242,150
457,uav_7,7387.606606069468,5442.648945984941,150
458,uav_7,7363.259436501443,5448.323526724278,150
459,uav_7,7338.821076439291,5453.591551972313,150
460,uav_7,7314.298314159221,5458.451558422572,150
461,uav_7,7289.697961381965,5462.902196104515,150
462,uav_7,7265.02685138067,5466.942228758513,150
463,uav_7,7240.291837082813,5470.570534179251,150
464,uav_7,7215.499789166653,5473.786104527442,150
465,uav_7,7190.6575941527535,5476.588046609777,150
466,uav_7,7165.772152491107,5478.975582127026,150
467,uav_7,7140.850376644383,5480.9480478902315,150
468,uav_7,7115.899189167849,5482.50489600492,150
469,uav_7,7090.925520786478,5483.645694023292,150
470,uav_7,7065.936308469798,5484.370125064344,150
471,uav_7,7040.938493504993,5484.67798790189,150
472,uav_7,7015.939019568818,5484.569197020455,150
473,uav_7,6990.944830798842,5484.043782639028,150
474,uav_7,6965.962869864568,5483.10189070267,150
475,uav_7,6941.000076038955,5481.743782841974,150
476,uav_7,6916.063383270888,5479.969836300392,150
477,uav_7,6891.159718259127,5477.780543829443,150
478,uav_7,6866.295998528268,5475.176513551848,150
479,uav_7,6841.47913050725,5472.15846879261,150
480,uav_7,6816.716007610953,5468.727247878085,150
481,uav_7,6792.013508325398,5464.883803903134,150
482,uav_7,6767.37849429711,5460.62920446637,150
483,uav_7,6742.817808427132,5455.964631373612,150
484,uav_7,6718.338272970286,5450.891380309615,150
485,uav_7,6693.946687640126,5445.410860478165,150
486,uav_7,6669.649827720187,5439.524594210642,150
487,uav_7,6645.454442181993,5433.23421654316,150
488,uav_7,6621.367251810399,5426.541474762404,150
489,uav_7,6597.394947336734,5419.448227920277,150
490,uav_7,6573.544187580328,5411.956446317514,150
491,uav_7,6549.821597598858,5404.0682109563895,150
492,uav_7,6526.233766848122,5395.785712962672,150
493,uav_7,6502.7872473516545,5387.111252976991,150
494,uav_7,6479.488551880781,5378.047240515789,150
495,uav_7,6456.344152145541,5368.596193302023,150
496,uav_7,6433.360476997044,5358.760736565816,150
497,uav_7,6410.543910641717,5348.543602315242,150
498,uav_7,6387.900790867942,5337.947628577453,150
499,uav_7,6365.4374072856235,5326.975758610354,150
500,uav_7,6343.15999957909,5315.631040085054,150
501,uav_7,6321.07475577391,5303.916624239309,150
502,uav_7,6299.187810518016,5291.835765002197,150
503,uav_7,6277.505243377696,5279.39181809027,150
504,uav_7,6256.033077148845,5266.5882400754335,150
505,uav_7,6234.777276184021,5253.428587424811,150
506,uav_7,6213.7437447357,5239.916515512852,150
507,uav_7,6192.938325316267,5226.055777605989,150
508,uav_7,6172.36679707511,5211.850223820065,150
509,uav_7,6152.034874193362,5197.303800050908,150
510,uav_7,6131.948204296638,5182.4205468782475,150
511,uav_7,6112.112366886312,5167.204598443382,150
512,uav_7,6092.532871789676,5151.660181300815,150
513,uav_7,6073.215157629471,5135.791613244243,150
514,uav_7,6054.164590313198,5119.603302107209,150
515,uav_7,6035.386461542612,5103.099744538711,150
516,uav_7,6016.885987343855,5086.285524754183,150
517,uav_7,5998.668306618577,5069.16531326211,150
518,uav_7,5980.7384797165105,5051.74386556672,150
519,uav_7,5963.101487029836,5034.0260208470145,150
520,uav_7,5945.762227609786,5016.016700612605,150
521,uav_7,5928.725517805817,4997.720907336642,150
522,uav_7,5911.996089927776,4979.143723066288,150
523,uav_7,5895.578590931389,4960.29030801105,150
524,uav_7,5879.477581127483,4941.165899109444,150
525,uav_7,5863.69753291525,4921.775808574301,150
526,uav_7,5848.24282953995,4902.125422417206,150
527,uav_7,5833.117763875373,4882.220198952409,150
528,uav_7,5818.32653723139,4862.065667280655,150
529,uav_7,5803.8732581869635,4841.667425753375,150
530,uav_7,5789.761941448893,4821.031140417606,150
531,uav_7,5775.996506736648,4800.162543442145,150
532,uav_7,5762.580777693582,4779.0674315252945,150
533,uav_7,5749.518480824832,4757.7516642847295,150
534,uav_7,5736.813244462205,4736.2211626298395,150
535,uav_7,5724.468597756331,4714.481907117094,150
536,uav_7,5712.487969696362,4692.539936288791,150
537,uav_7,5700.874688157502,4670.4013449957465,150
538,uav_7,5689.631978976615,4648.072282704296,150
539,uav_7,5678.762965056187,4625.558951788174,150
540,uav_7,5668.270665496859,4602.867605805647,150
541,uav_7,5658.157994758823,4580.004547762474,150
542,uav_7,5648.427761852261,4556.976128361105,150
543,uav_7,5639.082669557081,4533.788744236629,150
544,uav_7,5630.125313672165,4510.448836179992,150
545,uav_7,5621.5581822943295,4486.962887348907,150
546,uav_7,5613.383655127206,4463.337421467041,150
547,uav_7,5605.604002820221,4439.579001011887,150
548,uav_7,5598.221386337881,4415.694225391924,150
549,uav_7,5591.2378563595175,4391.689729113462,150
550,uav_7,5584.655352709666,4367.572179937789,150
551,uav_7,5578.475703819236,4343.348277029041,150
552,uav_7,5572.700626217628,4319.024749093384,150
553,uav_7,5567.331724055933,4294.608352509949,150
554,uav_7,5562.370488661339,4270.10586945413,150
555,uav_7,5557.818298122888,4245.524106013663,150
556,uav_7,5553.676416908683,4220.869890298113,150
557,uav_7,5549.94599551465,4196.150070542212,150
558,uav_7,5546.628070144969,4171.371513203605,150
559,uav_7,5543.723562424239,4146.541101055565,150
560,uav_7,5541.233279141487,4121.665731275137,150
561,uav_7,5539.157912026056,4096.752313527315,150
562,uav_7,5537.498037555466,4071.807768045721,150
563,uav_7,5536.254116795287,4046.8390237103786,150
564,uav_7,5535.426495271064,4021.853016123049,150
565,uav_7,5535.015402872345,3996.856685680742,150
566,uav_7,5535.020953788817,3971.8569756478487,150
567,uav_7,5535.443146478597,3946.8608302275243,150
568,uav_7,5536.281863668651,3921.8751926327673,150
569,uav_7,5537.536872387374,3896.907003157813,150
570,uav_7,5539.207824029306,3871.9631972502984,150
571,uav_7,5541.294254451955,3847.0507035848127,150
572,uav_7,5543.79558410473,3822.1764421383004,150
573,uav_7,5546.711118189923,3797.347322267884,150
574,uav_7,5550.0400468557,3772.5702407916597,150
575,uav_7,5553.781445421061,3747.8520800729384,150
576,uav_7,5557.934274632684,3723.199706108543,150
577,uav_7,5562.4973809535995,3698.619966621611,150
578,uav_7,5567.469496883616,3674.119689159513,150
579,uav_7,5572.84924131139,3649.705679197337,150
580,uav_7,5578.635119898061,3625.384718247539,150
581,uav_7,5584.825525492335,3601.163561976217,150
582,uav_7,5591.418738576908,3577.048938326599,150
583,uav_7,5598.412927746096,3553.0475456501927,150
584,uav_7,5605.806150214544,3529.1660508461955,150
585,uav_7,5613.596352356884,3505.411087509602,150
586,uav_7,5621.781370278168,3481.7892540885973,150
587,uav_7,5630.358930414934,3458.3071120516906,150
588,uav_7,5639.326650166744,3434.97118406512,150
589,uav_7,5648.682038557994,3411.7879521810587,150
590,uav_7,5658.422496929845,3388.763856037069,150
591,uav_7,5668.545319662042,3365.9052910673736,150
592,uav_7,5679.047694924476,3343.2186067263674,150
593,uav_7,5689.9267054582115,3320.710104724942,150
594,uav_7,5701.179329385833,3298.3860372800305,150
595,uav_7,5712.802441050822,3276.25260537794,150
596,uav_7,5724.79281188579,3254.3159570518765,150
597,uav_7,5737.147111309266,3232.5821856742164,150
598,uav_7,5749.861907650851,3211.0573282639234,150
599,uav_7,5762.9336691044255,3189.7473638096562,150
600,uav_7,5776.358764709195,3168.658211608958,150
601,uav_7,5790.133465358258,3147.7957296240616,150
602,uav_7,5804.253944834449,3127.1657128547085,150
603,uav_7,5818.716280873154,3106.773891728458,150
604,uav_7,5833.516456251797,3086.625930508952,150
605,uav_7,5848.650359905718,3066.72742572253,150
606,uav_7,5864.113788070098,3047.0839046036895,150
607,uav_7,5879.902445447659,3027.700823559763,150
608,uav_7,5896.011946401757,3008.5835666553007,150
609,uav_7,5912.4378161746035,2989.7374441165157,150
610,uav_7,5929.17549213021,2971.1676908562695,150
611,uav_7,5946.220325021769,2952.8794650199493,150
612,uav_7,5963.567580283074,2934.8778465526993,150
613,uav_7,5981.212439343652,2917.167835788339,150
614,uav_7,5999.150000967217,2899.754352060432,150
615,uav_7,6017.375282613106,2882.6422323358192,150
616,uav_7,6035.883221820268,2865.8362298710626,150
617,uav_7,6054.668677613485,2849.3410128921196,150
618,uav_7,6073.726431931384,2833.161163297639,150
619,uav_7,6093.051191075859,2817.301175386253,150
620,uav_7,6112.637587182521,2801.7654546081762,150
621,uav_7,6132.480179711721,2786.558316341512,150
622,uav_7,6152.573456959792,2771.683984693549,150
623,uav_7,6172.911837590027,2757.1465913274405,150
624,uav_7,6193.489672183031,2742.950174314532,150
625,uav_7,6214.301244805949,2729.098677012714,150
626,uav_7,6235.34077460021,2715.5959469710574,150
627,uav_7,6256.60241738726,2702.4457348610886,150
628,uav_7,6278.080267291931,2689.6516934349456,150
629,uav_7,6299.768358382902,2677.2173765107627,150
630,uav_7,6321.660666329885,2665.1462379855075,150
631,uav_7,6343.7511100769925,2653.441630875599,150
632,uav_7,6366.033553531888,2642.1068063855314,150
633,uav_7,6388.501807270228,2631.144913004777,150
634,uav_7,6411.149630254882,2620.558995633238,150
635,uav_7,6433.970731569541,2610.3519947354466,150
636,uav_7,6456.958772166129,2600.5267455238027,150
637,uav_7,6480.107366625632,2591.0859771710193,150
638,uav_7,6503.410084931762,2582.032312052049,150
639,uav_7,6526.860454257052,2573.3682650156506,150
640,uav_7,6550.451960760804,2565.0962426858505,150
641,uav_7,6574.178051398465,2557.218542793438,150
642,uav_7,6598.032135741855,2549.737353537731,150
643,uav_7,6622.007587809822,2542.6547529787504,150
644,uav_7,6646.097747908724,2535.9727084600017,150
645,uav_7,6670.295924482329,2529.693076061995,150
646,uav_7,6694.595395970511,2523.8176000866856,150
647,uav_7,6718.989412676323,2518.3479125729555,150
648,uav_7,6743.471198640872,2513.285532843275,150
649,uav_7,6768.033953525467,2508.6318670816872,150
650,uav_7,6792.670854500585,2504.388207943201,150
651,uav_7,6817.375058141031,2500.555734194736,150
652,uav_7,6842.139702326868,2497.1355103876895,150
653,uav_7,6866.957908149499,2494.12848656224,150
654,uav_7,6891.822781822448,2491.5354979834465,150
655,uav_7,6916.727416596235,2489.357264909242,150
656,uav_7,6941.664894676899,2487.594392390364,150
657,uav_7,6966.628289147538,2486.2473701022873,150
658,uav_7,6991.610665892429,2485.3165722092085,150
659,uav_7,7016.605085523107,2484.802257260113,150
660,uav_7,7041.60460530595,2484.7045681169575,150
661,uav_7,7066.60228109065,2485.0235319149865,150
662,uav_7,7091.59116923911,2485.7590600551966,150
663,uav_7,7116.564328554195,2486.9109482289446,150
664,uav_7,7141.514822207778,2488.4788764747,150
665,uav_7,7166.435719667613,2490.46240926692,150
666,uav_7,7191.320098622419,2492.8609956370287,150
667,uav_7,7216.161046904721,2495.673969326457,150
668,uav_7,7240.951664410829,2498.900548971711,150
669,uav_7,7265.685065017509,2502.539838321415,150
670,uav_7,7290.354378494736,2506.590826485261,150
671,uav_7,7314.95275241406,2511.0523882148063,150
672,uav_7,7339.473354051999,2515.9232842160363,150
673,uav_7,7363.9093722879925,2521.2021614936048,150
674,uav_7,7388.254019496315,2526.887553726653,150
675,uav_7,7412.500533431506,2532.9778816761204,150
676,uav_7,7436.642179106705,2539.4714536234023,150
677,uav_7,7460.6722506644555,2546.366465840267,150
678,uav_7,7484.584073239396,2553.661003089879,150
679,uav_7,7508.371004812338,2561.3530391587933,150
680,uav_7,7532.026438055243,2569.4404374197857,150
681,uav_7,7555.543802166531,2577.920951425339,150
682,uav_7,7578.916564696282,2586.7922255316494,150
683,uav_7,7602.138233360741,2596.0517955529504,150
684,uav_7,7625.20235784571,2605.697089445999,150
685,uav_7,7648.102531598241,2615.725428024509,150
686,uav_7,7670.832393606209,2626.134025703358,150
687,uav_7,7693.385630165205,2636.9199912723398,150
688,uav_7,7715.7559766323175,2648.080328699262,150
689,uav_7,7737.937219166253,2659.611937962153,150
690,uav_7,7759.923196453383,2671.51161591037,150
691,uav_7,7781.707801419159,2683.7760571543276,150
692,uav_7,7803.284982924498,2696.401854983651,150
693,uav_7,7824.648747446616,2709.385502313463,150
694,uav_7,7845.793160743842,2722.7233926585427,150
695,uav_7,7866.712349504002,2736.411821135115,150
696,uav_7,7887.400502975834,2750.4469854899494,150
697,uav_7,7907.85187458307,2764.82498715653,150
698,uav_7,7928.060783520648,2779.5418323379517,150
699,uav_7,7948.021616332702,2794.593433116297,150
700,uav_7,7967.728828471792,2809.975608588127,150
701,uav_7,7987.176945839046,2825.6840860258335,150
702,uav_7,8006.360566304687,2841.7145020644625,150
703,uav_7,8025.274361208607,2858.062403913749,150
704,uav_7,8043.913076840498,2874.7232505949587,150
705,uav_7,8062.271535899204,2891.692414202257,150
706,uav_7,8080.344638930805,2908.9651811881977,150
707,uav_7,8098.127365745111,2926.536753673011,150
708,uav_7,8115.614776810132,2944.402250777329,150
709,uav_7,8132.802014624123,2962.556709977939,150
710,uav_7,8149.684305064875,2980.9950884862437,150
711,uav_7,8166.256958715816,2999.7122646489897,150
712,uav_7,8182.5153721686065,3018.7030393709315,150
713,uav_7,8198.455029301826,3037.962137558975,150
714,uav_7,8214.071502535433,3057.484209587463,150
715,uav_7,8229.360454060607,3077.2638327841314,150
716,uav_7,8244.317637044676,3097.2955129363922,150
717,uav_7,8258.938896810763,3117.573685817445,150
718,uav_7,8273.220171991841,3138.0927187318825,150
719,uav_7,8287.15749565885,3158.8469120802724,150
720,uav_7,8300.746996422611,3179.8305009423602,150
721,uav_7,8313.984899509183,3201.0376566783834,150
722,uav_7,8326.867527808381,3222.4624885481094,150
723,uav_7,8339.391302895183,3244.0990453471163,150
724,uav_7,8351.552746023697,3265.941317059857,150
725,uav_7,8363.348479093482,3287.9832365290827,150
726,uav_7,8374.775225587857,3310.21868114111,150
727,uav_7,8385.829811484055,3332.6414745265256,150
728,uav_7,8396.509166134847,3355.245388275784,150
729,uav_7,8406.810323121501,3378.0241436693022,150
730,uav_7,8416.730421077753,3400.971413421489,150
731,uav_7,8426.26670448463,3424.0808234383026,150
732,uav_7,8435.41652443583,3447.3459545877695,150
733,uav_7,8444.177339373538,3470.7603444830593,150
734,uav_7,8452.546715794379,3494.3174892775287,150
735,uav_7,8460.522328925384,3518.0108454713218,150
736,uav_7,8468.101963369745,3541.8338317289526,150
737,uav_7,8475.283513722186,3565.7798307074177,150
738,uav_7,8482.06498515379,3589.842190894311,150
739,uav_7,8488.44449396609,3614.0142284554076,150
740,uav_7,8494.42026811433,3638.2892290912605,150
741,uav_7,8499.99064769967,3662.6604499022196,150
742,uav_7,8505.154085430264,3687.121121261438,150
743,uav_7,8509.909147051056,3711.6644486952596,150
744,uav_7,8514.254511742169,3736.2836147705484,150
745,uav_7,8518.188972485797,3760.9717809883573,150
746,uav_7,8521.711436401476,3785.722089683486,150
747,uav_7,8524.820925049657,3810.527665929325,150
748,uav_7,8527.516574703486,3835.3816194475326,150
749,uav_7,8529.797636588726,3860.2770465219373,150
750,uav_7,8531.663477091744,3885.2070319162117,150
751,uav_7,8533.113577935508,3910.1646507947094,150
752,uav_7,8534.147536323553,3935.142970645994,150
753,uav_7,8534.76506505186,3960.1350532085007,150
754,uav_7,8534.965992588648,3985.133956397766,150
755,uav_7,8534.750263122,4010.132736234763,150
756,uav_7,8534.117936575381,4035.1244487747176,150
757,uav_7,8533.06918859099,4060.1021520359595,150
758,uav_7,8531.604310480965,4085.058907928184,150
759,uav_7,8529.723709146478,4109.987784179675,150
760,uav_7,8527.427906964691,4134.881856262872,150
761,uav_7,8524.717541643673,4159.734209317825,150
762,uav_7,8521.593366045254,4184.537940072926,150
763,uav_7,8518.056247975897,4209.286158762457,150
764,uav_7,8514.107169945657,4233.971991040352,150
765,uav_7,8509.747228895261,4258.588579889713,150
766,uav_7,8504.977635891411,4283.129087527475,150
767,uav_7,8499.799715790385,4307.586697303754,150
768,uav_7,8494.214906870027,4331.954615595321,150
769,uav_7,8488.22476043024,4356.226073692666,150
770,uav_7,8481.830940362068,4380.394329680165,150
771,uav_7,8475.035222685538,4404.452670308774,150
772,uav_7,8467.8394950563,4428.3944128607955,150
773,uav_7,8460.245756241322,4452.212907006127,150
774,uav_7,8452.256115563665,4475.901536649552,150
775,uav_7,8443.872792316592,4499.453721768483,150
776,uav_7,8435.098115147097,4522.86292024072,150
777,uav_7,8425.934521409088,4546.122629661648,150
778,uav_7,8416.384556486344,4569.226389150436,150
779,uav_7,8406.450873085496,4592.167781144668,150
780,uav_7,8396.136230499167,4614.940433182974,150
781,uav_7,8385.443493839535,4637.538019675101,150
782,uav_7,8374.375633242473,4659.954263658991,150
783,uav_7,8362.935723042532,4682.182938544344,150
784,uav_7,8351.126940918992,4704.217869842174,150
785,uav_7,8338.952567013175,4726.052936879918,150
786,uav_7,8326.415983017334,4747.682074501573,150
787,uav_7,8313.520671235297,4769.099274752434,150
788,uav_7,8300.270213615202,4790.2985885479175,150
789,uav_7,8286.668290754518,4811.274127326063,150
790,uav_7,8272.718680877695,4832.020064683186,150
791,uav_7,8258.425258786665,4852.530637992313,150
792,uav_7,8243.79199478455,4872.800150003847,150
793,uav_7,8228.822953572811,4892.822970428121,150
794,uav_7,8213.522293122207,4912.593537499315,150
795,uav_7,8197.894263517806,4932.1063595203705,150
796,uav_7,8181.943205778458,4951.356016388414,150
797,uav_7,8165.673550650972,4970.337161100311,150
798,uav_7,8149.089817379378,4989.044521237916,150
799,uav_7,8132.196612449621,5007.472900432585,150
800,uav_7,8114.998628309999,5025.617179808597,150
801,uav_7,8097.500642067751,5043.472319405009,150
802,uav_7,8079.7075141620935,5061.033359575636,150
803,uav_7,8061.624187014152,5078.295422366676,150
804,uav_7,8043.255683654076,5095.253712871686,150
805,uav_7,8024.607106325805,5111.903520563452,150
806,uav_7,8005.683635069794,5128.240220602454,150
807,uav_7,7986.490526284164,5144.259275121503,150
808,uav_7,7967.0331112646045,5159.956234486235,150
809,uav_7,7947.316794723515,5175.326738531089,150
810,uav_7,7927.347053288711,5190.366517770444,150
811,uav_7,7907.129433982189,5205.071394584547,150
812,uav_7,7886.669552679314,5219.437284379946,150
813,uav_7,7865.973092548886,5233.460196724072,150
814,uav_7,7845.045802474536,5247.136236453662,150
815,uav_7,7823.893495457828,5260.461604756728,150
816,uav_7,7802.522047003597,5273.432600227756,150
817,uav_7,7780.9373934878795,5286.0456198958545,150
818,uav_7,7759.145530508978,5298.297160225547,150
819,uav_7,7737.152511222039,5310.183818089965,150
820,uav_7,7714.964444657676,5321.702291716133,150
821,uav_7,7692.58749402504,5332.849381602107,150
822,uav_7,7670.027874999872,5343.621991405706,150
823,uav_7,7647.291853997949,5354.017128804584,150
824,uav_7,7624.385746434475,5364.031906327416,150
825,uav_7,7601.315914969814,5373.663542155953,150
826,uav_7,7578.088767742148,5382.909360897728,150
827,uav_7,7554.71075658747,5391.766794329207,150
828,uav_7,7531.188375247444,5400.23338210917,150
829,uav_7,7507.528157565642,5408.306772462115,150
830,uav_7,7483.736675672613,5415.984722831525,150
831,uav_7,7459.820538160355,5423.2651005027765,150
832,uav_7,7435.786388246613,5430.1458831955515,150
833,uav_7,7411.640901929607,5436.625159625566,150
834,uav_7,7387.390786133608,5442.701130035476,150
835,uav_7,7363.042776845972,5448.37210669479,150
836,uav_7,7338.603637246049,5453.636514368679,150
837,uav_7,7314.08015582659,5458.492890755527,150
838,uav_7,7289.4791445080755,5462.93988689312,150
839,uav_7,7264.807436746583,5466.976267533347,150
840,uav_7,7240.071885635624,5470.600911485319,150
841,uav_7,7215.279362002572,5473.812811926797,150
842,uav_7,7190.4367525001335,5476.611076683868,150
843,uav_7,7165.550957693429,5478.99492847876,150
844,uav_7,7140.628890143227,5480.963705145746,150
845,uav_7,7115.677472485816,5482.516859815078,150
846,uav_7,7090.703635510114,5483.653961064889,150
847,uav_7,7065.71431623247,5484.374693041034,150
848,uav_7,7040.716455969788,5484.678855544819,150
849,uav_7,7015.716998411399,5484.566364088617,150
850,uav_7,6990.722887690327,5484.037249919331,150
851,uav_7,6965.741066454391,5483.091660009715,150
852,uav_7,6940.778473937751,5481.729857017555,150
853,uav_7,6915.842044033368,5479.952219212702,150
854,uav_7,6890.938703366993,5477.759240372007,150
855,uav_7,6866.07536937312,5475.151529642157,150
856,uav_7,6841.258948373548,5472.129811370474,150
857,uav_7,6816.496333658987,5468.694924903719,150
858,uav_7,6791.794403574297,5464.8478243549325,150
859,uav_7,6767.160019607893,5460.58957833842,150
860,uav_7,6742.6000244858105,5455.9213696729175,150
861,uav_7,6718.121240270999,5450.844495053037,150
862,uav_7,6693.730466468338,5445.360364689082,150
863,uav_7,6669.434478135945,5439.470501915341,150
864,uav_7,6645.24002400324,5433.176542766929,150
865,uav_7,6621.153824596362,5426.480235525365,150
866,uav_7,6597.182570371379,5419.383440232935,150
867,uav_7,6573.3329198558895,5411.888128176034,150
868,uav_7,6549.6114977994575,5403.996381337593,150
869,uav_7,6526.024893333464,5395.7103918187695,150
870,uav_7,6502.579658140816,5387.032461230037,150
871,uav_7,6479.282304636095,5377.965000051873,150
872,uav_7,6456.139304156588,5368.510526965191,150
873,uav_7,6433.157085164723,5358.671668151721,150
874,uav_7,6410.342031462451,5348.451156564539,150
875,uav_7,6387.700480417983,5337.85183116892,150
876,uav_7,6365.2387212054755,5326.876636153769,150
877,uav_7,6342.962993058052,5315.528620113793,150
878,uav_7,6320.87948353475,5303.810935202708,150
879,uav_7,6298.994326801767,5291.72683625764,150
880,uav_7,6277.313601928591,5279.279679895042,150
881,uav_7,6255.843331199387,5266.472923578312,150
882,uav_7,6234.589478440197,5253.310124657414,150
883,uav_7,6213.557947362344,5239.794939380744,150
884,uav_7,6192.754579922565,5225.931121879534,150
885,uav_7,6172.18515470027,5211.722523125054,150
886,uav_7,6151.855385292426,5197.173089858932,150
887,uav_7,6131.770918726486,5182.286863496857,150
888,uav_7,6111.937333891792,5167.067979005987,150
889,uav_7,6092.360139989942,5151.5206637563815,150
890,uav_7,6073.044775004464,5135.649236346749,150
891,uav_7,6053.996604190331,5119.458105404876,150
892,uav_7,6035.220918583616,5102.951768363022,150
893,uav_7,6016.7229335318225,5086.1348102086795,150
894,uav_7,5998.507787245185,5069.011902210977,150
895,uav_7,5980.580539369441,5051.58780062315,150
896,uav_7,5962.946169580391,5033.8673453613765,150
897,uav_7,5945.609576200704,5015.855458660403,150
898,uav_7,5928.575574839286,4997.557143706272,150
899,uav_7,5911.8488970536555,4978.977483246592,150
900,uav_7,5895.434189035642,4960.121638178688,150
901,uav_7,5879.336010320818,4940.99484611606,150
902,uav_7,5863.558832521982,4921.602419933521,150
903,uav_7,5848.107038087074,4901.949746291424,150
904,uav_7,5832.984919081863,4882.042284139418,150
905,uav_7,5818.196675997724,4861.885563200093,150
906,uav_7,5803.746416584871,4841.485182432995,150
907,uav_7,5789.638154711336,4820.846808479382,150
908,uav_7,5775.8758092480375,4799.976174088207,150
909,uav_7,5762.463202980221,4778.879076523709,150
910,uav_7,5749.404061545607,4757.561375955119,150
911,uav_7,5736.702012399514,4736.02899382885,150
912,uav_7,5724.3605838072535,4714.287911223712,150
913,uav_7,5712.383203864078,4692.344167189518,150
914,uav_7,5700.773199542958,4670.203857069629,150
915,uav_7,5689.5337957704405,4647.873130807821,150
916,uav_7,5678.668114530861,4625.3581912400305,150
917,uav_7,5668.179173999144,4602.665292371367,150
918,uav_7,5658.069887702434,4579.8007376389305,150
919,uav_7,5648.343063710814,4556.770878160911,150
920,uav_7,5639.001403857292,4533.582110972409,150
921,uav_7,5630.047502987318,4510.240877248547,150
922,uav_7,5621.483848238003,4486.753660515269,150
923,uav_7,5613.31281834727,4463.126984848429,150
924,uav_7,5605.536682993104,4439.367413061566,150
925,uav_7,5598.157602163103,4415.481544882963,150
926,uav_7,5591.177625554494,4391.476015122412,150
927,uav_7,5584.598692004788,4367.357491828274,150
928,uav_7,5578.422628953224,4343.132674435267,150
929,uav_7,5572.651151933161,4318.808291903573,150
930,uav_7,5567.285864095547,4294.391100849707,150
931,uav_7,5562.3282557636185,4269.88788366974,150
932,uav_7,5557.779704018923,4245.305446655337,150
933,uav_7,5553.641472318808,4220.650618103153,150
934,uav_7,5549.914710145472,4195.93024641815,150
935,uav_7,5546.600452686665,4171.151198211284,150
936,uav_7,5543.699620548151,4146.320356392179,150
937,uav_7,5541.21301949798,4121.4446182572265,150
938,uav_7,5539.141340242679,4096.530893573742,150
939,uav_7,5537.485158235385,4071.586102660605,150
940,uav_7,5536.244933516009,4046.617174466012,150
941,uav_7,5535.421010583441,4021.6310446427956,150
942,uav_7,5535.013618299864,3996.6346536219185,150
943,uav_7,5535.022869827183,3971.6349446845993,150
944,uav_7,5535.448762595589,3946.6388620336897,150
945,uav_7,5536.291178304273,3921.6533488647515,150
946,uav_7,5537.549882954288,3896.6853454374555,150
947,uav_7,5539.224526913547,3871.7417871477687,150
948,uav_7,5541.314645013941,3846.82960260149,150
949,uav_7,5543.819656680547,3821.9557116897035,150
950,uav_7,5546.7388660929,3797.127023666607,150
951,uav_7,5550.071462378265,3772.3504352303416,150
952,uav_7,5553.8165198368815,3747.6328286072667,150
953,uav_7,5557.972998199091,3722.981069640293,150
954,uav_7,5562.539742914298,3698.4020058817287,150
955,uav_7,5567.515485471665,3673.902464691247,150
956,uav_7,5572.898843752479,3649.48925133942,150
957,uav_7,5578.688322414051,3625.1691471174295,150
958,uav_7,5584.882313305094,3600.9489074533985,150
959,uav_7,5591.4790959124075,3576.835260035947,150
960,uav_7,5598.476837838797,3552.834902945415,150
961,uav_7,5605.873595312054,3528.954502793342,150
962,uav_7,5613.667313724889,3505.2006928706583,150
963,uav_7,5621.855828205631,3481.5800713051703,150
964,uav_7,5630.436864219577,3458.0991992287622,150
965,uav_7,5639.408038200789,3434.7645989549173,150
966,uav_7,5648.76685821418,3411.582752166999,150
967,uav_7,5658.510724647696,3388.560098117844,150
968,uav_7,5668.63693093443,3365.7030318410925,150
969,uav_7,5679.142664304412,3343.0179023748506,150
970,uav_7,5690.025006565927,3320.511010998101,150
971,uav_7,5701.280934916092,3298.188609480405,150
972,uav_7,5712.907322780522,3276.056898345313,150
973,uav_7,5724.9009406817895,3254.1220251480577,150
974,uav_7,5737.258457136488,3232.3900827679245,150
975,uav_7,5749.9764395806105,3210.8671077158488,150
976,uav_7,5763.051355323036,3189.5590784576143,150
977,uav_7,5776.479572526798,3168.4719137532225,150
978,uav_7,5790.2573612179,3147.6114710128436,150
979,uav_7,5804.380894321412,3126.983544669769,150
980,uav_7,5818.846248724505,3106.5938645709007,150
981,uav_7,5833.649406366197,3086.4480943851568,150
982,uav_7,5848.786255353429,3066.5518300302833,150
983,uav_7,5864.252591103261,3046.910598118441,150
984,uav_7,5880.044117510766,3027.5298544210914,150
985,uav_7,5896.156448142374,3008.4149823535276,150
986,uav_7,5912.585107454281,2989.571291479536,150
987,uav_7,5929.325532035652,2971.0040160365224,150
988,uav_7,5946.373071876188,2952.7183134816128,150
989,uav_7,5963.722991657775,2934.719263059047,150
990,uav_7,5981.370472069803,2917.011864389328,150
991,uav_7,5999.310611147857,2899.6010360804457,150
992,uav_7,6017.53842563533,2882.491614361643,150
993,uav_7,6036.048852367616,2865.6883517400574,150
994,uav_7,6054.836749678537,2849.195915680591,150
995,uav_7,6073.896898828534,2833.0188873094366,150
996,uav_7,6093.2240054542945,2817.1617601415646,150
997,uav_7,6112.812701039353,2801.628938832568,150
998,uav_7,6132.657544405339,2786.424737955153,150
999,uav_7,6152.753023223363,2771.5533808006894,150
1000,uav_7,6173.093555545196,2757.0189982060947,150
1,uav_8,4472.384565386657,5269.084928393605,150
2,uav_8,4471.759637721807,5294.076827040068,150
3,uav_8,4470.7182844899535,5319.054839690955,150
4,uav_8,4469.260794949188,5344.012028170027,150
5,uav_8,4467.387573948344,5368.9414600854025,150
6,uav_8,4465.099141814543,5393.836210755179,150
7,uav_8,4462.396134208664,5418.689365130911,150
8,uav_8,4459.2793019487735,5443.494019718409,150
9,uav_8,4455.749510801568,5468.243284495336,150
10,uav_8,4451.807741241892,5492.93028482506,150
11,uav_8,4447.455088180389,5517.548163366225,150
12,uav_8,4442.692760659367,5542.09008197753,150
13,uav_8,4437.52208151696,5566.549223617162,150
14,uav_8,4431.94448701968,5590.918794236385,150
15,uav_8,4425.961526463471,5615.192024666722,150
16,uav_8,4419.57486174335,5639.36217250024,150
17,uav_8,4412.786266891784,5663.4225239624,150
18,uav_8,4405.597627585914,5687.366395776947,150
19,uav_8,4398.010940623768,5711.187137022336,150
20,uav_8,4390.028313369611,5734.878130979166,150
21,uav_8,4381.651963168573,5758.432796968114,150
22,uav_8,4372.884216730738,5781.844592177863,150
23,uav_8,4363.727509484854,5805.107013482502,150
24,uav_8,4354.184384901832,5828.213599247913,150
25,uav_8,4344.25749378825,5851.157931126625,150
26,uav_8,4333.949593550032,5873.933635840646,150
27,uav_8,4323.26354742652,5896.534386951783,150
28,uav_8,4312.202323695148,5918.953906618937,150
29,uav_8,4300.7689948469415,5941.185967341914,150
30,uav_8,4288.966736733064,5963.224393691242,150
31,uav_8,4276.798827682657,5985.063064023531,150
32,uav_8,4264.26864759222,6006.695912181889,150
33,uav_8,4251.379676986763,6028.1169291809265,150
34,uav_8,4238.135496053023,6049.3201648758795,150
35,uav_8,4224.53978364499,6070.299729615392,150
36,uav_8,4210.596316262022,6091.04979587749,150
37,uav_8,4196.308966999847,6111.564599888302,150
38,uav_8,4181.681704474728,6131.838443223067,150
39,uav_8,4166.718591721088,6151.865694388996,150
40,uav_8,4151.423785062927,6171.640790389543,150
41,uav_8,4135.801532959302,6191.158238269636,150
42,uav_8,4119.856174824237,6210.412616641474,150
43,uav_8,4103.592139821352,6229.3985771904245,150
44,uav_8,4087.0139456335705,6248.110846160636,150
45,uav_8,4070.1261972082357,6266.544225819938,150
46,uav_8,4052.9335854779893,6284.693595903618,150
47,uav_8,4035.4408860577632,6302.553915036685,150
48,uav_8,4017.6529579182525,6320.120222134222,150
49,uav_8,3999.574742036231,6337.3876377794295,150
50,uav_8,3981.2112600220894,6354.351365578993,150
51,uav_8,3962.5676127249776,6371.006693495377,150
52,uav_8,3943.648978815933,6387.348995155697,150
53,uav_8,3924.460613349395,6403.373731136796,150
54,uav_8,3905.007846303501,6419.076450226163,150
55,uav_8,3885.296081099572,6434.452790658351,150
56,uav_8,3865.330793101196,6449.498481326555,150
57,uav_8,3845.11752809333,6464.209342968998,150
58,uav_8,3824.661900741837,6478.581289329816,150
59,uav_8,3803.9695930338985,6492.6103282940985,150
60,uav_8,3783.046352699714,6506.292562996782,150
61,uav_8,3761.897991615952,6519.624192905094,150
62,uav_8,3740.5303841913747,6532.601514874225,150
63,uav_8,3718.9494657350947,6545.220924175963,150
64,uav_8,3697.1612308079193,6557.478915499976,150
65,uav_8,3675.17173155723,6569.372083927493,150
66,uav_8,3652.9870760358704,6580.897125877091,150
67,uav_8,3630.6134265055057,6592.050840022333,150
68,uav_8,3608.0569977249215,6602.830128181009,150
69,uav_8,3585.3240552237403,6613.231996175718,150
70,uav_8,3562.4209135620413,6623.25355466557,150
71,uav_8,3539.353934576352,6632.892019948754,150
72,uav_8,3516.129525612515,6642.144714735777,150
73,uav_8,3492.7541377459097,6651.009068893139,150
74,uav_8,3469.234263989529,6659.482620157237,150
75,uav_8,3445.5764374904074,6667.563014818317,150
76,uav_8,3421.787229714896,6675.248008374262,150
77,uav_8,3397.8732486233025,6682.535466154055,150
78,uav_8,3373.8411368343855,6689.423363910727,150
79,uav_8,3349.6975697802272,6695.909788383633,150
80,uav_8,3325.4492538519885,6701.992937829907,150
81,uav_8,3301.1029245370664,6707.671122524926,150
82,uav_8,3276.6653445481697,6712.942765231676,150
83,uav_8,3252.1433019448277,6717.806401638856,150
84,uav_8,3227.543608247866,6722.2606807676275,150
85,uav_8,3202.873096547357,6726.304365346872,150
86,uav_8,3178.1386196045873,6729.936332156875,150
87,uav_8,3153.3470479485545,6733.15557234132,150
88,uav_8,3128.505267967531,6735.961191687522,150
89,uav_8,3103.6201799962237,6738.352410874814,150
90,uav_8,3078.698696399059,6740.328565691019,150
91,uav_8,3053.747739650124,6741.889107216951,150
92,uav_8,3028.774240410304,6743.0336019788865,150
93,uav_8,3003.785135602143,6743.761732068973,150
94,uav_8,2978.7873664829626,6744.073295233534,150
95,uav_8,2953.787876716783,6743.96820492925,150
96,uav_8,2928.793610445571,6743.446490347195,150
97,uav_8,2903.8115103603564,6742.508296404733,150
98,uav_8,2878.84851577275,6741.153883705259,150
99,uav_8,2853.9115606874034,6739.3836284658155,150
100,uav_8,2829.007571875941,6737.198022412585,150
101,uav_8,2804.1434669529003,6734.597672644307,150
102,uav_8,2779.3261524542177,6731.58330146364,150
103,uav_8,2754.5625219187896,6728.155746176532,150
104,uav_8,2729.8594539736464,6724.315958859634,150
105,uav_8,2705.223810423266,6720.065006095843,150
106,uav_8,2680.662434343562,6715.404068678039,150
107,uav_8,2656.1821481810703,6710.334441281089,150
108,uav_8,2631.789751857874,6704.85753210223,150
109,uav_8,2607.492020882775,6698.974862469905,150
110,uav_8,2583.295704469255,6692.688066421188,150
111,uav_8,2559.207523660735,6685.998890247887,150
112,uav_8,2535.2341694636652,6678.909192011488,150
113,uav_8,2511.3823009889525,6671.420941027021,150
114,uav_8,2487.658543602249,6663.536217316059,150
115,uav_8,2464.06948708362,6655.257211028932,150
116,uav_8,2440.621683797088,6646.5862218363745,150
117,uav_8,2417.321646870574,6637.525658290741,150
118,uav_8,2394.1758483867393,6628.078037156981,150
119,uav_8,2371.190717585224,6618.245982713549,150
120,uav_8,2348.3726390767906,6608.03222602346,150
121,uav_8,2325.727951069861,6597.439604175675,150
122,uav_8,2303.2629436099423,6586.471059497043,150
123,uav_8,2280.9838568324353,6575.129638735001,150
124,uav_8,2258.8968792293012,6563.41849221128,150
125,uav_8,2237.008145930079,6551.340872946836,150
126,uav_8,2215.323736997718,6538.900135758248,150
127,uav_8,2193.8496757397133,6526.099736325854,150
128,uav_8,2172.591927035004,6512.943230233856,150
129,uav_8,2151.556395677098,6499.434271982684,150
130,uav_8,2130.748924733892,6485.576613973878,150
131,uav_8,2110.1752939246353,6471.374105467781,150
132,uav_8,2089.8412180144855,6456.830691514322,150
133,uav_8,2069.7523452271157,6441.950411857199,150
134,uav_8,2049.9142556757947,6426.737399811744,150
135,uav_8,2030.3324598133956,6411.195881116819,150
136,uav_8,2011.0123969017473,6395.33017276102,150
137,uav_8,1991.9594335007635,6379.144681783538,150
138,uav_8,1973.1788619777685,6362.643904050018,150
139,uav_8,1954.6758990374253,6345.832423003731,150
140,uav_8,1936.4556842726897,6328.714908392424,150
141,uav_8,1918.5232787371735,6311.296114971204,150
142,uav_8,1900.883663539331,6293.580881181795,150
143,uav_8,1883.5417384588511,6275.574127808564,150
144,uav_8,1866.5023205856362,6257.280856611664,150
145,uav_8,1849.7701429817548,6238.706148937692,150
146,uav_8,1833.3498533667314,6219.855164308232,150
147,uav_8,1817.2460128265432,6200.733138986693,150
148,uav_8,1801.4630945466824,6181.345384523821,150
149,uav_8,1786.0054825696318,6161.697286282304,150
150,uav_8,1770.8774705771038,6141.794301940872,150
151,uav_8,1756.0832606973788,6121.641959978311,150
152,uav_8,1741.626962338075,6101.245858137809,150
153,uav_8,1727.5125910446714,6080.6116618720625,150
154,uav_8,1713.7440673851052,6059.7451027695815,150
155,uav_8,1700.3252158607515,6038.65197696261,150
156,uav_8,1687.2597638440834,6017.338143517134,150
157,uav_8,1674.5513405433176,5995.809522805395,150
158,uav_8,1662.2034759943222,5974.072094861385,150
159,uav_8,1650.2196000800755,5952.131897719762,150
160,uav_8,1638.6030415779423,5929.995025738655,150
161,uav_8,1627.3570272350344,5907.667627906833,150
162,uav_8,1616.4846808719126,5885.155906135682,150
163,uav_8,1605.9890225148806,5862.466113536501,150
164,uav_8,1595.872967557106,5839.604552683562,150
165,uav_8,1586.139325948809,5816.577573863435,150
166,uav_8,1576.7908014167378,5793.3915733110625,150
167,uav_8,1567.8299907131518,5770.052991433067,150
168,uav_8,1559.2593828945173,5746.568311018795,150
169,uav_8,1551.0813586301192,5722.944055439575,150
170,uav_8,1543.2981895407804,5699.186786836722,150
171,uav_8,1535.9120375678688,5675.303104298754,150
172,uav_8,1528.9249543727728,5651.299642028362,150
173,uav_8,1522.3388807670087,5627.18306749961,150
174,uav_8,1516.1556461731186,5602.960079605911,150
175,uav_8,1510.3769681165095,5578.637406799259,150
176,uav_8,1505.0044517483734,5554.221805221263,150
177,uav_8,1500.0395893998232,5529.720056826478,150
178,uav_8,1495.483760167365,5505.138967498581,150
179,uav_8,1491.3382295298252,5480.485365159885,150
180,uav_8,1487.6041489968363,5455.766097874738,150
181,uav_8,1484.2825557889803,5430.988031947332,150
182,uav_8,1481.3743725496797,5406.158050014435,150
183,uav_8,1478.8804070889125,5381.2830491335935,150
184,uav_8,1476.8013521588261,5356.3699388673285,150
185,uav_8,1475.1377852613105,5331.425639363858,150
186,uav_8,1473.8901684875852,5306.457079434873,150
187,uav_8,1473.0588483898425,5281.47119463092,150
188,uav_8,1472.6440558849872,5256.474925314894,150
189,uav_8,1472.6459061904914,5231.475214734214,150
190,uav_8,1473.064398792394,5206.479007092184,150
191,uav_8,1473.8994174454408,5181.493245619088,150
192,uav_8,1475.1507302053747,5156.524870643568,150
193,uav_8,1476.8179894933644,5131.5808176647915,150
194,uav_8,1478.90073219255,5106.668015425976,150
195,uav_8,1481.398379776685,5081.793383989775,150
196,uav_8,1484.3102384708336,5056.963832816089,150
197,uav_8,1487.6354994440817,5032.186258842814,150
198,uav_8,1491.373239034207,5007.467544570065,150
199,uav_8,1495.522419004246,4982.814556148423,150
200,uav_8,1500.0818868308859,4958.234141471709,150
201,uav_8,1505.050376024603,4933.733128274838,150
202,uav_8,1510.4265064814583,4909.318322237266,150
203,uav_8,1516.2087848664485,4884.996505092574,150
204,uav_8,1522.3956050283127,4860.774432744691,150
205,uav_8,1528.985248445677,4836.658833391298,150
206,uav_8,1535.9758847044068,4812.656405654931,150
207,uav_8,1543.3655720060474,4788.773816722293,150
208,uav_8,1551.1522577071967,4765.017700492302,150
209,uav_8,1559.3337788896729,4741.394655733379,150
210,uav_8,1567.9078629613098,4717.9112442505075,150
211,uav_8,1576.8721282872193,4694.5739890625455,150
212,uav_8,1586.224084851339,4671.389372590321,150
213,uav_8,1595.9611349480904,4648.363834855998,150
214,uav_8,1606.0805739039442,4625.503771694227,150
215,uav_8,1616.5795908287027,4602.8155329755655,150
216,uav_8,1627.455269396284,4580.305420842658,150
217,uav_8,1638.7045886547944,4557.979687959694,150
218,uav_8,1650.3244238656614,4535.844535775586,150
219,uav_8,1662.3115473715975,4513.906112801388,150
220,uav_8,1674.6626294931505,4492.17051290242,150
221,uav_8,1687.3742394535923,4470.64377360556,150
222,uav_8,1700.4428463318923,4449.331874422198,150
223,uav_8,1713.8648200435032,4428.240735187292,150
224,uav_8,1727.6364323486973,4407.376214415014,150
225,uav_8,1741.7538578881633,4386.744107671422,150
226,uav_8,1756.2131752455819,4366.350145964612,150
227,uav_8,1771.010368036882,4346.199994152816,150
228,uav_8,1786.1413260258792,4326.299249370859,150
229,uav_8,1801.6018462659792,4306.653439475443,150
230,uav_8,1817.3876342676365,4287.26802150966,150
231,uav_8,1833.4943051912426,4268.148380187186,150
232,uav_8,1849.9173850651061,4249.299826396562,150
233,uav_8,1866.6523120281959,4230.727595725977,150
234,uav_8,1883.6944375972942,4212.436847008977,150
235,uav_8,1901.0390279582118,4194.4326608914835,150
236,uav_8,1918.6812652807077,4176.720038420543,150
237,uav_8,1936.616249056743,4159.3038996551695,150
238,uav_8,1954.8389974617007,4142.189082299703,150
239,uav_8,1973.3444487381962,4125.380340360027,150
240,uav_8,1992.1274626020863,4108.882342823045,150
241,uav_8,2011.1828216702954,4092.699672359769,150
242,uav_8,2030.5052329100517,4076.836824052384,150
243,uav_8,2050.0893291091425,4061.2982041456453,150
244,uav_8,2069.9296703667715,4046.0881288229457,150
245,uav_8,2090.020745604607,4031.2108230074086,150
246,uav_8,2110.356974097601,4016.670419188322,150
247,uav_8,2130.932707024155,4002.4709562732523,150
248,uav_8,2151.7422290352056,3988.6163784661503,150
249,uav_8,2172.779759841773,3975.1105341717675,150
250,uav_8,2194.0394558205717,3961.957174926678,150
251,uav_8,2215.515411637197,3949.1599543572047,150
252,uav_8,2237.2016618864554,3936.7224271645555,150
253,uav_8,2259.092182749387,3924.6480481374206,150
254,uav_8,2281.180893666508,3912.9401711923365,150
255,uav_8,2303.461659026815,3901.6020484420624,150
256,uav_8,2325.9282898720853,3890.6368292922352,150
257,uav_8,2348.5745456159875,3880.0475595665584,150
258,uav_8,2371.394135777541,3869.837180660755,150
259,uav_8,2394.3807217284316,3860.0085287255356,150
260,uav_8,2417.527918453697,3850.564333878795,150
261,uav_8,2440.8292963253066,3841.507219447264,150
262,uav_8,2464.278382888122,3832.8397012378264,150
263,uav_8,2487.8686646577667,3824.5641868386965,150
264,uav_8,2511.5935889298753,3816.6829749506633,150
265,uav_8,2535.446565600258,3809.198254748575,150
266,uav_8,2559.420968995436,3802.1121052732506,150
267,uav_8,2583.510139713065,3795.4264948539794,150
268,uav_8,2607.7073864717286,3789.1432805617787,150
269,uav_8,2632.005987969581,3783.2642076935517,150
270,uav_8,2656.399194751335,3777.790909287292,150
271,uav_8,2680.880231083065,3772.724905668475,150
272,uav_8,2705.442296834314,3768.067604027754,150
273,uav_8,2730.0785693669745,3763.820298030083,150
274,uav_8,2754.7822054304197,3759.9841674553727,150
275,uav_8,2779.5463430623645,3756.5602778707835,150
276,uav_8,2804.364103494922,3753.549580334741,150
277,uav_8,2829.228593065328,3750.9529111327565,150
278,uav_8,2854.1329051308035,3748.7709915451337,150
279,uav_8,2879.070121987017,3747.0044276466183,150
280,uav_8,2904.033316789634,3745.653710138045,150
281,uav_8,2929.0155554783883,3744.7192142100366,150
282,uav_8,2954.0098987031683,3744.2011994387863,150
283,uav_8,2979.00940375157,3744.0998097139554,150
284,uav_8,3004.0071264773815,3744.4150731987047,150
285,uav_8,3028.996123229469,3745.1469023218706,150
286,uav_8,3053.9694527805254,3746.2950938022914,150
287,uav_8,3078.9201782551413,3747.8593287052727,150
288,uav_8,3103.841369056674,3749.8391725311767,150
289,uav_8,3128.7261027923655,3752.234075336115,150
290,uav_8,3153.5674671961865,3755.043371884708,150
291,uav_8,3178.358562048865,3758.2662818348676,150
292,uav_8,3203.0925010945716,3761.9019099545526,150
293,uav_8,3227.762413953722,3765.94924637044,150
294,uav_8,3252.361448031368,3770.4071668484385,150
295,uav_8,3276.8827704206615,3775.2744331059694,150
296,uav_8,3301.3195698008326,3780.549693155923,150
297,uav_8,3325.665058329181,3786.2314816822063,150
298,uav_8,3349.9124735265464,3792.318220446762,150
299,uav_8,3374.0550801557283,3798.8082187279597,150
300,uav_8,3398.086172092344,3805.69967379023,150
301,uav_8,3421.999074187597,3812.9906713848113,150
302,uav_8,3445.7871441224434,3820.6791862814757,150
303,uav_8,3469.4437742526347,3828.7630828310776,150
304,uav_8,3492.962393444137,3837.240115558777,150
305,uav_8,3516.3364688983975,3846.1079297877673,150
306,uav_8,3539.5595079669747,3855.364062293339,150
307,uav_8,3562.6250599550067,3865.0059419870895,150
308,uav_8,3585.5267179130306,3875.030890631103,150
309,uav_8,3608.2581204166468,3885.4361235818806,150
310,uav_8,3630.8129533335455,3896.218750563843,150
311,uav_8,3653.1849515773883,3907.37577647216,150
312,uav_8,3675.36790084807,3918.9041022047077,150
313,uav_8,3697.3556393578738,3930.80052552291,150
314,uav_8,3719.142059543038,3943.061741941227,150
315,uav_8,3740.7211097602653,3955.6843456450497,150
316,uav_8,3762.086795967692,3968.6648304367336,150
317,uav_8,3783.233183389864,3981.9995907095235,150
318,uav_8,3804.1543981662453,3995.6849224490857,150
319,uav_8,3824.844628982811,4009.717024262378,150
320,uav_8,3845.2981286862605,4024.091998433568,150
321,uav_8,3865.5092158804136,4038.8058520067034,150
322,uav_8,3885.4722765043402,4053.8544978948485,150
323,uav_8,3905.181765391786,4069.2337560153524,150
324,uav_8,3924.6322078114563,4084.9393544509567,150
325,uav_8,3943.8182009877455,4100.966930636418,150
326,uav_8,3962.7344156014706,4117.312032570295,150
327,uav_8,3981.3755972702033,4133.970120051596,150
328,uav_8,3999.7365680077864,4150.936565940909,150
329,uav_8,4017.812227662632,4168.206657445691,150
330,uav_8,4035.597555334394,4185.77559742935,150
331,uav_8,4053.0876107686363,4203.638505743746,150
332,uav_8,4070.277535729086,4221.790420584761,150
333,uav_8,4087.1625553471195,4240.226299870545,150
334,uav_8,4103.7379794480785,4258.9410226420605,150
335,uav_8,4119.999203854072,4277.92939048554,150
336,uav_8,4135.941711662879,4297.186128976455,150
337,uav_8,4151.561074502618,4316.705889144601,150
338,uav_8,4166.8529537618215,4336.483248959888,150
339,uav_8,4181.813101794578,4356.512714838424,150
340,uav_8,4196.437363100404,4376.7887231684745,150
341,uav_8,4210.721675478526,4397.305641855879,150
342,uav_8,4224.662071156245,4418.0577718884815,150
343,uav_8,4238.25467789106,4439.039348919152,150
344,uav_8,4251.495720046283,4460.244544866961,150
345,uav_8,4264.381519639785,4481.66746953605,150
346,uav_8,4276.908497365648,4503.302172251759,150
347,uav_8,4289.073173588384,4525.142643513555,150
348,uav_8,4300.872169309483,4547.182816664302,150
349,uav_8,4312.302207106,4569.4165695753945,150
350,uav_8,4323.360112040934,4591.837726347322,150
351,uav_8,4334.042812545124,4614.440059025148,150
352,uav_8,4344.347341270455,4637.217289328461,150
353,uav_8,4354.270835914094,4660.163090395304,150
354,uav_8,4363.810540013558,4683.271088539584,150
355,uav_8,4372.963803712383,4706.534865021512,150
356,uav_8,4381.728084496174,4729.947957830542,150
357,uav_8,4390.100947898845,4753.503863480327,150
358,uav_8,4398.080068178845,4777.196038815206,150
359,uav_8,4405.663228965179,4801.017902827704,150
360,uav_8,4412.848323873053,4824.962838486549,150
361,uav_8,4419.633357088973,4849.0241945746875,150
362,uav_8,4426.016443925117,4873.1952875368115,150
363,uav_8,4431.99581134285,4897.469403335849,150
364,uav_8,4437.569798445227,4921.83979931794,150
365,uav_8,4442.736856938339,4946.299706085344,150
366,uav_8,4447.495551561381,4970.842329376794,150
367,uav_8,4451.844560485336,4995.460851954737,150
368,uav_8,4455.782675680134,5020.14843549898,150
369,uav_8,4459.308803250208,5044.898222506163,150
370,uav_8,4462.421963738351,5069.703338194593,150
371,uav_8,4465.121292397778,5094.556892413854,150
372,uav_8,4467.4060394323305,5119.451981558693,150
373,uav_8,4469.275570204744,5144.3816904866435,150
374,uav_8,4470.729365412936,5169.339094438858,150
375,uav_8,4471.767021234254,5194.317260963602,150
376,uav_8,4472.388249437639,5219.309251841895,150
377,uav_8,4472.592877463698,5244.308125014747,150
378,uav_8,4472.380848472627,5269.3069365114625,150
379,uav_8,4471.752221360006,5294.298742378479,150
380,uav_8,4470.707170740434,5319.2766006081965,150
381,uav_8,4469.24598689903,5344.23357306727,150
382,uav_8,4467.369075710802,5369.162727423824,150
383,uav_8,4465.076958527896,5394.057139073053,150
384,uav_8,4462.370272034794,5418.909893060678,150
385,uav_8,4459.24976807145,5443.714086003729,150
386,uav_8,4455.7163134244565,5468.462828008102,150
387,uav_8,4451.770889586273,5493.149244582373,150
388,uav_8,4447.414592482597,5517.766478547339,150
389,uav_8,4442.648632167946,5542.307691940742,150
390,uav_8,4437.47433248954,5566.766067916661,150
391,uav_8,4431.893130719574,5591.134812639036,150
392,uav_8,4425.906577155987,5615.407157168802,150
393,uav_8,4419.516334691832,5639.576359344105,150
394,uav_8,4412.724178353368,5663.6357056530815,150
395,uav_8,4405.531994807018,5687.578513098679,150
396,uav_8,4397.941781835299,5711.398131055004,150
397,uav_8,4389.955647781897,5735.087943114673,150
398,uav_8,4381.575810966033,5758.641368926664,150
399,uav_8,4372.804599066272,5782.051866024138,150
400,uav_8,4363.644448473968,5805.312931641767,150
401,uav_8,4354.097903616494,5828.418104522004,150
402,uav_8,4344.167616250484,5851.360966709835,150
403,uav_8,4333.856344725242,5874.135145335509,150
404,uav_8,4323.166953216559,5896.734314384734,150
405,uav_8,4312.102410931119,5919.152196455864,150
406,uav_8,4300.665791281748,5941.382564503581,150
407,uav_8,4288.860271033699,5963.419243568592,150
408,uav_8,4276.689129422242,5985.25611249285,150
409,uav_8,4264.155747241788,6006.887105619843,150
410,uav_8,4251.263605906797,6028.306214479457,150
411,uav_8,4238.016286484744,6049.507489456954,150
412,uav_8,4224.417468701398,6070.48504144561,150
413,uav_8,4210.470929918705,6091.233043482534,150
414,uav_8,4196.18054408554,6111.745732367238,150
415,uav_8,4181.550280661635,6132.0174102624815,150
416,uav_8,4166.58420351498,6152.042446276974,150
417,uav_8,4151.286469792996,6171.815278029473,150
418,uav_8,4135.6613287677965,6191.330413193853,150
419,uav_8,4119.713120655864,6210.582431024715,150
420,uav_8,4103.446275412462,6229.565983863121,150
421,uav_8,4086.865311501115,6248.275798622011,150
422,uav_8,4069.9748346385186,6266.706678250924,150
423,uav_8,4052.7795365151956,6284.853503179583,150
424,uav_8,4035.2841934922812,6302.71123273997,150
425,uav_8,4017.4936652747874,6320.274906566477,150
426,uav_8,3999.4128935617146,6337.539645973751,150
427,uav_8,3981.0469006733906,6354.50065531186,150
428,uav_8,3962.4007881564135,6371.153223298379,150
429,uav_8,3943.47973536659,6387.492724327054,150
430,uav_8,3924.2889980302534,6403.514619752662,150
431,uav_8,3904.83390678438,6419.214459151716,150
432,uav_8,3885.1198656958863,6434.5878815586675,150
433,uav_8,3865.1523507605352,6449.630616677252,150
434,uav_8,3844.9369083818638,6464.338486066663,150
435,uav_8,3824.4791538305467,6478.707404302196,150
436,uav_8,3803.784769684639,6492.733380110067,150
437,uav_8,3782.859504251117,6506.41251747607,150
438,uav_8,3761.7091699691623,6519.741016727784,150
439,uav_8,3740.3396417956355,6532.715175590008,150
440,uav_8,3718.756855573179,6545.331390213147,150
441,uav_8,3696.966806381411,6557.58615617426,150
442,uav_8,3674.975546871664,6569.476069450493,150
443,uav_8,3652.7891855857306,6580.9978273646075,150
444,uav_8,3630.41388525909,6592.148229502378,150
445,uav_8,3607.8558611090702,6602.9241786015755,150
446,uav_8,3585.121379108443,6613.322681412294,150
447,uav_8,3562.2167542449156,6623.340849528394,150
448,uav_8,3539.1483487670066,6632.975900189814,150
449,uav_8,3515.922570416797,6642.225157055546,150
450,uav_8,3492.545870650043,6651.086050947046,150
451,uav_8,3469.024742844146,6659.556120561872,150
452,uav_8,3445.365720494478,6667.633013157375,150
453,uav_8,3421.575375399565,6675.31448520421,150
454,uav_8,3397.6603158356284,6682.598403009533,150
455,uav_8,3373.6271847209955,6689.482743309681,150
456,uav_8,3349.482657770888,6695.965593832167,150
457,uav_8,3325.233441643099,6702.045153826865,150
458,uav_8,3300.886272075074,6707.7197345662025,150
459,uav_8,3276.447912012921,6712.9877598142375,150
460,uav_8,3251.9251497328514,6717.847766264497,150
461,uav_8,3227.324796955596,6722.29840394644,150
462,uav_8,3202.653686954301,6726.3384366004375,150
463,uav_8,3177.9186726564435,6729.966742021176,150
464,uav_8,3153.126624740283,6733.182312369367,150
465,uav_8,3128.2844297263837,6735.984254451701,150
466,uav_8,3103.398988064737,6738.371789968951,150
467,uav_8,3078.477212218013,6740.344255732157,150
468,uav_8,3053.526024741479,6741.901103846845,150
469,uav_8,3028.552356360109,6743.041901865217,150
470,uav_8,3003.563144043429,6743.766332906269,150
471,uav_8,2978.565329078624,6744.074195743816,150
472,uav_8,2953.5658551424494,6743.965404862381,150
473,uav_8,2928.571666372473,6743.439990480953,150
474,uav_8,2903.589705438199,6742.498098544595,150
475,uav_8,2878.626911612586,6741.1399906839,150
476,uav_8,2853.6902188445188,6739.366044142316,150
477,uav_8,2828.786553832758,6737.176751671367,150
478,uav_8,2803.922834101898,6734.5727213937735,150
479,uav_8,2779.105966080881,6731.554676634534,150
480,uav_8,2754.342843184584,6728.1234557200105,150
481,uav_8,2729.640343899029,6724.280011745059,150
482,uav_8,2705.0053298707403,6720.025412308295,150
483,uav_8,2680.4446440007623,6715.3608392155365,150
484,uav_8,2655.965108543917,6710.28758815154,150
485,uav_8,2631.5735232137563,6704.8070683200895,150
486,uav_8,2607.276663293818,6698.920802052567,150
487,uav_8,2583.081277755623,6692.6304243850855,150
488,uav_8,2558.994087384029,6685.937682604329,150
489,uav_8,2535.0217829103644,6678.844435762201,150
490,uav_8,2511.1710231539582,6671.352654159439,150
491,uav_8,2487.4484331724884,6663.464418798315,150
492,uav_8,2463.8606024217524,6655.181920804597,150
493,uav_8,2440.4140829252847,6646.507460818916,150
494,uav_8,2417.115387454412,6637.443448357714,150
495,uav_8,2393.9709877191717,6627.992401143948,150
496,uav_8,2370.987312570675,6618.15694440774,150
497,uav_8,2348.1707462153477,6607.939810157168,150
498,uav_8,2325.5276264415734,6597.343836419377,150
499,uav_8,2303.0642428592546,6586.37196645228,150
500,uav_8,2280.7868351527204,6575.027247926979,150
501,uav_8,2258.7015913475398,6563.312832081235,150
502,uav_8,2236.8146460916464,6551.231972844122,150
503,uav_8,2215.132078951327,6538.7880259321955,150
504,uav_8,2193.6599127224763,6525.984447917358,150
505,uav_8,2172.404111757651,6512.824795266735,150
506,uav_8,2151.3705803093303,6499.3127233547775,150
507,uav_8,2130.565160889897,6485.451985447913,150
508,uav_8,2109.9936326487414,6471.246431661991,150
509,uav_8,2089.6617097669923,6456.700007892832,150
510,uav_8,2069.575039870269,6441.816754720173,150
511,uav_8,2049.7392024599426,6426.600806285306,150
512,uav_8,2030.1597073633075,6411.056389142739,150
513,uav_8,2010.8419932031015,6395.187821086169,150
514,uav_8,1991.791425886828,6378.999509949134,150
515,uav_8,1973.013297116242,6362.4959523806365,150
516,uav_8,1954.5128229174857,6345.681732596107,150
517,uav_8,1936.2951421922078,6328.561521104036,150
518,uav_8,1918.3653152901413,6311.140073408646,150
519,uav_8,1900.7283226034665,6293.42222868894,150
520,uav_8,1883.3890631834167,6275.41290845453,150
521,uav_8,1866.3523533794473,6257.1171151785675,150
522,uav_8,1849.6229255014064,6238.539930908212,150
523,uav_8,1833.2054265050197,6219.6865158529745,150
524,uav_8,1817.1044167011141,6200.562106951368,150
525,uav_8,1801.3243684888807,6181.172016416226,150
526,uav_8,1785.8696651135813,6161.521630259132,150
527,uav_8,1770.7445994490038,6141.616406794334,150
528,uav_8,1755.9533728050203,6121.46187512258,150
529,uav_8,1741.5000937605944,6101.0636335953,150
530,uav_8,1727.388777022523,6080.427348259532,150
531,uav_8,1713.6233423102788,6059.55875128407,150
532,uav_8,1700.2076132672119,6038.46363936722,150
533,uav_8,1687.1453163984631,6017.147872126654,150
534,uav_8,1674.440080035836,5995.617370471764,150
535,uav_8,1662.0954333299621,5973.878114959019,150
536,uav_8,1650.114805269992,5951.936144130716,150
537,uav_8,1638.5015237311325,5929.797552837671,150
538,uav_8,1627.258814550246,5907.468490546222,150
539,uav_8,1616.3898006298168,5884.9551596301,150
540,uav_8,1605.897501070489,5862.2638136475725,150
541,uav_8,1595.7848303324536,5839.400755604399,150
542,uav_8,1586.054597425892,5816.37233620303,150
543,uav_8,1576.7095051307117,5793.1849520785545,150
544,uav_8,1567.752149245796,5769.845044021917,150
545,uav_8,1559.1850178679606,5746.359095190832,150
546,uav_8,1551.0104907008365,5722.733629308966,150
547,uav_8,1543.2308383938507,5698.975208853813,150
548,uav_8,1535.8482219115117,5675.09043323385,150
549,uav_8,1528.8646919331484,5651.085936955386,150
550,uav_8,1522.2821882832968,5626.968387779714,150
551,uav_8,1516.1025393928662,5602.7444848709665,150
552,uav_8,1510.327461791259,5578.420956935309,150
553,uav_8,1504.9585596295633,5554.004560351874,150
554,uav_8,1499.9973242349695,5529.502077296054,150
555,uav_8,1495.445133696519,5504.920313855588,150
556,uav_8,1491.3032524823136,5480.266098140039,150
557,uav_8,1487.5728310882812,5455.546278384138,150
558,uav_8,1484.2549057185993,5430.76772104553,150
559,uav_8,1481.3503979978702,5405.93730889749,150
560,uav_8,1478.8601147151178,5381.061939117061,150
561,uav_8,1476.7847475996864,5356.1485213692395,150
562,uav_8,1475.1248731290966,5331.203975887645,150
563,uav_8,1473.8809523689174,5306.235231552303,150
564,uav_8,1473.0533308446948,5281.249223964975,150
565,uav_8,1472.6422384459747,5256.252893522667,150
566,uav_8,1472.6477893624474,5231.253183489774,150
567,uav_8,1473.069982052227,5206.25703806945,150
568,uav_8,1473.9086992422813,5181.271400474692,150
569,uav_8,1475.1637079610052,5156.303210999738,150
570,uav_8,1476.8346596029367,5131.359405092224,150
571,uav_8,1478.9210900255853,5106.446911426738,150
572,uav_8,1481.42241967836,5081.572649980226,150
573,uav_8,1484.337953763553,5056.743530109809,150
574,uav_8,1487.6668824293308,5031.966448633585,150
575,uav_8,1491.408280994692,5007.248287914863,150
576,uav_8,1495.561110206314,4982.5959139504685,150
577,uav_8,1500.12421652723,4958.016174463536,150
578,uav_8,1505.096332457246,4933.515897001438,150
579,uav_8,1510.4760768850206,4909.101887039262,150
580,uav_8,1516.2619554716912,4884.780926089464,150
581,uav_8,1522.4523610659662,4860.559769818142,150
582,uav_8,1529.045574150539,4836.445146168524,150
583,uav_8,1536.0397633197263,4812.443753492117,150
584,uav_8,1543.4329857881742,4788.562258688121,150
585,uav_8,1551.2231879305145,4764.807295351527,150
586,uav_8,1559.4082058517981,4741.185461930522,150
587,uav_8,1567.985765988564,4717.703319893616,150
588,uav_8,1576.9534857403744,4694.367391907045,150
589,uav_8,1586.308874131625,4671.184160022984,150
590,uav_8,1596.0493325034754,4648.160063878994,150
591,uav_8,1606.172155235673,4625.301498909298,150
592,uav_8,1616.6745304981066,4602.614814568293,150
593,uav_8,1627.553541031842,4580.106312566867,150
594,uav_8,1638.806164959463,4557.782245121955,150
595,uav_8,1650.4292766244525,4535.648813219865,150
596,uav_8,1662.4196474594203,4513.712164893801,150
597,uav_8,1674.7739468828963,4491.978393516141,150
598,uav_8,1687.4887432244814,4470.453536105848,150
599,uav_8,1700.5605046780558,4449.143571651581,150
600,uav_8,1713.9856002828258,4428.054419450883,150
601,uav_8,1727.760300931889,4407.1919374659865,150
602,uav_8,1741.8807804080793,4386.561920696634,150
603,uav_8,1756.3431164467843,4366.170099570383,150
604,uav_8,1771.143291825427,4346.022138350877,150
605,uav_8,1786.2771954793482,4326.123633564454,150
606,uav_8,1801.740623643729,4306.480112445614,150
607,uav_8,1817.5292810212898,4287.097031401688,150
608,uav_8,1833.6387819753877,4267.979774497226,150
609,uav_8,1850.0646517482344,4249.13365195844,150
610,uav_8,1866.8023277038403,4230.563898698194,150
611,uav_8,1883.8471605953996,4212.275672861874,150
612,uav_8,1901.1944158567042,4194.274054394624,150
613,uav_8,1918.8392749172824,4176.564043630264,150
614,uav_8,1936.776836540848,4159.150559902357,150
615,uav_8,1955.0021181867364,4142.038440177745,150
616,uav_8,1973.510057393899,4125.232437712988,150
617,uav_8,1992.2955131871154,4108.737220734045,150
618,uav_8,2011.3532675050146,4092.5573711395637,150
619,uav_8,2030.6780266494898,4076.697383228178,150
620,uav_8,2050.264422756152,4061.161662450101,150
621,uav_8,2070.1070152853513,4045.9545241834367,150
622,uav_8,2090.2002925334223,4031.0801925354745,150
623,uav_8,2110.538673163657,4016.542799169366,150
624,uav_8,2131.116507756661,4002.346382156457,150
625,uav_8,2151.92808037958,3988.4948848546383,150
626,uav_8,2172.9676101738405,3974.9921548129823,150
627,uav_8,2194.2292529608903,3961.841942703013,150
628,uav_8,2215.7071028655614,3949.0479012768706,150
629,uav_8,2237.3951939565327,3936.613584352687,150
630,uav_8,2259.2875019035155,3924.5424458274324,150
631,uav_8,2281.3779456506227,3912.8378387175244,150
632,uav_8,2303.6603891055192,3901.5030142274563,150
633,uav_8,2326.128642843859,3890.541120846702,150
634,uav_8,2348.776465828513,3879.9552034751623,150
635,uav_8,2371.5975671431715,3869.7482025773716,150
636,uav_8,2394.58560773976,3859.922953365727,150
637,uav_8,2417.7342021992627,3850.4821850129447,150
638,uav_8,2441.036920505392,3841.4285198939733,150
639,uav_8,2464.487289830682,3832.764472857576,150
640,uav_8,2488.0787963344346,3824.492450527776,150
641,uav_8,2511.8048869720956,3816.6147506353627,150
642,uav_8,2535.6589713154863,3809.1335613796555,150
643,uav_8,2559.6344233834525,3802.0509608206758,150
644,uav_8,2583.7245834823552,3795.368916301926,150
645,uav_8,2607.9227600559593,3789.0892839039197,150
646,uav_8,2632.222231544142,3783.2138079286105,150
647,uav_8,2656.616248249954,3777.74412041488,150
648,uav_8,2681.098034214502,3772.6817406852,150
649,uav_8,2705.6607890990977,3768.028074923612,150
650,uav_8,2730.2976900742156,3763.784415785126,150
651,uav_8,2755.0018937146615,3759.951942036661,150
652,uav_8,2779.7665379004993,3756.531718229615,150
653,uav_8,2804.58474372313,3753.5246944041646,150
654,uav_8,2829.4496173960783,3750.9317058253714,150
655,uav_8,2854.354252169866,3748.7534727511675,150
656,uav_8,2879.2917302505302,3746.9906002322887,150
657,uav_8,2904.2551247211686,3745.643577944212,150
658,uav_8,2929.2375014660597,3744.7127800511334,150
659,uav_8,2954.231921096738,3744.198465102038,150
660,uav_8,2979.2314408795805,3744.100775958882,150
661,uav_8,3004.2291166642804,3744.4197397569114,150
662,uav_8,3029.2180048127407,3745.155267897121,150
663,uav_8,3054.1911641278257,3746.3071560708695,150
664,uav_8,3079.141657781408,3747.8750843166245,150
665,uav_8,3104.062555241243,3749.8586171088455,150
666,uav_8,3128.94693419605,3752.2572034789537,150
667,uav_8,3153.787882478352,3755.0701771683816,150
668,uav_8,3178.5784999844595,3758.2967568136364,150
669,uav_8,3203.3119005911403,3761.9360461633405,150
670,uav_8,3227.981214068367,3765.987034327186,150
671,uav_8,3252.579587987691,3770.4485960567317,150
672,uav_8,3277.10018962563,3775.3194920579617,150
673,uav_8,3301.5362078616236,3780.5983693355292,150
674,uav_8,3325.880855069946,3786.283761568578,150
675,uav_8,3350.127369005136,3792.3740895180454,150
676,uav_8,3374.269014680336,3798.8676614653277,150
677,uav_8,3398.2990862380857,3805.762673682192,150
678,uav_8,3422.210908813027,3813.057210931804,150
679,uav_8,3445.9978403859686,3820.7492470007182,150
680,uav_8,3469.6532736288736,3828.83664526171,150
681,uav_8,3493.1706377401615,3837.3171592672634,150
682,uav_8,3516.543400269913,3846.1884333735743,150
683,uav_8,3539.765068934372,3855.4480033948753,150
684,uav_8,3562.8291934193408,3865.0932972879236,150
685,uav_8,3585.7293671718708,3875.1216358664337,150
686,uav_8,3608.459229179839,3885.5302335452834,150
687,uav_8,3631.012465738835,3896.3161991142642,150
688,uav_8,3653.382812205948,3907.4765365411868,150
689,uav_8,3675.564054739884,3919.0081458040786,150
690,uav_8,3697.550032027013,3930.9078237522945,150
691,uav_8,3719.3346369927895,3943.1722649962526,150
692,uav_8,3740.911818498129,3955.7980628255764,150
693,uav_8,3762.2755830202464,3968.7817101553883,150
694,uav_8,3783.419996317473,3982.1196005004676,150
695,uav_8,3804.3391850776325,3995.8080289770396,150
696,uav_8,3825.0273385494647,4009.8431933318743,150
697,uav_8,3845.4787101567003,4024.221194998455,150
698,uav_8,3865.687619094279,4038.9380401798767,150
699,uav_8,3885.6484519063324,4053.989640958222,150
700,uav_8,3905.3556640454226,4069.3718164300526,150
701,uav_8,3924.8037814126774,4085.080293867759,150
702,uav_8,3943.9874018783185,4101.1107099063875,150
703,uav_8,3962.901196782238,4117.458611755674,150
704,uav_8,3981.539912414129,4134.119458436884,150
705,uav_8,3999.8983714728347,4151.088622044183,150
706,uav_8,4017.971474504435,4168.361389030122,150
707,uav_8,4035.7542013187413,4185.932961514935,150
708,uav_8,4053.2416123837625,4203.798458619254,150
709,uav_8,4070.4288501977535,4221.952917819864,150
710,uav_8,4087.311140638506,4240.391296328168,150
711,uav_8,4103.883794289446,4259.108472490914,150
712,uav_8,4120.142207742237,4278.099247212856,150
713,uav_8,4136.081864875457,4297.358345400899,150
714,uav_8,4151.698338109063,4316.880417429387,150
715,uav_8,4166.987289634237,4336.660040626057,150
716,uav_8,4181.9444726183065,4356.691720778317,150
717,uav_8,4196.565732384395,4376.9698936593695,150
718,uav_8,4210.847007565472,4397.4889265738075,150
719,uav_8,4224.78433123248,4418.243119922197,150
720,uav_8,4238.373831996243,4439.226708784285,150
721,uav_8,4251.611735082814,4460.433864520309,150
722,uav_8,4264.494363382012,4481.858696390034,150
723,uav_8,4277.018138468813,4503.495253189041,150
724,uav_8,4289.179581597327,4525.337524901782,150
725,uav_8,4300.975314667112,4547.379444371008,150
726,uav_8,4312.402061161488,4569.614888983036,150
727,uav_8,4323.456647057686,4592.037682368451,150
728,uav_8,4334.136001708477,4614.641596117709,150
729,uav_8,4344.437158695131,4637.420351511228,150
730,uav_8,4354.357256651384,4660.367621263415,150
731,uav_8,4363.8935400582595,4683.4770312802275,150
732,uav_8,4373.04336000946,4706.742162429695,150
733,uav_8,4381.804174947169,4730.156552324985,150
734,uav_8,4390.173551368009,4753.713697119453,150
735,uav_8,4398.149164499015,4777.407053313246,150
736,uav_8,4405.728798943376,4801.230039570877,150
737,uav_8,4412.9103492958175,4825.176038549343,150
738,uav_8,4419.691820727419,4849.238398736236,150
739,uav_8,4426.07132953972,4873.410436297333,150
740,uav_8,4432.047103687961,4897.685436933185,150
741,uav_8,4437.6174832733,4922.056657744144,150
742,uav_8,4442.780921003895,4946.517329103363,150
743,uav_8,4447.535982624687,4971.0606565371845,150
744,uav_8,4451.8813473158,4995.679822612474,150
745,uav_8,4455.815808059428,5020.367988830282,150
746,uav_8,4459.338271975106,5045.1182975254105,150
747,uav_8,4462.447760623287,5069.923873771249,150
748,uav_8,4465.143410277116,5094.7778272894575,150
749,uav_8,4467.424472162357,5119.673254363862,150
750,uav_8,4469.2903126653755,5144.603239758137,150
751,uav_8,4470.740413509139,5169.560858636634,150
752,uav_8,4471.774371897183,5194.539178487919,150
753,uav_8,4472.391900625492,5219.531261050425,150
754,uav_8,4472.592828162278,5244.530164239691,150
755,uav_8,4472.37709869563,5269.528944076687,150
756,uav_8,4471.744772149012,5294.520656616643,150
757,uav_8,4470.69602416462,5319.4983598778845,150
758,uav_8,4469.231146054597,5344.455115770109,150
759,uav_8,4467.350544720108,5369.3839920216,150
760,uav_8,4465.054742538322,5394.278064104797,150
761,uav_8,4462.344377217305,5419.13041715975,150
762,uav_8,4459.220201618884,5443.934147914851,150
763,uav_8,4455.6830835495275,5468.682366604382,150
764,uav_8,4451.734005519288,5493.368198882277,150
765,uav_8,4447.374064468892,5517.984787731639,150
766,uav_8,4442.604471465042,5542.525295369401,150
767,uav_8,4437.426551364016,5566.982905145678,150
768,uav_8,4431.8417424436575,5591.350823437246,150
769,uav_8,4425.851596003869,5615.622281534591,150
770,uav_8,4419.457775935699,5639.790537522091,150
771,uav_8,4412.662058259168,5663.848878150699,150
772,uav_8,4405.46633062993,5687.790620702721,150
773,uav_8,4397.872591814952,5711.609114848052,150
774,uav_8,4389.882951137295,5735.297744491477,150
775,uav_8,4381.499627890222,5758.849929610407,150
776,uav_8,4372.724950720728,5782.259128082645,150
777,uav_8,4363.561356982718,5805.518837503572,150
778,uav_8,4354.011392059974,5828.622596992362,150
779,uav_8,4344.077708659126,5851.563988986593,150
780,uav_8,4333.763066072799,5874.336641024899,150
781,uav_8,4323.070329413166,5896.934227517027,150
782,uav_8,4312.002468816103,5919.350471500917,150
783,uav_8,4300.562558616163,5941.57914638627,150
784,uav_8,4288.753776492623,5963.614077684098,150
785,uav_8,4276.579402586806,5985.4491447218425,150
786,uav_8,4264.042818590964,6007.078282343498,150
787,uav_8,4251.147506808928,6028.49548259436,150
788,uav_8,4237.897049188833,6049.694796389843,150
789,uav_8,4224.295126328149,6070.670335167987,150
790,uav_8,4210.345516451325,6091.416272525112,150
791,uav_8,4196.052094360295,6111.9268458342385,150
792,uav_8,4181.4188303581805,6132.196357845772,150
793,uav_8,4166.4497891464425,6152.219178270046,150
794,uav_8,4151.149128695837,6171.9897453412395,150
795,uav_8,4135.521099091437,6191.502567362296,150
796,uav_8,4119.570041352088,6210.752224230339,150
797,uav_8,4103.300386224603,6229.733368942236,150
798,uav_8,4086.7166529530086,6248.440729079841,150
799,uav_8,4069.8234480232513,6266.86910827451,150
800,uav_8,4052.62546388363,6285.0133876505215,150
801,uav_8,4035.127477641381,6302.868527246934,150
802,uav_8,4017.334349735724,6320.429567417561,150
803,uav_8,3999.2510225877822,6337.691630208601,150
804,uav_8,3980.8825192277063,6354.64992071361,150
805,uav_8,3962.2339418994356,6371.299728405376,150
806,uav_8,3943.310470643425,6387.63642844438,150
807,uav_8,3924.117361857794,6403.655482963428,150
808,uav_8,3904.6599468382346,6419.35244232816,150
809,uav_8,3884.943630297146,6434.722946373015,150
810,uav_8,3864.9738888623424,6449.762725612369,150
811,uav_8,3844.75626955582,6464.467602426472,150
812,uav_8,3824.2963882529443,6478.833492221871,150
813,uav_8,3803.5999281225168,6492.856404565997,150
814,uav_8,3782.672638048167,6506.532444295586,150
815,uav_8,3761.520331031459,6519.857812598653,150
816,uav_8,3740.148882577228,6532.828808069681,150
817,uav_8,3718.5642290615096,6545.441827737779,150
818,uav_8,3696.772366082608,6557.693368067471,150
819,uav_8,3674.779346795669,6569.58002593189,150
820,uav_8,3652.591280231307,6581.0984995580575,150
821,uav_8,3630.2143295986707,6592.245589444033,150
822,uav_8,3607.6547105735026,6603.01819924763,150
823,uav_8,3584.91868957158,6613.413336646509,150
824,uav_8,3562.0125820081057,6623.428114169341,150
825,uav_8,3538.942750543444,6633.0597499978785,150
826,uav_8,3515.7156033157785,6642.305568739654,150
827,uav_8,3492.3375921611014,6651.163002171133,150
828,uav_8,3468.8152108210747,6659.629589951095,150
829,uav_8,3445.154993139273,6667.7029803040405,150
830,uav_8,3421.3635112462443,6675.38093067345,150
831,uav_8,3397.447373733986,6682.661308344701,150
832,uav_8,3373.4132238202437,6689.542091037476,150
833,uav_8,3349.267737503237,6696.0213674674915,150
834,uav_8,3325.017621707239,6702.0973378774015,150
835,uav_8,3300.669612419603,6707.7683145367155,150
836,uav_8,3276.23047281968,6713.032722210604,150
837,uav_8,3251.7069914002204,6717.889098597452,150
838,uav_8,3227.1059800817065,6722.336094735045,150
839,uav_8,3202.434272320214,6726.372475375272,150
840,uav_8,3177.698721209255,6729.997119327243,150
841,uav_8,3152.9061975762024,6733.209019768721,150
842,uav_8,3128.0635880737645,6736.007284525793,150
843,uav_8,3103.1777932670593,6738.391136320685,150
844,uav_8,3078.255725716858,6740.359912987671,150
845,uav_8,3053.3043080594466,6741.913067657002,150
846,uav_8,3028.330471083744,6743.050168906814,150
847,uav_8,3003.3411518061007,6743.770900882959,150
848,uav_8,2978.3432915434187,6744.075063386745,150
849,uav_8,2953.343833985029,6743.962571930542,150
850,uav_8,2928.3497232639584,6743.433457761255,150
851,uav_8,2903.3679020280224,6742.48786785164,150
852,uav_8,2878.405309511382,6741.12606485948,150
853,uav_8,2853.468879606999,6739.348427054628,150
854,uav_8,2828.5655389406234,6737.155448213933,150
855,uav_8,2803.702204946751,6734.547737484081,150
856,uav_8,2778.885783947179,6731.5260192124,150
857,uav_8,2754.123169232618,6728.091132745644,150
858,uav_8,2729.421239147927,6724.244032196857,150
859,uav_8,2704.7868551815245,6719.985786180346,150
860,uav_8,2680.226860059441,6715.317577514842,150
861,uav_8,2655.7480758446295,6710.240702894961,150
862,uav_8,2631.3573020419685,6704.756572531008,150
863,uav_8,2607.061313709575,6698.866709757265,150
864,uav_8,2582.8668595768704,6692.572750608853,150
865,uav_8,2558.780660169993,6685.8764433672895,150
866,uav_8,2534.8094059450095,6678.77964807486,150
867,uav_8,2510.9597554295206,6671.2843360179595,150
868,uav_8,2487.2383333730886,6663.392589179518,150
869,uav_8,2463.651728907095,6655.106599660694,150
870,uav_8,2440.206493714447,6646.428669071962,150
871,uav_8,2416.9091402097265,6637.361207893799,150
872,uav_8,2393.766139730218,6627.906734807117,150
873,uav_8,2370.7839207383536,6618.067875993646,150
874,uav_8,2347.9688670360815,6607.847364406463,150
875,uav_8,2325.327315991614,6597.248039010845,150
876,uav_8,2302.865556779106,6586.272843995694,150
877,uav_8,2280.589828631683,6574.924827955719,150
878,uav_8,2258.50631910838,6563.207143044633,150
879,uav_8,2236.621162375397,6551.123044099564,150
880,uav_8,2214.9404375022214,6538.675887736967,150
881,uav_8,2193.470166773018,6525.869131420236,150
882,uav_8,2172.2163140138277,6512.706332499339,150
883,uav_8,2151.184782935975,6499.191147222669,150
884,uav_8,2130.381415496196,6485.327329721458,150
885,uav_8,2109.8119902739004,6471.118730966979,150
886,uav_8,2089.4822208660567,6456.569297700857,150
887,uav_8,2069.3977543001165,6441.683071338782,150
888,uav_8,2049.564169465423,6426.464186847912,150
889,uav_8,2029.986975563572,6410.916871598307,150
890,uav_8,2010.6716105780947,6395.045444188674,150
891,uav_8,1991.6234397639614,6378.8543132468,150
892,uav_8,1972.8477541572474,6362.347976204947,150
893,uav_8,1954.3497691054536,6345.531018050605,150
894,uav_8,1936.1346228188156,6328.408110052902,150
895,uav_8,1918.2073749430715,6310.984008465074,150
896,uav_8,1900.5730051540222,6293.263553203302,150
897,uav_8,1883.2364117743355,6275.251666502329,150
898,uav_8,1866.2024104129166,6256.953351548196,150
899,uav_8,1849.4757326272859,6238.373691088516,150
900,uav_8,1833.0610246092724,6219.5178460206125,150
901,uav_8,1816.962845894448,6200.391053957985,150
902,uav_8,1801.1856680956128,6180.998627775446,150
903,uav_8,1785.7338736607048,6161.345954133349,150
904,uav_8,1770.611754655494,6141.438491981343,150
905,uav_8,1755.8235115713542,6121.281771042018,150
906,uav_8,1741.373252158502,6100.881390274921,150
907,uav_8,1727.264990284967,6080.243016321307,150
908,uav_8,1713.5026448216684,6059.372381930131,150
909,uav_8,1700.090038553851,6038.275284365634,150
910,uav_8,1687.030897119238,6016.957583797043,150
911,uav_8,1674.3288479731448,5995.425201670775,150
912,uav_8,1661.9874193808841,5973.684119065637,150
913,uav_8,1650.010039437708,5951.740375031443,150
914,uav_8,1638.4000351165882,5929.600064911554,150
915,uav_8,1627.1606313440711,5907.269338649747,150
916,uav_8,1616.2949501044918,5884.754399081956,150
917,uav_8,1605.8060095727742,5862.061500213292,150
918,uav_8,1595.6967232760646,5839.196945480856,150
919,uav_8,1585.9698992844446,5816.167086002835,150
920,uav_8,1576.6282394309228,5792.978318814334,150
921,uav_8,1567.6743385609489,5769.637085090471,150
922,uav_8,1559.1106838116334,5746.149868357194,150
923,uav_8,1550.9396539209006,5722.523192690354,150
924,uav_8,1543.163518566734,5698.763620903491,150
925,uav_8,1535.7844377367333,5674.877752724888,150
926,uav_8,1528.804461128124,5650.872222964336,150
927,uav_8,1522.225527578419,5626.753699670199,150
928,uav_8,1516.0494645268548,5602.528882277192,150
929,uav_8,1510.2779875067915,5578.204499745498,150
930,uav_8,1504.912699669178,5553.7873086916325,150
931,uav_8,1499.9550913372493,5529.284091511666,150
932,uav_8,1495.4065395925536,5504.701654497262,150
933,uav_8,1491.2683078924388,5480.046825945078,150
934,uav_8,1487.5415457191027,5455.3264542600755,150
935,uav_8,1484.2272882602965,5430.54740605321,150
936,uav_8,1481.3264561217816,5405.716564234103,150
937,uav_8,1478.8398550716106,5380.840826099151,150
938,uav_8,1476.7681758163092,5355.9271014156675,150
939,uav_8,1475.1119938090158,5330.98231050253,150
940,uav_8,1473.8717690896392,5306.013382307937,150
941,uav_8,1473.047846157071,5281.0272524847205,150
942,uav_8,1472.6404538734946,5256.030861463843,150
943,uav_8,1472.649705400814,5231.031152526524,150
944,uav_8,1473.0755981692196,5206.035069875615,150
945,uav_8,1473.9180138779034,5181.049556706676,150
946,uav_8,1475.1767185279184,5156.08155327938,150
947,uav_8,1476.8513624871778,5131.137994989694,150
948,uav_8,1478.9414805875715,5106.225810443415,150
949,uav_8,1481.446492254178,5081.3519195316285,150
950,uav_8,1484.3657016665306,5056.523231508532,150
951,uav_8,1487.6982979518957,5031.746643072267,150
952,uav_8,1491.4433554105124,5007.029036449191,150
953,uav_8,1495.5998337727217,4982.377277482217,150
954,uav_8,1500.1665784879278,4957.798213723653,150
955,uav_8,1505.1423210452954,4933.298672533172,150
956,uav_8,1510.5256793261087,4908.885459181345,150
957,uav_8,1516.315157987682,4884.565354959354,150
958,uav_8,1522.5091488787248,4860.345115295323,150
959,uav_8,1529.1059314860381,4836.231467877872,150
960,uav_8,1536.1036734124275,4812.231110787339,150
961,uav_8,1543.5004308856849,4788.350710635267,150
962,uav_8,1551.2941492985199,4764.596900712583,150
963,uav_8,1559.4826637792617,4740.976279147096,150
964,uav_8,1568.0636997932077,4717.495407070687,150
965,uav_8,1577.034873774419,4694.160806796842,150
966,uav_8,1586.39369378781,4670.978960008924,150
967,uav_8,1596.1375602213275,4647.9563059597685,150
968,uav_8,1606.2637665080608,4625.099239683017,150
969,uav_8,1616.7694998780428,4602.414110216776,150
970,uav_8,1627.6518421395572,4579.907218840026,150
971,uav_8,1638.9077704897225,4557.584817322329,150
972,uav_8,1650.5341583541524,4535.4531061872385,150
973,uav_8,1662.5277762554197,4513.518232989983,150
974,uav_8,1674.8852927101182,4491.786290609849,150
975,uav_8,1687.603275154241,4470.263315557773,150
976,uav_8,1700.678190896666,4448.955286299539,150
977,uav_8,1714.106408100428,4427.868121595147,150
978,uav_8,1727.884196791531,4407.0076788547685,150
979,uav_8,1742.007729895042,4386.379752511693,150
980,uav_8,1756.473084298136,4365.990072412826,150
981,uav_8,1771.2762419398273,4345.844302227082,150
982,uav_8,1786.4130909270598,4325.948037872208,150
983,uav_8,1801.8794266768916,4306.306805960367,150
984,uav_8,1817.6709530843968,4286.926062263016,150
985,uav_8,1833.7832837160042,4267.811190195453,150
986,uav_8,1850.2119430279115,4248.96749932146,150
987,uav_8,1866.9523676092826,4230.400223878447,150
988,uav_8,1883.9999074498187,4212.114521323538,150
989,uav_8,1901.3498272314057,4194.115470900972,150
990,uav_8,1918.9973076434342,4176.408072231253,150
991,uav_8,1936.9374467214882,4158.997243922371,150
992,uav_8,1955.1652612089608,4141.887822203567,150
993,uav_8,1973.6756879412465,4125.084559581983,150
994,uav_8,1992.4635852521674,4108.592123522516,150
995,uav_8,2011.5237344021652,4092.415095151361,150
996,uav_8,2030.8508410279255,4076.55796798349,150
997,uav_8,2050.4395366129834,4061.025146674493,150
998,uav_8,2070.284379978969,4045.820945797078,150
999,uav_8,2090.379858796994,4030.949588642615,150
1000,uav_8,2110.7203911188262,4016.41520604802,150
1,uav_9,3977.589957146346,4501.297675406,150
2,uav_9,3976.9650294814955,4526.289574052463,150
3,uav_9,3975.923676249642,4551.26758670335,150
4,uav_9,3974.466186708876,4576.2247751824225,150
5,uav_9,3972.5929657080324,4601.154207097798,150
6,uav_9,3970.3045335742318,4626.048957767574,150
7,uav_9,3967.6015259683527,4650.902112143306,150
8,uav_9,3964.484693708462,4675.706766730804,150
9,uav_9,3960.9549025612564,4700.4560315077315,150
10,uav_9,3957.0131330015806,4725.143031837455,150
11,uav_9,3952.6604799400775,4749.76091037862,150
12,uav_9,3947.8981524190554,4774.302828989925,150
13,uav_9,3942.7274732766477,4798.761970629557,150
14,uav_9,3937.149878779369,4823.13154124878,150
15,uav_9,3931.16691822316,4847.404771679117,150
16,uav_9,3924.7802535030387,4871.5749195126355,150
17,uav_9,3917.9916586514723,4895.635270974795,150
18,uav_9,3910.803019345602,4919.579142789342,150
19,uav_9,3903.2163323834566,4943.399884034731,150
20,uav_9,3895.2337051293,4967.090877991561,150
21,uav_9,3886.8573549282614,4990.6455439805095,150
22,uav_9,3878.089608490427,5014.057339190258,150
23,uav_9,3868.932901244543,5037.319760494897,150
24,uav_9,3859.389776661521,5060.4263462603085,150
25,uav_9,3849.4628855479386,5083.370678139019,150
26,uav_9,3839.1549853097204,5106.146382853041,150
27,uav_9,3828.4689391862084,5128.747133964178,150
28,uav_9,3817.4077154548368,5151.166653631332,150
29,uav_9,3805.97438660663,5173.398714354309,150
30,uav_9,3794.172128492752,5195.437140703637,150
31,uav_9,3782.004219442346,5217.275811035926,150
32,uav_9,3769.4740393519087,5238.908659194284,150
33,uav_9,3756.5850687464517,5260.329676193322,150
34,uav_9,3743.340887812712,5281.532911888275,150
35,uav_9,3729.745175404679,5302.512476627788,150
36,uav_9,3715.8017080217105,5323.2625428898855,150
37,uav_9,3701.5143587595358,5343.777346900697,150
38,uav_9,3686.8870962344163,5364.051190235462,150
39,uav_9,3671.9239834807768,5384.0784414013915,150
40,uav_9,3656.629176822615,5403.853537401938,150
41,uav_9,3641.0069247189904,5423.370985282032,150
42,uav_9,3625.061566583926,5442.6253636538695,150
43,uav_9,3608.797531581041,5461.61132420282,150
44,uav_9,3592.219337393259,5480.323593173032,150
45,uav_9,3575.3315889679243,5498.756972832334,150
46,uav_9,3558.138977237678,5516.906342916013,150
47,uav_9,3540.646277817452,5534.76666204908,150
48,uav_9,3522.858349677941,5552.332969146617,150
49,uav_9,3504.7801337959195,5569.6003847918255,150
50,uav_9,3486.416651781778,5586.564112591388,150
51,uav_9,3467.773004484666,5603.219440507772,150
52,uav_9,3448.8543705756215,5619.561742168092,150
53,uav_9,3429.6660051090835,5635.586478149191,150
54,uav_9,3410.2132380631897,5651.289197238558,150
55,uav_9,3390.5014728592605,5666.665537670746,150
56,uav_9,3370.5361848608845,5681.71122833895,150
57,uav_9,3350.3229198530184,5696.422089981394,150
58,uav_9,3329.8672925015258,5710.794036342211,150
59,uav_9,3309.174984793587,5724.823075306494,150
60,uav_9,3288.2517444594027,5738.505310009177,150
61,uav_9,3267.1033833756405,5751.836939917489,150
62,uav_9,3245.7357759510633,5764.81426188662,150
63,uav_9,3224.1548574947833,5777.433671188358,150
64,uav_9,3202.366622567608,5789.69166251237,150
65,uav_9,3180.3771233169186,5801.584830939888,150
66,uav_9,3158.192467795559,5813.109872889486,150
67,uav_9,3135.8188182651943,5824.263587034728,150
68,uav_9,3113.26238948461,5835.042875193404,150
69,uav_9,3090.529446983429,5845.444743188114,150
70,uav_9,3067.62630532173,5855.466301677965,150
71,uav_9,3044.5593263360406,5865.104766961149,150
72,uav_9,3021.3349173722036,5874.357461748172,150
73,uav_9,2997.9595295055983,5883.221815905534,150
74,uav_9,2974.4396557492178,5891.695367169632,150
75,uav_9,2950.781829250096,5899.775761830711,150
76,uav_9,2926.9926214745847,5907.460755386657,150
77,uav_9,2903.078640382991,5914.748213166451,150
78,uav_9,2879.046528594074,5921.636110923122,150
79,uav_9,2854.902961539916,5928.122535396029,150
80,uav_9,2830.654645611677,5934.205684842302,150
81,uav_9,2806.308316296755,5939.8838695373215,150
82,uav_9,2781.8707363078584,5945.155512244071,150
83,uav_9,2757.3486937045163,5950.019148651252,150
84,uav_9,2732.7490000075545,5954.473427780023,150
85,uav_9,2708.0784883070455,5958.517112359268,150
86,uav_9,2683.344011364276,5962.14907916927,150
87,uav_9,2658.552439708243,5965.368319353715,150
88,uav_9,2633.7106597272195,5968.173938699917,150
89,uav_9,2608.8255717559123,5970.565157887209,150
90,uav_9,2583.9040881587475,5972.541312703414,150
91,uav_9,2558.9531314098126,5974.101854229346,150
92,uav_9,2533.979632169993,5975.246348991282,150
93,uav_9,2508.9905273618315,5975.974479081368,150
94,uav_9,2483.9927582426512,5976.286042245929,150
95,uav_9,2458.9932684764717,5976.180951941645,150
96,uav_9,2433.99900220526,5975.65923735959,150
97,uav_9,2409.016902120045,5974.721043417128,150
98,uav_9,2384.0539075324386,5973.366630717655,150
99,uav_9,2359.116952447092,5971.596375478211,150
100,uav_9,2334.2129636356294,5969.41076942498,150
101,uav_9,2309.348858712589,5966.810419656702,150
102,uav_9,2284.5315442139063,5963.796048476035,150
103,uav_9,2259.767913678478,5960.3684931889275,150
104,uav_9,2235.064845733335,5956.528705872029,150
105,uav_9,2210.4292021829547,5952.277753108237,150
106,uav_9,2185.8678261032505,5947.616815690433,150
107,uav_9,2161.387539940759,5942.547188293484,150
108,uav_9,2136.9951436175625,5937.070279114625,150
109,uav_9,2112.6974126424634,5931.1876094823,150
110,uav_9,2088.5010962289434,5924.900813433582,150
111,uav_9,2064.412915420424,5918.211637260282,150
112,uav_9,2040.439561223354,5911.121939023882,150
113,uav_9,2016.587692748641,5903.633688039417,150
114,uav_9,1992.863935361938,5895.748964328454,150
115,uav_9,1969.274878843309,5887.469958041327,150
116,uav_9,1945.8270755567764,5878.798968848769,150
117,uav_9,1922.5270386302627,5869.7384053031365,150
118,uav_9,1899.381240146428,5860.290784169376,150
119,uav_9,1876.3961093449125,5850.458729725944,150
120,uav_9,1853.5780308364792,5840.244973035855,150
121,uav_9,1830.9333428295495,5829.6523511880705,150
122,uav_9,1808.468335369631,5818.683806509438,150
123,uav_9,1786.189248592124,5807.342385747395,150
124,uav_9,1764.1022709889899,5795.631239223675,150
125,uav_9,1742.2135376897677,5783.553619959231,150
126,uav_9,1720.5291287574066,5771.112882770643,150
127,uav_9,1699.0550674994022,5758.312483338249,150
128,uav_9,1677.7973187946927,5745.1559772462515,150
129,uav_9,1656.7617874367866,5731.64701899508,150
130,uav_9,1635.9543164935808,5717.789360986273,150
131,uav_9,1615.3806856843241,5703.586852480176,150
132,uav_9,1595.0466097741742,5689.043438526718,150
133,uav_9,1574.9577369868043,5674.163158869594,150
134,uav_9,1555.1196474354833,5658.950146824139,150
135,uav_9,1535.5378515730843,5643.408628129215,150
136,uav_9,1516.2177886614359,5627.542919773415,150
137,uav_9,1497.164825260452,5611.357428795933,150
138,uav_9,1478.3842537374571,5594.856651062413,150
139,uav_9,1459.881290797114,5578.045170016125,150
140,uav_9,1441.6610760323783,5560.927655404819,150
141,uav_9,1423.7286704968622,5543.508861983599,150
142,uav_9,1406.0890552990197,5525.79362819419,150
143,uav_9,1388.7471302185397,5507.7868748209585,150
144,uav_9,1371.7077123453248,5489.493603624059,150
145,uav_9,1354.9755347414434,5470.918895950086,150
146,uav_9,1338.55524512642,5452.067911320627,150
147,uav_9,1322.4514045862318,5432.945885999088,150
148,uav_9,1306.668486306371,5413.558131536216,150
149,uav_9,1291.2108743293204,5393.910033294699,150
150,uav_9,1276.0828623367925,5374.007048953267,150
151,uav_9,1261.2886524570674,5353.854706990706,150
152,uav_9,1246.8323540977635,5333.458605150204,150
153,uav_9,1232.71798280436,5312.8244088844585,150
154,uav_9,1218.9494591447938,5291.957849781977,150
155,uav_9,1205.5306076204402,5270.864723975005,150
156,uav_9,1192.465155603772,5249.550890529529,150
157,uav_9,1179.7567323030062,5228.0222698177895,150
158,uav_9,1167.4088677540108,5206.28484187378,150
159,uav_9,1155.424991839764,5184.344644732157,150
160,uav_9,1143.808433337631,5162.2077727510505,150
161,uav_9,1132.562418994723,5139.880374919228,150
162,uav_9,1121.6900726316012,5117.368653148077,150
163,uav_9,1111.1944142745692,5094.678860548896,150
164,uav_9,1101.0783593167946,5071.817299695957,150
165,uav_9,1091.3447177084977,5048.79032087583,150
166,uav_9,1081.9961931764265,5025.604320323458,150
167,uav_9,1073.0353824728404,5002.265738445463,150
168,uav_9,1064.464774654206,4978.781058031191,150
169,uav_9,1056.2867503898078,4955.15680245197,150
170,uav_9,1048.503581300469,4931.399533849117,150
171,uav_9,1041.1174293275574,4907.515851311149,150
172,uav_9,1034.1303461324615,4883.512389040757,150
173,uav_9,1027.5442725266973,4859.395814512005,150
174,uav_9,1021.3610379328072,4835.172826618306,150
175,uav_9,1015.5823598761981,4810.850153811654,150
176,uav_9,1010.209843508062,4786.434552233658,150
177,uav_9,1005.2449811595118,4761.932803838873,150
178,uav_9,1000.6891519270537,4737.351714510976,150
179,uav_9,996.5436212895138,4712.69811217228,150
180,uav_9,992.8095407565249,4687.978844887133,150
181,uav_9,989.4879475486689,4663.200778959727,150
182,uav_9,986.5797643093683,4638.37079702683,150
183,uav_9,984.0857988486011,4613.495796145989,150
184,uav_9,982.0067439185148,4588.582685879724,150
185,uav_9,980.3431770209991,4563.638386376253,150
186,uav_9,979.0955602472739,4538.669826447268,150
187,uav_9,978.2642401495311,4513.683941643315,150
188,uav_9,977.8494476446758,4488.687672327289,150
189,uav_9,977.85129795018,4463.687961746609,150
190,uav_9,978.2697905520827,4438.691754104579,150
191,uav_9,979.1048092051294,4413.705992631483,150
192,uav_9,980.3561219650633,4388.737617655963,150
193,uav_9,982.023381253053,4363.793564677187,150
194,uav_9,984.1061239522387,4338.880762438371,150
195,uav_9,986.6037715363736,4314.00613100217,150
196,uav_9,989.5156302305222,4289.176579828484,150
197,uav_9,992.8408912037703,4264.399005855209,150
198,uav_9,996.5786307938956,4239.68029158246,150
199,uav_9,1000.7278107639347,4215.0273031608185,150
200,uav_9,1005.2872785905745,4190.446888484104,150
201,uav_9,1010.2557677842917,4165.945875287233,150
202,uav_9,1015.6318982411469,4141.531069249661,150
203,uav_9,1021.4141766261371,4117.209252104969,150
204,uav_9,1027.6009967880013,4092.987179757086,150
205,uav_9,1034.1906402053655,4068.871580403693,150
206,uav_9,1041.1812764640954,4044.8691526673265,150
207,uav_9,1048.570963765736,4020.9865637346884,150
208,uav_9,1056.3576494668853,3997.2304475046967,150
209,uav_9,1064.5391706493615,3973.6074027457744,150
210,uav_9,1073.1132547209984,3950.1239912629026,150
211,uav_9,1082.077520046908,3926.7867360749406,150
212,uav_9,1091.4294766110277,3903.6021196027154,150
213,uav_9,1101.166526707779,3880.576581868393,150
214,uav_9,1111.2859656636329,3857.716518706622,150
215,uav_9,1121.7849825883914,3835.02827998796,150
216,uav_9,1132.6606611559725,3812.518167855054,150
217,uav_9,1143.909980414483,3790.1924349720894,150
218,uav_9,1155.52981562535,3768.057282787981,150
219,uav_9,1167.516939131286,3746.1188598137833,150
220,uav_9,1179.868021252839,3724.3832599148154,150
221,uav_9,1192.579631213281,3702.856520617956,150
222,uav_9,1205.6482380915809,3681.5446214345925,150
223,uav_9,1219.0702118031918,3660.4534821996867,150
224,uav_9,1232.841824108386,3639.5889614274092,150
225,uav_9,1246.959249647852,3618.9568546838173,150
226,uav_9,1261.4185670052705,3598.5628929770073,150
227,uav_9,1276.2157597965706,3578.4127411652107,150
228,uav_9,1291.3467177855678,3558.511996383254,150
229,uav_9,1306.8072380256679,3538.8661864878377,150
230,uav_9,1322.593026027325,3519.480768522055,150
231,uav_9,1338.6996969509312,3500.3611271995815,150
232,uav_9,1355.1227768247948,3481.512573408957,150
233,uav_9,1371.8577037878845,3462.9403427383722,150
234,uav_9,1388.8998293569828,3444.6495940213717,150
235,uav_9,1406.2444197179004,3426.645407903879,150
236,uav_9,1423.8866570403964,3408.9327854329376,150
237,uav_9,1441.8216408164317,3391.5166466675646,150
238,uav_9,1460.0443892213893,3374.401829312098,150
239,uav_9,1478.5498404978848,3357.593087372422,150
240,uav_9,1497.332854361775,3341.0950898354404,150
241,uav_9,1516.388213429984,3324.912419372164,150
242,uav_9,1535.7106246697404,3309.0495710647792,150
243,uav_9,1555.2947208688313,3293.5109511580404,150
244,uav_9,1575.1350621264603,3278.300875835341,150
245,uav_9,1595.2261373642955,3263.4235700198037,150
246,uav_9,1615.5623658572893,3248.883166200717,150
247,uav_9,1636.138098783844,3234.6837032856474,150
248,uav_9,1656.9476207948942,3220.8291254785454,150
249,uav_9,1677.9851516014614,3207.3232811841626,150
250,uav_9,1699.2448475802605,3194.169921939073,150
251,uav_9,1720.7208033968855,3181.3727013696,150
252,uav_9,1742.4070536461438,3168.9351741769506,150
253,uav_9,1764.2975745090757,3156.8607951498157,150
254,uav_9,1786.3862854261965,3145.1529182047316,150
255,uav_9,1808.6670507865038,3133.8147954544575,150
256,uav_9,1831.133681631774,3122.8495763046303,150
257,uav_9,1853.7799373756761,3112.2603065789535,150
258,uav_9,1876.5995275372297,3102.0499276731503,150
259,uav_9,1899.5861134881202,3092.2212757379307,150
260,uav_9,1922.7333102133857,3082.77708089119,150
261,uav_9,1946.0346880849952,3073.719966459659,150
262,uav_9,1969.4837746478108,3065.0524482502215,150
263,uav_9,1993.0740564174553,3056.7769338510916,150
264,uav_9,2016.798980689564,3048.8957219630583,150
265,uav_9,2040.6519573599464,3041.41100176097,150
266,uav_9,2064.6263607551246,3034.3248522856456,150
267,uav_9,2088.715531472754,3027.6392418663745,150
268,uav_9,2112.912778231417,3021.356027574174,150
269,uav_9,2137.2113797292695,3015.476954705947,150
270,uav_9,2161.6045865110236,3010.003656299687,150
271,uav_9,2186.0856228427538,3004.93765268087,150
272,uav_9,2210.647688594003,3000.280351040149,150
273,uav_9,2235.283961126663,2996.033045042478,150
274,uav_9,2259.9875971901083,2992.196914467768,150
275,uav_9,2284.751734822053,2988.7730248831786,150
276,uav_9,2309.5694952546105,2985.7623273471363,150
277,uav_9,2334.4339848250165,2983.1656581451516,150
278,uav_9,2359.338296890492,2980.983738557529,150
279,uav_9,2384.2755137467057,2979.2171746590134,150
280,uav_9,2409.2387085493224,2977.86645715044,150
281,uav_9,2434.220947238077,2976.9319612224317,150
282,uav_9,2459.215290462857,2976.4139464511813,150
283,uav_9,2484.2147955112587,2976.3125567263505,150
284,uav_9,2509.21251823707,2976.6278202111,150
285,uav_9,2534.2015149891577,2977.3596493342657,150
286,uav_9,2559.174844540214,2978.5078408146865,150
287,uav_9,2584.12557001483,2980.0720757176678,150
288,uav_9,2609.0467608163626,2982.051919543572,150
289,uav_9,2633.931494552054,2984.44682234851,150
290,uav_9,2658.772858955875,2987.256118897103,150
291,uav_9,2683.563953808554,2990.4790288472627,150
292,uav_9,2708.29789285426,2994.1146569669477,150
293,uav_9,2732.9678057134106,2998.161993382835,150
294,uav_9,2757.5668397910567,3002.6199138608335,150
295,uav_9,2782.08816218035,3007.4871801183644,150
296,uav_9,2806.524961560521,3012.762440168318,150
297,uav_9,2830.87045008887,3018.4442286946014,150
298,uav_9,2855.117865286235,3024.530967459157,150
299,uav_9,2879.260471915417,3031.0209657403548,150
300,uav_9,2903.2915638520326,3037.912420802625,150
301,uav_9,2927.204465947286,3045.2034183972064,150
302,uav_9,2950.992535882132,3052.891933293871,150
303,uav_9,2974.6491660123233,3060.9758298434726,150
304,uav_9,2998.1677852038256,3069.452862571172,150
305,uav_9,3021.541860658086,3078.3206768001623,150
306,uav_9,3044.7648997266633,3087.576809305734,150
307,uav_9,3067.8304517146953,3097.2186889994846,150
308,uav_9,3090.732109672719,3107.243637643498,150
309,uav_9,3113.4635121763354,3117.6488705942756,150
310,uav_9,3136.018345093234,3128.431497576238,150
311,uav_9,3158.390343337077,3139.588523484555,150
312,uav_9,3180.5732926077585,3151.1168492171028,150
313,uav_9,3202.5610311175624,3163.013272535305,150
314,uav_9,3224.3474513027268,3175.274488953622,150
315,uav_9,3245.926501519954,3187.897092657445,150
316,uav_9,3267.2921877273807,3200.8775774491287,150
317,uav_9,3288.4385751495524,3214.2123377219186,150
318,uav_9,3309.359789925934,3227.8976694614807,150
319,uav_9,3330.0500207425,3241.929771274773,150
320,uav_9,3350.503520445949,3256.304745445963,150
321,uav_9,3370.7146076401023,3271.0185990190985,150
322,uav_9,3390.677668264029,3286.0672449072435,150
323,uav_9,3410.3871571514746,3301.4465030277474,150
324,uav_9,3429.837599571145,3317.1521014633518,150
325,uav_9,3449.023592747434,3333.1796776488127,150
326,uav_9,3467.939807361159,3349.52477958269,150
327,uav_9,3486.580989029892,3366.182867063991,150
328,uav_9,3504.941959767475,3383.1493129533037,150
329,uav_9,3523.0176194223204,3400.4194044580863,150
330,uav_9,3540.802947094083,3417.9883444417446,150
331,uav_9,3558.293002528325,3435.8512527561406,150
332,uav_9,3575.4829274887747,3454.003167597156,150
333,uav_9,3592.367947106808,3472.4390468829397,150
334,uav_9,3608.943371207767,3491.153769654455,150
335,uav_9,3625.204595613761,3510.142137497935,150
336,uav_9,3641.1471034225674,3529.3988759888502,150
337,uav_9,3656.7664662623065,3548.9186361569964,150
338,uav_9,3672.0583455215105,3568.6959959722835,150
339,uav_9,3687.0184935542666,3588.7254618508186,150
340,uav_9,3701.6427548600923,3609.001470180869,150
341,uav_9,3715.927067238215,3629.518388868274,150
342,uav_9,3729.8674629159327,3650.270518900876,150
343,uav_9,3743.460069650749,3671.252095931547,150
344,uav_9,3756.701111805972,3692.4572918793565,150
345,uav_9,3769.586911399474,3713.8802165484453,150
346,uav_9,3782.1138891253368,3735.514919264154,150
347,uav_9,3794.2785653480723,3757.355390525951,150
348,uav_9,3806.0775610691717,3779.3955636766964,150
349,uav_9,3817.5075988656895,3801.6293165877896,150
350,uav_9,3828.5655038006225,3824.0504733597168,150
351,uav_9,3839.248204304813,3846.652806037543,150
352,uav_9,3849.5527330301434,3869.430036340857,150
353,uav_9,3859.476227673783,3892.375837407699,150
354,uav_9,3869.015931773247,3915.4838355519787,150
355,uav_9,3878.169195472072,3938.747612033907,150
356,uav_9,3886.933476255863,3962.160704842937,150
357,uav_9,3895.306339658534,3985.7166104927214,150
358,uav_9,3903.2854599385337,4009.4087858276007,150
359,uav_9,3910.868620724867,4033.2306498400994,150
360,uav_9,3918.053715632742,4057.1755854989437,150
361,uav_9,3924.838748848662,4081.2369415870826,150
362,uav_9,3931.2218356848052,4105.408034549207,150
363,uav_9,3937.201203102539,4129.682150348244,150
364,uav_9,3942.7751902049163,4154.052546330335,150
365,uav_9,3947.9422486980275,4178.512453097739,150
366,uav_9,3952.7009433210696,4203.055076389189,150
367,uav_9,3957.0499522450245,4227.673598967132,150
368,uav_9,3960.9880674398228,4252.361182511375,150
369,uav_9,3964.514195009897,4277.110969518558,150
370,uav_9,3967.62735549804,4301.916085206988,150
371,uav_9,3970.326684157467,4326.769639426249,150
372,uav_9,3972.611431192019,4351.664728571088,150
373,uav_9,3974.480961964433,4376.594437499039,150
374,uav_9,3975.934757172625,4401.5518414512535,150
375,uav_9,3976.9724129939423,4426.530007975997,150
376,uav_9,3977.5936411973275,4451.52199885429,150
377,uav_9,3977.7982692233863,4476.520872027142,150
378,uav_9,3977.5862402323155,4501.519683523858,150
379,uav_9,3976.9576131196945,4526.511489390874,150
380,uav_9,3975.9125625001225,4551.489347620592,150
381,uav_9,3974.451378658719,4576.446320079665,150
382,uav_9,3972.5744674704897,4601.3754744362195,150
383,uav_9,3970.2823502875844,4626.269886085448,150
384,uav_9,3967.575663794482,4651.122640073073,150
385,uav_9,3964.455159831138,4675.926833016124,150
386,uav_9,3960.921705184145,4700.6755750204975,150
387,uav_9,3956.976281345962,4725.361991594768,150
388,uav_9,3952.6199842422857,4749.979225559734,150
389,uav_9,3947.8540239276344,4774.520438953137,150
390,uav_9,3942.6797242492285,4798.978814929056,150
391,uav_9,3937.098522479263,4823.347559651431,150
392,uav_9,3931.1119689156762,4847.619904181197,150
393,uav_9,3924.72172645152,4871.7891063565,150
394,uav_9,3917.929570113057,4895.848452665476,150
395,uav_9,3910.737386566707,4919.791260111074,150
396,uav_9,3903.147173594987,4943.610878067399,150
397,uav_9,3895.1610395415855,4967.300690127069,150
398,uav_9,3886.781202725721,4990.854115939059,150
399,uav_9,3878.009990825961,5014.264613036533,150
400,uav_9,3868.849840233656,5037.525678654162,150
401,uav_9,3859.303295376182,5060.630851534399,150
402,uav_9,3849.3730080101723,5083.57371372223,150
403,uav_9,3839.0617364849304,5106.347892347904,150
404,uav_9,3828.3723449762474,5128.947061397129,150
405,uav_9,3817.307802690808,5151.364943468259,150
406,uav_9,3805.871183041437,5173.595311515976,150
407,uav_9,3794.0656627933877,5195.631990580987,150
408,uav_9,3781.894521181931,5217.468859505245,150
409,uav_9,3769.3611390014767,5239.099852632238,150
410,uav_9,3756.468997666486,5260.518961491852,150
411,uav_9,3743.2216782444325,5281.720236469349,150
412,uav_9,3729.6228604610874,5302.697788458005,150
413,uav_9,3715.676321678394,5323.4457904949295,150
414,uav_9,3701.3859358452282,5343.958479379633,150
415,uav_9,3686.755672421323,5364.230157274877,150
416,uav_9,3671.7895952746685,5384.255193289369,150
417,uav_9,3656.491861552685,5404.028025041868,150
418,uav_9,3640.866720527485,5423.543160206248,150
419,uav_9,3624.918512415553,5442.79517803711,150
420,uav_9,3608.65166717215,5461.778730875516,150
421,uav_9,3592.0707032608034,5480.488545634406,150
422,uav_9,3575.180226398207,5498.919425263319,150
423,uav_9,3557.984928274884,5517.066250191978,150
424,uav_9,3540.48958525197,5534.923979752365,150
425,uav_9,3522.699057034476,5552.487653578872,150
426,uav_9,3504.618285321403,5569.752392986146,150
427,uav_9,3486.252292433079,5586.713402324255,150
428,uav_9,3467.606179916102,5603.365970310775,150
429,uav_9,3448.6851271262785,5619.705471339449,150
430,uav_9,3429.494389789942,5635.727366765057,150
431,uav_9,3410.0392985440685,5651.427206164111,150
432,uav_9,3390.325257455575,5666.800628571062,150
433,uav_9,3370.357742520224,5681.843363689647,150
434,uav_9,3350.1423001415524,5696.551233079058,150
435,uav_9,3329.6845455902353,5710.920151314591,150
436,uav_9,3308.9901614443274,5724.946127122461,150
437,uav_9,3288.0648960108056,5738.625264488465,150
438,uav_9,3266.914561728851,5751.953763740179,150
439,uav_9,3245.545033555324,5764.927922602403,150
440,uav_9,3223.9622473328677,5777.544137225541,150
441,uav_9,3202.1721981410997,5789.798903186656,150
442,uav_9,3180.1809386313525,5801.688816462888,150
443,uav_9,3157.994577345419,5813.210574377003,150
444,uav_9,3135.6192770187786,5824.360976514773,150
445,uav_9,3113.061252868759,5835.13692561397,150
446,uav_9,3090.3267708681315,5845.535428424689,150
447,uav_9,3067.422146004604,5855.553596540789,150
448,uav_9,3044.353740526695,5865.188647202209,150
449,uav_9,3021.1279621764857,5874.437904067941,150
450,uav_9,2997.7512624097317,5883.298797959441,150
451,uav_9,2974.230134603835,5891.768867574268,150
452,uav_9,2950.5711122541666,5899.84576016977,150
453,uav_9,2926.7807671592536,5907.527232216605,150
454,uav_9,2902.865707595317,5914.811150021928,150
455,uav_9,2878.832576480684,5921.695490322076,150
456,uav_9,2854.688049530577,5928.178340844563,150
457,uav_9,2830.4388334027876,5934.25790083926,150
458,uav_9,2806.0916638347626,5939.932481578598,150
459,uav_9,2781.6533037726094,5945.200506826633,150
460,uav_9,2757.13054149254,5950.060513276892,150
461,uav_9,2732.5301887152846,5954.511150958835,150
462,uav_9,2707.8590787139897,5958.5511836128335,150
463,uav_9,2683.124064416132,5962.179489033571,150
464,uav_9,2658.332016499972,5965.395059381763,150
465,uav_9,2633.4898214860723,5968.1970014640965,150
466,uav_9,2608.6043798244255,5970.584536981346,150
467,uav_9,2583.6826039777015,5972.557002744552,150
468,uav_9,2558.7314165011676,5974.11385085924,150
469,uav_9,2533.7577481197977,5975.2546488776115,150
470,uav_9,2508.7685358031176,5975.979079918665,150
471,uav_9,2483.7707208383126,5976.286942756211,150
472,uav_9,2458.771246902138,5976.178151874776,150
473,uav_9,2433.7770581321615,5975.6527374933485,150
474,uav_9,2408.7950971978876,5974.7108455569905,150
475,uav_9,2383.8323033722745,5973.352737696295,150
476,uav_9,2358.8956106042074,5971.578791154711,150
477,uav_9,2333.9919455924464,5969.389498683762,150
478,uav_9,2309.1282258615865,5966.785468406169,150
479,uav_9,2284.3113578405696,5963.767423646929,150
480,uav_9,2259.5482349442727,5960.336202732406,150
481,uav_9,2234.845735658718,5956.492758757455,150
482,uav_9,2210.210721630429,5952.23815932069,150
483,uav_9,2185.650035760451,5947.573586227932,150
484,uav_9,2161.1705003036054,5942.500335163935,150
485,uav_9,2136.778914973445,5937.0198153324845,150
486,uav_9,2112.4820550535064,5931.133549064962,150
487,uav_9,2088.2866695153116,5924.843171397481,150
488,uav_9,2064.199479143718,5918.150429616724,150
489,uav_9,2040.2271746700533,5911.057182774596,150
490,uav_9,2016.3764149136468,5903.565401171834,150
491,uav_9,1992.653824932177,5895.67716581071,150
492,uav_9,1969.0659941814413,5887.394667816992,150
493,uav_9,1945.6194746849733,5878.720207831311,150
494,uav_9,1922.3207792141006,5869.656195370109,150
495,uav_9,1899.1763794788603,5860.205148156343,150
496,uav_9,1876.1927043303635,5850.3696914201355,150
497,uav_9,1853.3761379750363,5840.152557169562,150
498,uav_9,1830.7330182012618,5829.556583431772,150
499,uav_9,1808.2696346189432,5818.584713464675,150
500,uav_9,1785.992226912409,5807.239994939375,150
501,uav_9,1763.9069831072284,5795.52557909363,150
502,uav_9,1742.020037851335,5783.444719856517,150
503,uav_9,1720.3374707110156,5771.00077294459,150
504,uav_9,1698.8653044821647,5758.197194929753,150
505,uav_9,1677.6095035173398,5745.03754227913,150
506,uav_9,1656.575972069019,5731.525470367173,150
507,uav_9,1635.7705526495856,5717.664732460309,150
508,uav_9,1615.19902440843,5703.459178674386,150
509,uav_9,1594.8671015266812,5688.912754905227,150
510,uav_9,1574.7804316299575,5674.029501732568,150
511,uav_9,1554.9445942196312,5658.813553297701,150
512,uav_9,1535.365099122996,5643.269136155134,150
513,uav_9,1516.0473849627901,5627.400568098563,150
514,uav_9,1496.9968176465165,5611.212256961529,150
515,uav_9,1478.2186888759306,5594.708699393032,150
516,uav_9,1459.7182146771743,5577.8944796085025,150
517,uav_9,1441.5005339518964,5560.774268116431,150
518,uav_9,1423.57070704983,5543.352820421041,150
519,uav_9,1405.933714363155,5525.634975701334,150
520,uav_9,1388.5944549431053,5507.625655466925,150
521,uav_9,1371.557745139136,5489.329862190963,150
522,uav_9,1354.828317261095,5470.752677920607,150
523,uav_9,1338.4108182647083,5451.89926286537,150
524,uav_9,1322.3098084608027,5432.774853963763,150
525,uav_9,1306.5297602485693,5413.384763428621,150
526,uav_9,1291.07505687327,5393.734377271527,150
527,uav_9,1275.9499912086924,5373.82915380673,150
528,uav_9,1261.158764564709,5353.674622134975,150
529,uav_9,1246.705485520283,5333.2763806076955,150
530,uav_9,1232.5941687822117,5312.640095271927,150
531,uav_9,1218.8287340699674,5291.771498296465,150
532,uav_9,1205.4130050269005,5270.676386379615,150
533,uav_9,1192.3507081581517,5249.360619139049,150
534,uav_9,1179.6454717955246,5227.83011748416,150
535,uav_9,1167.3008250896507,5206.090861971414,150
536,uav_9,1155.3201970296807,5184.148891143111,150
537,uav_9,1143.706915490821,5162.010299850066,150
538,uav_9,1132.4642063099345,5139.681237558617,150
539,uav_9,1121.5951923895054,5117.167906642495,150
540,uav_9,1111.1028928301776,5094.476560659968,150
541,uav_9,1100.9902220921422,5071.613502616794,150
542,uav_9,1091.2599891855807,5048.585083215425,150
543,uav_9,1081.9148968904003,5025.397699090949,150
544,uav_9,1072.9575410054847,5002.057791034313,150
545,uav_9,1064.3904096276492,4978.571842203228,150
546,uav_9,1056.215882460525,4954.946376321361,150
547,uav_9,1048.4362301535393,4931.187955866208,150
548,uav_9,1041.0536136712003,4907.303180246245,150
549,uav_9,1034.070083692837,4883.2986839677815,150
550,uav_9,1027.4875800429854,4859.181134792109,150
551,uav_9,1021.3079311525548,4834.957231883362,150
552,uav_9,1015.5328535509477,4810.633703947704,150
553,uav_9,1010.1639513892519,4786.217307364269,150
554,uav_9,1005.2027159946581,4761.714824308449,150
555,uav_9,1000.6505254562076,4737.133060867983,150
556,uav_9,996.5086442420022,4712.478845152434,150
557,uav_9,992.7782228479698,4687.759025396533,150
558,uav_9,989.4602974782879,4662.9804680579255,150
559,uav_9,986.5557897575588,4638.150055909885,150
560,uav_9,984.0655064748064,4613.274686129456,150
561,uav_9,981.990139359375,4588.3612683816345,150
562,uav_9,980.3302648887852,4563.41672290004,150
563,uav_9,979.086344128606,4538.447978564698,150
564,uav_9,978.2587226043834,4513.46197097737,150
565,uav_9,977.8476302056633,4488.465640535062,150
566,uav_9,977.853181122136,4463.465930502169,150
567,uav_9,978.2753738119156,4438.469785081845,150
568,uav_9,979.1140910019699,4413.484147487087,150
569,uav_9,980.3690997206938,4388.5159580121335,150
570,uav_9,982.0400513626253,4363.572152104619,150
571,uav_9,984.1264817852739,4338.659658439133,150
572,uav_9,986.6278114380486,4313.785396992621,150
573,uav_9,989.5433455232417,4288.9562771222045,150
574,uav_9,992.8722741890194,4264.17919564598,150
575,uav_9,996.6136727543806,4239.461034927259,150
576,uav_9,1000.7665019660026,4214.808660962863,150
577,uav_9,1005.3296082869185,4190.228921475931,150
578,uav_9,1010.3017242169346,4165.728644013833,150
579,uav_9,1015.6814686447092,4141.314634051657,150
580,uav_9,1021.4673472313798,4116.993673101859,150
581,uav_9,1027.6577528256548,4092.772516830537,150
582,uav_9,1034.2509659102277,4068.657893180919,150
583,uav_9,1041.2451550794149,4044.6565005045127,150
584,uav_9,1048.6383775478628,4020.7750057005155,150
585,uav_9,1056.4285796902032,3997.020042363922,150
586,uav_9,1064.6135976114867,3973.3982089429173,150
587,uav_9,1073.1911577482526,3949.9160669060107,150
588,uav_9,1082.158877500063,3926.5801389194403,150
589,uav_9,1091.5142658913137,3903.3969070353787,150
590,uav_9,1101.254724263164,3880.3728108913892,150
591,uav_9,1111.3775469953616,3857.5142459216936,150
592,uav_9,1121.8799222577952,3834.8275615806874,150
593,uav_9,1132.7589327915307,3812.319059579262,150
594,uav_9,1144.0115567191517,3789.9949921343505,150
595,uav_9,1155.6346683841412,3767.8615602322598,150
596,uav_9,1167.6250392191089,3745.9249119061965,150
597,uav_9,1179.979338642585,3724.1911405285364,150
598,uav_9,1192.69413498417,3702.6662831182434,150
599,uav_9,1205.7658964377445,3681.3563186639763,150
600,uav_9,1219.1909920425144,3660.267166463278,150
601,uav_9,1232.9656926915777,3639.4046844783816,150
602,uav_9,1247.086172167768,3618.7746677090286,150
603,uav_9,1261.548508206473,3598.3828465827783,150
604,uav_9,1276.3486835851156,3578.234885363272,150
605,uav_9,1291.4825872390368,3558.33638057685,150
606,uav_9,1306.9460154034175,3538.6928594580095,150
607,uav_9,1322.7346727809784,3519.3097784140828,150
608,uav_9,1338.8441737350763,3500.1925215096207,150
609,uav_9,1355.270043507923,3481.3463989708357,150
610,uav_9,1372.007719463529,3462.776645710589,150
611,uav_9,1389.0525523550882,3444.4884198742693,150
612,uav_9,1406.3998076163928,3426.486801407019,150
613,uav_9,1424.044666676971,3408.776790642659,150
614,uav_9,1441.9822283005367,3391.363306914752,150
615,uav_9,1460.207509946425,3374.2511871901397,150
616,uav_9,1478.7154491535875,3357.445184725383,150
617,uav_9,1497.500904946804,3340.94996774644,150
618,uav_9,1516.5586592647032,3324.7701181519587,150
619,uav_9,1535.8834184091784,3308.910130240573,150
620,uav_9,1555.4698145158404,3293.3744094624963,150
621,uav_9,1575.31240704504,3278.1672711958317,150
622,uav_9,1595.4056842931109,3263.2929395478695,150
623,uav_9,1615.744064923346,3248.755546181761,150
624,uav_9,1636.3218995163497,3234.559129168852,150
625,uav_9,1657.1334721392684,3220.7076318670333,150
626,uav_9,1678.1730019335291,3207.2049018253774,150
627,uav_9,1699.4346447205792,3194.054689715408,150
628,uav_9,1720.91249462525,3181.2606482892656,150
629,uav_9,1742.6005857162213,3168.8263313650823,150
630,uav_9,1764.492893663204,3156.7551928398275,150
631,uav_9,1786.5833374103115,3145.0505857299195,150
632,uav_9,1808.8657808652079,3133.7157612398514,150
633,uav_9,1831.3340346035475,3122.753867859097,150
634,uav_9,1853.9818575882016,3112.1679504875574,150
635,uav_9,1876.8029589028604,3101.9609495897666,150
636,uav_9,1899.7909994994484,3092.1357003781222,150
637,uav_9,1922.9395939589513,3082.6949320253398,150
638,uav_9,1946.2423122650807,3073.6412669063684,150
639,uav_9,1969.692681590371,3064.977219869971,150
640,uav_9,1993.2841880941232,3056.705197540171,150
641,uav_9,2017.0102787317842,3048.827497647758,150
642,uav_9,2040.8643630751749,3041.3463083920506,150
643,uav_9,2064.839815143141,3034.263707833071,150
644,uav_9,2088.929975242044,3027.5816633143213,150
645,uav_9,2113.128151815648,3021.302030916315,150
646,uav_9,2137.4276233038304,3015.4265549410056,150
647,uav_9,2161.8216400096426,3009.956867427275,150
648,uav_9,2186.3034259741908,3004.894487697595,150
649,uav_9,2210.8661808587863,3000.2408219360073,150
650,uav_9,2235.503081833904,2995.997162797521,150
651,uav_9,2260.20728547435,2992.164689049056,150
652,uav_9,2284.971929660188,2988.74446524201,150
653,uav_9,2309.7901354828186,2985.7374414165597,150
654,uav_9,2334.655009155767,2983.1444528377665,150
655,uav_9,2359.5596439295546,2980.9662197635625,150
656,uav_9,2384.497122010219,2979.2033472446838,150
657,uav_9,2409.460516480857,2977.8563249566073,150
658,uav_9,2434.4428932257483,2976.9255270635285,150
659,uav_9,2459.4373128564266,2976.411212114433,150
660,uav_9,2484.436832639269,2976.313522971277,150
661,uav_9,2509.434508423969,2976.6324867693065,150
662,uav_9,2534.4233965724293,2977.368014909516,150
663,uav_9,2559.3965558875143,2978.5199030832646,150
664,uav_9,2584.3470495410966,2980.0878313290195,150
665,uav_9,2609.2679470009316,2982.0713641212405,150
666,uav_9,2634.1523259557384,2984.4699504913488,150
667,uav_9,2658.9932742380406,2987.2829241807767,150
668,uav_9,2683.783891744148,2990.5095038260315,150
669,uav_9,2708.517292350829,2994.1487931757356,150
670,uav_9,2733.1866058280557,2998.199781339581,150
671,uav_9,2757.7849797473796,3002.661343069127,150
672,uav_9,2782.3055813853184,3007.532239070357,150
673,uav_9,2806.741599621312,3012.8111163479243,150
674,uav_9,2831.0862468296345,3018.496508580973,150
675,uav_9,2855.332760764825,3024.5868365304405,150
676,uav_9,2879.4744064400247,3031.080408477723,150
677,uav_9,2903.5044779977743,3037.9754206945872,150
678,uav_9,2927.4163005727155,3045.269957944199,150
679,uav_9,2951.2032321456572,3052.9619940131133,150
680,uav_9,2974.8586653885623,3061.0493922741052,150
681,uav_9,2998.37602949985,3069.5299062796585,150
682,uav_9,3021.7487920296016,3078.4011803859694,150
683,uav_9,3044.9704606940604,3087.6607504072704,150
684,uav_9,3068.0345851790294,3097.3060443003187,150
685,uav_9,3090.9347589315594,3107.334382878829,150
686,uav_9,3113.6646209395276,3117.7429805576785,150
687,uav_9,3136.2178574985237,3128.5289461266593,150
688,uav_9,3158.5882039656367,3139.689283553582,150
689,uav_9,3180.7694464995725,3151.2208928164737,150
690,uav_9,3202.7554237867016,3163.1205707646895,150
691,uav_9,3224.540028752478,3175.3850120086477,150
692,uav_9,3246.1172102578175,3188.0108098379715,150
693,uav_9,3267.480974779935,3200.9944571677834,150
694,uav_9,3288.6253880771615,3214.3323475128627,150
695,uav_9,3309.544576837321,3228.0207759894347,150
696,uav_9,3330.2327303091533,3242.0559403442694,150
697,uav_9,3350.684101916389,3256.43394201085,150
698,uav_9,3370.8930108539676,3271.1507871922718,150
699,uav_9,3390.853843666021,3286.202387970617,150
700,uav_9,3410.561055805111,3301.5845634424477,150
701,uav_9,3430.009173172366,3317.293040880154,150
702,uav_9,3449.192793638007,3333.3234569187825,150
703,uav_9,3468.1065885419266,3349.671358768069,150
704,uav_9,3486.7453041738177,3366.3322054492787,150
705,uav_9,3505.1037632325233,3383.3013690565776,150
706,uav_9,3523.1768662641234,3400.5741360425172,150
707,uav_9,3540.95959307843,3418.1457085273305,150
708,uav_9,3558.447004143451,3436.0112056316493,150
709,uav_9,3575.634241957442,3454.1656648322587,150
710,uav_9,3592.5165323981946,3472.6040433405637,150
711,uav_9,3609.0891860491347,3491.3212195033097,150
712,uav_9,3625.3475995019253,3510.3119942252515,150
713,uav_9,3641.2872566351452,3529.5710924132945,150
714,uav_9,3656.9037298687517,3549.0931644417824,150
715,uav_9,3672.192681393925,3568.872787638452,150
716,uav_9,3687.149864377995,3588.9044677907123,150
717,uav_9,3701.7711241440834,3609.182640671765,150
718,uav_9,3716.052399325161,3629.7016735862026,150
719,uav_9,3729.989722992169,3650.4558669345924,150
720,uav_9,3743.5792237559313,3671.4394557966802,150
721,uav_9,3756.817126842503,3692.646611532704,150
722,uav_9,3769.6997551417007,3714.0714434024294,150
723,uav_9,3782.223530228501,3735.7080002014363,150
724,uav_9,3794.3849733570164,3757.550271914177,150
725,uav_9,3806.1807064268005,3779.5921913834027,150
726,uav_9,3817.6074529211764,3801.8276359954302,150
727,uav_9,3828.662038817374,3824.2504293808456,150
728,uav_9,3839.3413934681657,3846.854343130104,150
729,uav_9,3849.6425504548197,3869.6330985236223,150
730,uav_9,3859.5626484110726,3892.5803682758096,150
731,uav_9,3869.098931817948,3915.6897782926226,150
732,uav_9,3878.248751769149,3938.9549094420895,150
733,uav_9,3887.009566706857,3962.3692993373797,150
734,uav_9,3895.3789431276973,3985.9264441318483,150
735,uav_9,3903.3545562587033,4009.619800325642,150
736,uav_9,3910.934190703065,4033.4427865832727,150
737,uav_9,3918.115741055506,4057.3887855617377,150
738,uav_9,3924.897212487108,4081.451145748631,150
739,uav_9,3931.2767212994086,4105.623183309728,150
740,uav_9,3937.2524954476494,4129.89818394558,150
741,uav_9,3942.822875032989,4154.269404756539,150
742,uav_9,3947.9863127635836,4178.7300761157585,150
743,uav_9,3952.7413743843754,4203.27340354958,150
744,uav_9,3957.0867390754884,4227.892569624869,150
745,uav_9,3961.021199819116,4252.580735842677,150
746,uav_9,3964.5436637347952,4277.331044537806,150
747,uav_9,3967.6531523829753,4302.1366207836445,150
748,uav_9,3970.348802036805,4326.990574301853,150
749,uav_9,3972.629863922046,4351.886001376257,150
750,uav_9,3974.495704425064,4376.815986770532,150
751,uav_9,3975.945805268828,4401.773605649029,150
752,uav_9,3976.979763656872,4426.751925500314,150
753,uav_9,3977.5972923851805,4451.74400806282,150
754,uav_9,3977.798219921967,4476.742911252086,150
755,uav_9,3977.5824904553183,4501.741691089082,150
756,uav_9,3976.9501639087002,4526.733403629038,150
757,uav_9,3975.901415924309,4551.71110689028,150
758,uav_9,3974.436537814285,4576.667862782504,150
759,uav_9,3972.5559364797964,4601.596739033995,150
760,uav_9,3970.2601342980106,4626.490811117192,150
761,uav_9,3967.549768976993,4651.343164172145,150
762,uav_9,3964.4255933785726,4676.146894927246,150
763,uav_9,3960.888475309216,4700.895113616777,150
764,uav_9,3956.9393972789767,4725.580945894672,150
765,uav_9,3952.579456228581,4750.197534744034,150
766,uav_9,3947.8098632247306,4774.738042381796,150
767,uav_9,3942.6319431237043,4799.195652158073,150
768,uav_9,3937.047134203346,4823.563570449641,150
769,uav_9,3931.0569877635576,4847.835028546986,150
770,uav_9,3924.6631676953875,4872.003284534486,150
771,uav_9,3917.8674500188563,4896.0616251630945,150
772,uav_9,3910.671722389619,4920.003367715116,150
773,uav_9,3903.0779835746407,4943.821861860447,150
774,uav_9,3895.0883428969837,4967.510491503872,150
775,uav_9,3886.705019649911,4991.062676622802,150
776,uav_9,3877.9303424804166,5014.47187509504,150
777,uav_9,3868.766748742407,5037.731584515967,150
778,uav_9,3859.216783819663,5060.835344004756,150
779,uav_9,3849.2831004188147,5083.776735998988,150
780,uav_9,3838.9684578324873,5106.549388037294,150
781,uav_9,3828.275721172855,5129.146974529422,150
782,uav_9,3817.207860575792,5151.563218513311,150
783,uav_9,3805.767950375852,5173.791893398665,150
784,uav_9,3793.9591682523114,5195.8268246964935,150
785,uav_9,3781.784794346495,5217.661891734238,150
786,uav_9,3769.2482103506527,5239.291029355893,150
787,uav_9,3756.352898568616,5260.708229606755,150
788,uav_9,3743.1024409485217,5281.907543402238,150
789,uav_9,3729.500518087838,5302.883082180382,150
790,uav_9,3715.550908211014,5323.629019537506,150
791,uav_9,3701.2574861199837,5344.139592846634,150
792,uav_9,3686.624222117869,5364.409104858167,150
793,uav_9,3671.655180906131,5384.431925282441,150
794,uav_9,3656.3545204555257,5404.202492353635,150
795,uav_9,3640.726490851125,5423.715314374691,150
796,uav_9,3624.775433111777,5442.9649712427345,150
797,uav_9,3608.505777984292,5461.946115954632,150
798,uav_9,3591.9220447126972,5480.653476092236,150
799,uav_9,3575.02883978294,5499.081855286905,150
800,uav_9,3557.8308556433185,5517.226134662917,150
801,uav_9,3540.3328694010697,5535.081274259329,150
802,uav_9,3522.5397414954127,5552.642314429956,150
803,uav_9,3504.456414347471,5569.904377220995,150
804,uav_9,3486.087910987395,5586.862667726005,150
805,uav_9,3467.4393336591243,5603.512475417771,150
806,uav_9,3448.5158624031137,5619.849175456775,150
807,uav_9,3429.3227536174827,5635.868229975823,150
808,uav_9,3409.8653385979233,5651.565189340556,150
809,uav_9,3390.1490220568344,5666.93569338541,150
810,uav_9,3370.179280622031,5681.975472624764,150
811,uav_9,3349.9616613155085,5696.680349438867,150
812,uav_9,3329.501780012633,5711.046239234266,150
813,uav_9,3308.8053198822054,5725.069151578392,150
814,uav_9,3287.8780298078555,5738.745191307981,150
815,uav_9,3266.7257227911477,5752.070559611048,150
816,uav_9,3245.3542743369167,5765.041555082076,150
817,uav_9,3223.7696208211983,5777.654574750174,150
818,uav_9,3201.977757842297,5789.906115079866,150
819,uav_9,3179.9847385553576,5801.792772944285,150
820,uav_9,3157.7966719909955,5813.311246570453,150
821,uav_9,3135.4197213583593,5824.458336456428,150
822,uav_9,3112.860102333191,5835.230946260025,150
823,uav_9,3090.124081331269,5845.6260836589045,150
824,uav_9,3067.2179737677943,5855.640861181737,150
825,uav_9,3044.1481423031328,5865.272497010274,150
826,uav_9,3020.920995075467,5874.518315752049,150
827,uav_9,2997.54298392079,5883.375749183528,150
828,uav_9,2974.0206025807634,5891.842336963489,150
829,uav_9,2950.3603848989615,5899.915727316435,150
830,uav_9,2926.568903005933,5907.593677685845,150
831,uav_9,2902.6527654936745,5914.874055357096,150
832,uav_9,2878.6186155799323,5921.754838049871,150
833,uav_9,2854.473129262926,5928.234114479887,150
834,uav_9,2830.2230134669276,5934.310084889797,150
835,uav_9,2805.8750041792914,5939.981061549111,150
836,uav_9,2781.4358645793686,5945.245469222999,150
837,uav_9,2756.912383159909,5950.101845609847,150
838,uav_9,2732.311371841395,5954.54884174744,150
839,uav_9,2707.6396640799026,5958.585222387667,150
840,uav_9,2682.9041129689435,5962.209866339638,150
841,uav_9,2658.111589335891,5965.421766781117,150
842,uav_9,2633.268979833453,5968.220031538189,150
843,uav_9,2608.383185026748,5970.60388333308,150
844,uav_9,2583.4611174765464,5972.572660000065,150
845,uav_9,2558.509699819135,5974.125814669398,150
846,uav_9,2533.535862843433,5975.262915919209,150
847,uav_9,2508.5465435657893,5975.983647895354,150
848,uav_9,2483.5486833031073,5976.28781039914,150
849,uav_9,2458.5492257447177,5976.175318942937,150
850,uav_9,2433.555115023647,5975.64620477365,150
851,uav_9,2408.573293787711,5974.700614864035,150
852,uav_9,2383.6107012710704,5973.338811871875,150
853,uav_9,2358.6742713666877,5971.561174067023,150
854,uav_9,2333.770930700312,5969.368195226327,150
855,uav_9,2308.9075967064396,5966.760484496476,150
856,uav_9,2284.0911757068675,5963.738766224795,150
857,uav_9,2259.3285609923064,5960.303879758039,150
858,uav_9,2234.6266309076154,5956.456779209253,150
859,uav_9,2209.992246941213,5952.198533192741,150
860,uav_9,2185.4322518191298,5947.530324527237,150
861,uav_9,2160.953467604318,5942.453449907356,150
862,uav_9,2136.562693801657,5936.969319543403,150
863,uav_9,2112.266705469264,5931.07945676966,150
864,uav_9,2088.072251336559,5924.785497621248,150
865,uav_9,2063.9860519296817,5918.0891903796855,150
866,uav_9,2040.0147977046984,5910.992395087255,150
867,uav_9,2016.1651471892092,5903.497083030355,150
868,uav_9,1992.4437251327772,5895.605336191913,150
869,uav_9,1968.8571206667834,5887.319346673089,150
870,uav_9,1945.4118854741355,5878.641416084357,150
871,uav_9,1922.1145319694149,5869.573954906194,150
872,uav_9,1898.971531489907,5860.119481819511,150
873,uav_9,1875.9893124980422,5850.280623006041,150
874,uav_9,1853.1742587957701,5840.060111418859,150
875,uav_9,1830.5327077513025,5829.460786023241,150
876,uav_9,1808.0709485387947,5818.485591008089,150
877,uav_9,1785.7952203913715,5807.137574968114,150
878,uav_9,1763.7117108680686,5795.419890057028,150
879,uav_9,1741.8265541350859,5783.335791111959,150
880,uav_9,1720.1458292619102,5770.888634749362,150
881,uav_9,1698.6755585327062,5758.081878432631,150
882,uav_9,1677.4217057735164,5744.919079511734,150
883,uav_9,1656.3901746956633,5731.4038942350635,150
884,uav_9,1635.5868072558847,5717.540076733854,150
885,uav_9,1615.017382033589,5703.331477979374,150
886,uav_9,1594.6876126257453,5688.782044713252,150
887,uav_9,1574.603146059805,5673.895818351177,150
888,uav_9,1554.7695612251118,5658.676933860307,150
889,uav_9,1535.1923673232607,5643.129618610701,150
890,uav_9,1515.8770023377833,5627.258191201069,150
891,uav_9,1496.82883152365,5611.067060259195,150
892,uav_9,1478.053145916936,5594.5607232173425,150
893,uav_9,1459.5551608651422,5577.743765063,150
894,uav_9,1441.3400145785042,5560.620857065296,150
895,uav_9,1423.41276670276,5543.196755477469,150
896,uav_9,1405.7783969137108,5525.476300215696,150
897,uav_9,1388.441803534024,5507.464413514724,150
898,uav_9,1371.4078021726052,5489.166098560591,150
899,uav_9,1354.6811243869745,5470.586438100911,150
900,uav_9,1338.266416368961,5451.730593033008,150
901,uav_9,1322.1682376541366,5432.60380097038,150
902,uav_9,1306.3910598553014,5413.211374787841,150
903,uav_9,1290.9392654203934,5393.558701145744,150
904,uav_9,1275.8171464151826,5373.651238993738,150
905,uav_9,1261.0289033310428,5353.494518054413,150
906,uav_9,1246.5786439181907,5333.094137287316,150
907,uav_9,1232.4703820446557,5312.455763333702,150
908,uav_9,1218.708036581357,5291.585128942526,150
909,uav_9,1205.2954303135396,5270.488031378029,150
910,uav_9,1192.2362888789266,5249.170330809438,150
911,uav_9,1179.5342397328334,5227.63794868317,150
912,uav_9,1167.1928111405728,5205.896866078032,150
913,uav_9,1155.2154311973966,5183.953122043838,150
914,uav_9,1143.6054268762769,5161.812811923948,150
915,uav_9,1132.3660231037597,5139.482085662142,150
916,uav_9,1121.5003418641804,5116.967146094351,150
917,uav_9,1111.0114013324628,5094.274247225687,150
918,uav_9,1100.9021150357532,5071.409692493251,150
919,uav_9,1091.1752910441332,5048.37983301523,150
920,uav_9,1081.8336311906114,5025.191065826729,150
921,uav_9,1072.8797303206375,5001.8498321028665,150
922,uav_9,1064.316075571322,4978.362615369589,150
923,uav_9,1056.1450456805892,4954.735939702749,150
924,uav_9,1048.3689103264226,4930.976367915886,150
925,uav_9,1040.9898294964219,4907.090499737283,150
926,uav_9,1034.0098528878127,4883.084969976731,150
927,uav_9,1027.4309193381075,4858.966446682594,150
928,uav_9,1021.2548562865434,4834.741629289587,150
929,uav_9,1015.4833792664801,4810.417246757894,150
930,uav_9,1010.1180914288666,4786.000055704028,150
931,uav_9,1005.1604830969379,4761.496838524061,150
932,uav_9,1000.6119313522422,4736.914401509657,150
933,uav_9,996.4736996521274,4712.259572957473,150
934,uav_9,992.7469374787913,4687.539201272471,150
935,uav_9,989.4326800199851,4662.760153065605,150
936,uav_9,986.5318478814702,4637.929311246498,150
937,uav_9,984.0452468312992,4613.053573111546,150
938,uav_9,981.9735675759978,4588.139848428063,150
939,uav_9,980.3173855687044,4563.195057514925,150
940,uav_9,979.0771608493278,4538.226129320332,150
941,uav_9,978.2532379167596,4513.239999497116,150
942,uav_9,977.8458456331832,4488.2436084762385,150
943,uav_9,977.8550971605025,4463.243899538919,150
944,uav_9,978.2809899289082,4438.24781688801,150
945,uav_9,979.123405637592,4413.2623037190715,150
946,uav_9,980.382110287607,4388.2943002917755,150
947,uav_9,982.0567542468664,4363.350742002089,150
948,uav_9,984.1468723472601,4338.43855745581,150
949,uav_9,986.6518840138667,4313.564666544024,150
950,uav_9,989.5710934262192,4288.735978520927,150
951,uav_9,992.9036897115843,4263.959390084662,150
952,uav_9,996.648747170201,4239.241783461586,150
953,uav_9,1000.8052255324103,4214.590024494612,150
954,uav_9,1005.3719702476164,4190.010960736048,150
955,uav_9,1010.347712804984,4165.511419545567,150
956,uav_9,1015.7310710857973,4141.09820619374,150
957,uav_9,1021.5205497473705,4116.7781019717495,150
958,uav_9,1027.7145406384134,4092.5578623077186,150
959,uav_9,1034.3113232457267,4068.444214890267,150
960,uav_9,1041.309065172116,4044.443857799735,150
961,uav_9,1048.7058226453735,4020.5634576476623,150
962,uav_9,1056.4995410582085,3996.8096477249783,150
963,uav_9,1064.6880555389503,3973.189026159491,150
964,uav_9,1073.2690915528963,3949.7081540830823,150
965,uav_9,1082.2402655341077,3926.373553809237,150
966,uav_9,1091.5990855474986,3903.191707021319,150
967,uav_9,1101.342951981016,3880.169052972164,150
968,uav_9,1111.4691582677494,3857.3119866954125,150
969,uav_9,1121.9748916377314,3834.626857229171,150
970,uav_9,1132.8572338992458,3812.119965852421,150
971,uav_9,1144.113162249411,3789.797564334725,150
972,uav_9,1155.739550113841,3767.6658531996336,150
973,uav_9,1167.7331680151083,3745.7309800023777,150
974,uav_9,1180.0906844698068,3723.9990376222445,150
975,uav_9,1192.8086669139295,3702.4760625701683,150
976,uav_9,1205.8835826563545,3681.168033311934,150
977,uav_9,1219.3117998601167,3660.0808686075425,150
978,uav_9,1233.0895885512195,3639.2204258671636,150
979,uav_9,1247.2131216547307,3618.592499524089,150
980,uav_9,1261.6784760578246,3598.2028194252207,150
981,uav_9,1276.481633699516,3578.057049239477,150
982,uav_9,1291.6184826867484,3558.1607848846033,150
983,uav_9,1307.0848184365802,3538.519552972761,150
984,uav_9,1322.8763448440855,3519.1388092754114,150
985,uav_9,1338.9886754756928,3500.0239372078477,150
986,uav_9,1355.4173347876,3481.1802463338554,150
987,uav_9,1372.1577593689713,3462.6129708908425,150
988,uav_9,1389.2052992095073,3444.327268335933,150
989,uav_9,1406.5552189910943,3426.328217913367,150
990,uav_9,1424.2026994031228,3408.620819243648,150
991,uav_9,1442.1428384811768,3391.209990934766,150
992,uav_9,1460.3706529686494,3374.100569215963,150
993,uav_9,1478.881079700935,3357.2973065943775,150
994,uav_9,1497.668977011856,3340.804870534911,150
995,uav_9,1516.7291261618539,3324.627842163756,150
996,uav_9,1536.0562327876141,3308.770714995885,150
997,uav_9,1555.644928372672,3293.237893686888,150
998,uav_9,1575.4897717386577,3278.033692809473,150
999,uav_9,1595.5852505566827,3263.16233565501,150
1000,uav_9,1615.9257828785148,3248.627953060415,150
