timestep,relay_id,x,y,z
1,leo_0,-42500,5000,550000
2,leo_0,-35000,5000,550000
3,leo_0,-27500,5000,550000
4,leo_0,-20000,5000,550000
5,leo_0,-12500,5000,550000
6,leo_0,-5000,5000,550000
7,leo_0,2500,5000,550000
8,leo_0,10000,5000,550000
9,leo_0,17500,5000,550000
10,leo_0,25000,5000,550000
11,leo_0,32500,5000,550000
12,leo_0,40000,5000,550000
13,leo_0,47500,5000,550000
14,leo_0,55000,5000,550000
15,leo_0,62500,5000,550000
16,leo_0,70000,5000,550000
17,leo_0,77500,5000,550000
18,leo_0,85000,5000,550000
19,leo_0,92500,5000,550000
20,leo_0,100000,5000,550000
21,leo_0,-50000,5000,550000
22,leo_0,-50000,5000,550000
23,leo_0,-50000,5000,550000
24,leo_0,-50000,5000,550000
25,leo_0,-50000,5000,550000
26,leo_0,-50000,5000,550000
27,leo_0,-50000,5000,550000
28,leo_0,-50000,5000,550000
29,leo_0,-50000,5000,550000
30,leo_0,-50000,5000,550000
31,leo_0,-50000,5000,550000
32,leo_0,-50000,5000,550000
33,leo_0,-50000,5000,550000
34,leo_0,-50000,5000,550000
35,leo_0,-50000,5000,550000
36,leo_0,-50000,5000,550000
37,leo_0,-50000,5000,550000
38,leo_0,-50000,5000,550000
39,leo_0,-50000,5000,550000
40,leo_0,-50000,5000,550000
41,leo_0,-50000,5000,550000
42,leo_0,-50000,5000,550000
43,leo_0,-50000,5000,550000
44,leo_0,-50000,5000,550000
45,leo_0,-50000,5000,550000
46,leo_0,-50000,5000,550000
47,leo_0,-50000,5000,550000
48,leo_0,-50000,5000,550000
49,leo_0,-50000,5000,550000
50,leo_0,-50000,5000,550000
51,leo_0,-50000,5000,550000
52,leo_0,-50000,5000,550000
53,leo_0,-50000,5000,550000
54,leo_0,-50000,5000,550000
55,leo_0,-50000,5000,550000
56,leo_0,-50000,5000,550000
57,leo_0,-50000,5000,550000
58,leo_0,-50000,5000,550000
59,leo_0,-50000,5000,550000
60,leo_0,-50000,5000,550000
61,leo_0,-50000,5000,550000
62,leo_0,-50000,5000,550000
63,leo_0,-50000,5000,550000
64,leo_0,-50000,5000,550000
65,leo_0,-50000,5000,550000
66,leo_0,-50000,5000,550000
67,leo_0,-50000,5000,550000
68,leo_0,-50000,5000,550000
69,leo_0,-50000,5000,550000
70,leo_0,-50000,5000,550000
71,leo_0,-50000,5000,550000
72,leo_0,-50000,5000,550000
73,leo_0,-50000,5000,550000
74,leo_0,-50000,5000,550000
75,leo_0,-50000,5000,550000
76,leo_0,-50000,5000,550000
77,leo_0,-50000,5000,550000
78,leo_0,-50000,5000,550000
79,leo_0,-50000,5000,550000
80,leo_0,-50000,5000,550000
81,leo_0,-50000,5000,550000
82,leo_0,-50000,5000,550000
83,leo_0,-50000,5000,550000
84,leo_0,-50000,5000,550000
85,leo_0,-50000,5000,550000
86,leo_0,-50000,5000,550000
87,leo_0,-50000,5000,550000
88,leo_0,-50000,5000,550000
89,leo_0,-50000,5000,550000
90,leo_0,-50000,5000,550000
91,leo_0,-50000,5000,550000
92,leo_0,-50000,5000,550000
93,leo_0,-50000,5000,550000
94,leo_0,-50000,5000,550000
95,leo_0,-50000,5000,550000
96,leo_0,-50000,5000,550000
97,leo_0,-50000,5000,550000
98,leo_0,-50000,5000,550000
99,leo_0,-50000,5000,550000
100,leo_0,-50000,5000,550000
101,leo_0,-50000,5000,550000
102,leo_0,-50000,5000,550000
103,leo_0,-50000,5000,550000
104,leo_0,-50000,5000,550000
105,leo_0,-50000,5000,550000
106,leo_0,-50000,5000,550000
107,leo_0,-50000,5000,550000
108,leo_0,-50000,5000,550000
109,leo_0,-50000,5000,550000
110,leo_0,-50000,5000,550000
111,leo_0,-50000,5000,550000
112,leo_0,-50000,5000,550000
113,leo_0,-50000,5000,550000
114,leo_0,-50000,5000,550000
115,leo_0,-50000,5000,550000
116,leo_0,-50000,5000,550000
117,leo_0,-50000,5000,550000
118,leo_0,-50000,5000,550000
119,leo_0,-50000,5000,550000
120,leo_0,-50000,5000,550000
121,leo_0,-50000,5000,550000
122,leo_0,-50000,5000,550000
123,leo_0,-50000,5000,550000
124,leo_0,-50000,5000,550000
125,leo_0,-50000,5000,550000
126,leo_0,-50000,5000,550000
127,leo_0,-50000,5000,550000
128,leo_0,-50000,5000,550000
129,leo_0,-50000,5000,550000
130,leo_0,-50000,5000,550000
131,leo_0,-50000,5000,550000
132,leo_0,-50000,5000,550000
133,leo_0,-50000,5000,550000
134,leo_0,-50000,5000,550000
135,leo_0,-50000,5000,550000
136,leo_0,-50000,5000,550000
137,leo_0,-50000,5000,550000
138,leo_0,-50000,5000,550000
139,leo_0,-50000,5000,550000
140,leo_0,-50000,5000,550000
141,leo_0,-50000,5000,550000
142,leo_0,-50000,5000,550000
143,leo_0,-50000,5000,550000
144,leo_0,-50000,5000,550000
145,leo_0,-50000,5000,550000
146,leo_0,-50000,5000,550000
147,leo_0,-50000,5000,550000
148,leo_0,-50000,5000,550000
149,leo_0,-50000,5000,550000
150,leo_0,-50000,5000,550000
151,leo_0,-50000,5000,550000
152,leo_0,-50000,5000,550000
153,leo_0,-50000,5000,550000
154,leo_0,-50000,5000,550000
155,leo_0,-50000,5000,550000
156,leo_0,-50000,5000,550000
157,leo_0,-50000,5000,550000
158,leo_0,-50000,5000,550000
159,leo_0,-50000,5000,550000
160,leo_0,-50000,5000,550000
161,leo_0,-50000,5000,550000
162,leo_0,-50000,5000,550000
163,leo_0,-50000,5000,550000
164,leo_0,-50000,5000,550000
165,leo_0,-50000,5000,550000
166,leo_0,-50000,5000,550000
167,leo_0,-50000,5000,550000
168,leo_0,-50000,5000,550000
169,leo_0,-50000,5000,550000
170,leo_0,-50000,5000,550000
171,leo_0,-50000,5000,550000
172,leo_0,-50000,5000,550000
173,leo_0,-50000,5000,550000
174,leo_0,-50000,5000,550000
175,leo_0,-50000,5000,550000
176,leo_0,-50000,5000,550000
177,leo_0,-50000,5000,550000
178,leo_0,-50000,5000,550000
179,leo_0,-50000,5000,550000
180,leo_0,-50000,5000,550000
181,leo_0,-50000,5000,550000
182,leo_0,-50000,5000,550000
183,leo_0,-50000,5000,550000
184,leo_0,-50000,5000,550000
185,leo_0,-50000,5000,550000
186,leo_0,-50000,5000,550000
187,leo_0,-50000,5000,550000
188,leo_0,-50000,5000,550000
189,leo_0,-50000,5000,550000
190,leo_0,-50000,5000,550000
191,leo_0,-50000,5000,550000
192,leo_0,-50000,5000,550000
193,leo_0,-50000,5000,550000
194,leo_0,-50000,5000,550000
195,leo_0,-50000,5000,550000
196,leo_0,-50000,5000,550000
197,leo_0,-50000,5000,550000
198,leo_0,-50000,5000,550000
199,leo_0,-50000,5000,550000
200,leo_0,-50000,5000,550000
201,leo_0,-50000,5000,550000
202,leo_0,-50000,5000,550000
203,leo_0,-50000,5000,550000
204,leo_0,-50000,5000,550000
205,leo_0,-50000,5000,550000
206,leo_0,-50000,5000,550000
207,leo_0,-50000,5000,550000
208,leo_0,-50000,5000,550000
209,leo_0,-50000,5000,550000
210,leo_0,-50000,5000,550000
211,leo_0,-50000,5000,550000
212,leo_0,-50000,5000,550000
213,leo_0,-50000,5000,550000
214,leo_0,-50000,5000,550000
215,leo_0,-50000,5000,550000
216,leo_0,-50000,5000,550000
217,leo_0,-50000,5000,550000
218,leo_0,-50000,5000,550000
219,leo_0,-50000,5000,550000
220,leo_0,-50000,5000,550000
221,leo_0,-50000,5000,550000
222,leo_0,-50000,5000,550000
223,leo_0,-50000,5000,550000
224,leo_0,-50000,5000,550000
225,leo_0,-50000,5000,550000
226,leo_0,-50000,5000,550000
227,leo_0,-50000,5000,550000
228,leo_0,-50000,5000,550000
229,leo_0,-50000,5000,550000
230,leo_0,-50000,5000,550000
231,leo_0,-50000,5000,550000
232,leo_0,-50000,5000,550000
233,leo_0,-50000,5000,550000
234,leo_0,-50000,5000,550000
235,leo_0,-50000,5000,550000
236,leo_0,-50000,5000,550000
237,leo_0,-50000,5000,550000
238,leo_0,-50000,5000,550000
239,leo_0,-50000,5000,550000
240,leo_0,-50000,5000,550000
241,leo_0,-50000,5000,550000
242,leo_0,-50000,5000,550000
243,leo_0,-50000,5000,550000
244,leo_0,-50000,5000,550000
245,leo_0,-50000,5000,550000
246,leo_0,-50000,5000,550000
247,leo_0,-50000,5000,550000
248,leo_0,-50000,5000,550000
249,leo_0,-50000,5000,550000
250,leo_0,-50000,5000,550000
251,leo_0,-50000,5000,550000
252,leo_0,-50000,5000,550000
253,leo_0,-50000,5000,550000
254,leo_0,-50000,5000,550000
255,leo_0,-50000,5000,550000
256,leo_0,-50000,5000,550000
257,leo_0,-50000,5000,550000
258,leo_0,-50000,5000,550000
259,leo_0,-50000,5000,550000
260,leo_0,-50000,5000,550000
261,leo_0,-50000,5000,550000
262,leo_0,-50000,5000,550000
263,leo_0,-50000,5000,550000
264,leo_0,-50000,5000,550000
265,leo_0,-50000,5000,550000
266,leo_0,-50000,5000,550000
267,leo_0,-50000,5000,550000
268,leo_0,-50000,5000,550000
269,leo_0,-50000,5000,550000
270,leo_0,-50000,5000,550000
271,leo_0,-50000,5000,550000
272,leo_0,-50000,5000,550000
273,leo_0,-50000,5000,550000
274,leo_0,-50000,5000,550000
275,leo_0,-50000,5000,550000
276,leo_0,-50000,5000,550000
277,leo_0,-50000,5000,550000
278,leo_0,-50000,5000,550000
279,leo_0,-50000,5000,550000
280,leo_0,-50000,5000,550000
281,leo_0,-50000,5000,550000
282,leo_0,-50000,5000,550000
283,leo_0,-50000,5000,550000
284,leo_0,-50000,5000,550000
285,leo_0,-50000,5000,550000
286,leo_0,-50000,5000,550000
287,leo_0,-50000,5000,550000
288,leo_0,-50000,5000,550000
289,leo_0,-50000,5000,550000
290,leo_0,-50000,5000,550000
291,leo_0,-50000,5000,550000
292,leo_0,-50000,5000,550000
293,leo_0,-50000,5000,550000
294,leo_0,-50000,5000,550000
295,leo_0,-50000,5000,550000
296,leo_0,-50000,5000,550000
297,leo_0,-50000,5000,550000
298,leo_0,-50000,5000,550000
299,leo_0,-50000,5000,550000
300,leo_0,-50000,5000,550000
301,leo_0,-50000,5000,550000
302,leo_0,-50000,5000,550000
303,leo_0,-50000,5000,550000
304,leo_0,-50000,5000,550000
305,leo_0,-50000,5000,550000
306,leo_0,-50000,5000,550000
307,leo_0,-50000,5000,550000
308,leo_0,-50000,5000,550000
309,leo_0,-50000,5000,550000
310,leo_0,-50000,5000,550000
311,leo_0,-50000,5000,550000
312,leo_0,-50000,5000,550000
313,leo_0,-50000,5000,550000
314,leo_0,-50000,5000,550000
315,leo_0,-50000,5000,550000
316,leo_0,-50000,5000,550000
317,leo_0,-50000,5000,550000
318,leo_0,-50000,5000,550000
319,leo_0,-50000,5000,550000
320,leo_0,-50000,5000,550000
321,leo_0,-50000,5000,550000
322,leo_0,-50000,5000,550000
323,leo_0,-50000,5000,550000
324,leo_0,-50000,5000,550000
325,leo_0,-50000,5000,550000
326,leo_0,-50000,5000,550000
327,leo_0,-50000,5000,550000
328,leo_0,-50000,5000,550000
329,leo_0,-50000,5000,550000
330,leo_0,-50000,5000,550000
331,leo_0,-50000,5000,550000
332,leo_0,-50000,5000,550000
333,leo_0,-50000,5000,550000
334,leo_0,-50000,5000,550000
335,leo_0,-50000,5000,550000
336,leo_0,-50000,5000,550000
337,leo_0,-50000,5000,550000
338,leo_0,-50000,5000,550000
339,leo_0,-50000,5000,550000
340,leo_0,-50000,5000,550000
341,leo_0,-50000,5000,550000
342,leo_0,-50000,5000,550000
343,leo_0,-50000,5000,550000
344,leo_0,-50000,5000,550000
345,leo_0,-50000,5000,550000
346,leo_0,-50000,5000,550000
347,leo_0,-50000,5000,550000
348,leo_0,-50000,5000,550000
349,leo_0,-50000,5000,550000
350,leo_0,-50000,5000,550000
351,leo_0,-50000,5000,550000
352,leo_0,-50000,5000,550000
353,leo_0,-50000,5000,550000
354,leo_0,-50000,5000,550000
355,leo_0,-50000,5000,550000
356,leo_0,-50000,5000,550000
357,leo_0,-50000,5000,550000
358,leo_0,-50000,5000,550000
359,leo_0,-50000,5000,550000
360,leo_0,-50000,5000,550000
361,leo_0,-50000,5000,550000
362,leo_0,-50000,5000,550000
363,leo_0,-50000,5000,550000
364,leo_0,-50000,5000,550000
365,leo_0,-50000,5000,550000
366,leo_0,-50000,5000,550000
367,leo_0,-50000,5000,550000
368,leo_0,-50000,5000,550000
369,leo_0,-50000,5000,550000
370,leo_0,-50000,5000,550000
371,leo_0,-50000,5000,550000
372,leo_0,-50000,5000,550000
373,leo_0,-50000,5000,550000
374,leo_0,-50000,5000,550000
375,leo_0,-50000,5000,550000
376,leo_0,-50000,5000,550000
377,leo_0,-50000,5000,550000
378,leo_0,-50000,5000,550000
379,leo_0,-50000,5000,550000
380,leo_0,-50000,5000,550000
381,leo_0,-50000,5000,550000
382,leo_0,-50000,5000,550000
383,leo_0,-50000,5000,550000
384,leo_0,-50000,5000,550000
385,leo_0,-50000,5000,550000
386,leo_0,-50000,5000,550000
387,leo_0,-50000,5000,550000
388,leo_0,-50000,5000,550000
389,leo_0,-50000,5000,550000
390,leo_0,-50000,5000,550000
391,leo_0,-50000,5000,550000
392,leo_0,-50000,5000,550000
393,leo_0,-50000,5000,550000
394,leo_0,-50000,5000,550000
395,leo_0,-50000,5000,550000
396,leo_0,-50000,5000,550000
397,leo_0,-50000,5000,550000
398,leo_0,-50000,5000,550000
399,leo_0,-50000,5000,550000
400,leo_0,-50000,5000,550000
401,leo_0,-50000,5000,550000
402,leo_0,-50000,5000,550000
403,leo_0,-50000,5000,550000
404,leo_0,-50000,5000,550000
405,leo_0,-50000,5000,550000
406,leo_0,-50000,5000,550000
407,leo_0,-50000,5000,550000
408,leo_0,-50000,5000,550000
409,leo_0,-50000,5000,550000
410,leo_0,-50000,5000,550000
411,leo_0,-50000,5000,550000
412,leo_0,-50000,5000,550000
413,leo_0,-50000,5000,550000
414,leo_0,-50000,5000,550000
415,leo_0,-50000,5000,550000
416,leo_0,-50000,5000,550000
417,leo_0,-50000,5000,550000
418,leo_0,-50000,5000,550000
419,leo_0,-50000,5000,550000
420,leo_0,-50000,5000,550000
421,leo_0,-50000,5000,550000
422,leo_0,-50000,5000,550000
423,leo_0,-50000,5000,550000
424,leo_0,-50000,5000,550000
425,leo_0,-50000,5000,550000
426,leo_0,-50000,5000,550000
427,leo_0,-50000,5000,550000
428,leo_0,-50000,5000,550000
429,leo_0,-50000,5000,550000
430,leo_0,-50000,5000,550000
431,leo_0,-50000,5000,550000
432,leo_0,-50000,5000,550000
433,leo_0,-50000,5000,550000
434,leo_0,-50000,5000,550000
435,leo_0,-50000,5000,550000
436,leo_0,-50000,5000,550000
437,leo_0,-50000,5000,550000
438,leo_0,-50000,5000,550000
439,leo_0,-50000,5000,550000
440,leo_0,-50000,5000,550000
441,leo_0,-50000,5000,550000
442,leo_0,-50000,5000,550000
443,leo_0,-50000,5000,550000
444,leo_0,-50000,5000,550000
445,leo_0,-50000,5000,550000
446,leo_0,-50000,5000,550000
447,leo_0,-50000,5000,550000
448,leo_0,-50000,5000,550000
449,leo_0,-50000,5000,550000
450,leo_0,-50000,5000,550000
451,leo_0,-50000,5000,550000
452,leo_0,-50000,5000,550000
453,leo_0,-50000,5000,550000
454,leo_0,-50000,5000,550000
455,leo_0,-50000,5000,550000
456,leo_0,-50000,5000,550000
457,leo_0,-50000,5000,550000
458,leo_0,-50000,5000,550000
459,leo_0,-50000,5000,550000
460,leo_0,-50000,5000,550000
461,leo_0,-50000,5000,550000
462,leo_0,-50000,5000,550000
463,leo_0,-50000,5000,550000
464,leo_0,-50000,5000,550000
465,leo_0,-50000,5000,550000
466,leo_0,-50000,5000,550000
467,leo_0,-50000,5000,550000
468,leo_0,-50000,5000,550000
469,leo_0,-50000,5000,550000
470,leo_0,-50000,5000,550000
471,leo_0,-50000,5000,550000
472,leo_0,-50000,5000,550000
473,leo_0,-50000,5000,550000
474,leo_0,-50000,5000,550000
475,leo_0,-50000,5000,550000
476,leo_0,-50000,5000,550000
477,leo_0,-50000,5000,550000
478,leo_0,-50000,5000,550000
479,leo_0,-50000,5000,550000
480,leo_0,-50000,5000,550000
481,leo_0,-50000,5000,550000
482,leo_0,-50000,5000,550000
483,leo_0,-50000,5000,550000
484,leo_0,-50000,5000,550000
485,leo_0,-50000,5000,550000
486,leo_0,-50000,5000,550000
487,leo_0,-50000,5000,550000
488,leo_0,-50000,5000,550000
489,leo_0,-50000,5000,550000
490,leo_0,-50000,5000,550000
491,leo_0,-50000,5000,550000
492,leo_0,-50000,5000,550000
493,leo_0,-50000,5000,550000
494,leo_0,-50000,5000,550000
495,leo_0,-50000,5000,550000
496,leo_0,-50000,5000,550000
497,leo_0,-50000,5000,550000
498,leo_0,-50000,5000,550000
499,leo_0,-50000,5000,550000
500,leo_0,-50000,5000,550000
501,leo_0,-50000,5000,550000
502,leo_0,-50000,5000,550000
503,leo_0,-50000,5000,550000
504,leo_0,-50000,5000,550000
505,leo_0,-50000,5000,550000
506,leo_0,-50000,5000,550000
507,leo_0,-50000,5000,550000
508,leo_0,-50000,5000,550000
509,leo_0,-50000,5000,550000
510,leo_0,-50000,5000,550000
511,leo_0,-50000,5000,550000
512,leo_0,-50000,5000,550000
513,leo_0,-50000,5000,550000
514,leo_0,-50000,5000,550000
515,leo_0,-50000,5000,550000
516,leo_0,-50000,5000,550000
517,leo_0,-50000,5000,550000
518,leo_0,-50000,5000,550000
519,leo_0,-50000,5000,550000
520,leo_0,-50000,5000,550000
521,leo_0,-50000,5000,550000
522,leo_0,-50000,5000,550000
523,leo_0,-50000,5000,550000
524,leo_0,-50000,5000,550000
525,leo_0,-50000,5000,550000
526,leo_0,-50000,5000,550000
527,leo_0,-50000,5000,550000
528,leo_0,-50000,5000,550000
529,leo_0,-50000,5000,550000
530,leo_0,-50000,5000,550000
531,leo_0,-50000,5000,550000
532,leo_0,-50000,5000,550000
533,leo_0,-50000,5000,550000
534,leo_0,-50000,5000,550000
535,leo_0,-50000,5000,550000
536,leo_0,-50000,5000,550000
537,leo_0,-50000,5000,550000
538,leo_0,-50000,5000,550000
539,leo_0,-50000,5000,550000
540,leo_0,-50000,5000,550000
541,leo_0,-50000,5000,550000
542,leo_0,-50000,5000,550000
543,leo_0,-50000,5000,550000
544,leo_0,-50000,5000,550000
545,leo_0,-50000,5000,550000
546,leo_0,-50000,5000,550000
547,leo_0,-50000,5000,550000
548,leo_0,-50000,5000,550000
549,leo_0,-50000,5000,550000
550,leo_0,-50000,5000,550000
551,leo_0,-50000,5000,550000
552,leo_0,-50000,5000,550000
553,leo_0,-50000,5000,550000
554,leo_0,-50000,5000,550000
555,leo_0,-50000,5000,550000
556,leo_0,-50000,5000,550000
557,leo_0,-50000,5000,550000
558,leo_0,-50000,5000,550000
559,leo_0,-50000,5000,550000
560,leo_0,-50000,5000,550000
561,leo_0,-50000,5000,550000
562,leo_0,-50000,5000,550000
563,leo_0,-50000,5000,550000
564,leo_0,-50000,5000,550000
565,leo_0,-50000,5000,550000
566,leo_0,-50000,5000,550000
567,leo_0,-50000,5000,550000
568,leo_0,-50000,5000,550000
569,leo_0,-50000,5000,550000
570,leo_0,-50000,5000,550000
571,leo_0,-50000,5000,550000
572,leo_0,-50000,5000,550000
573,leo_0,-50000,5000,550000
574,leo_0,-50000,5000,550000
575,leo_0,-50000,5000,550000
576,leo_0,-50000,5000,550000
577,leo_0,-50000,5000,550000
578,leo_0,-50000,5000,550000
579,leo_0,-50000,5000,550000
580,leo_0,-50000,5000,550000
581,leo_0,-50000,5000,550000
582,leo_0,-50000,5000,550000
583,leo_0,-50000,5000,550000
584,leo_0,-50000,5000,550000
585,leo_0,-50000,5000,550000
586,leo_0,-50000,5000,550000
587,leo_0,-50000,5000,550000
588,leo_0,-50000,5000,550000
589,leo_0,-50000,5000,550000
590,leo_0,-50000,5000,550000
591,leo_0,-50000,5000,550000
592,leo_0,-50000,5000,550000
593,leo_0,-50000,5000,550000
594,leo_0,-50000,5000,550000
595,leo_0,-50000,5000,550000
596,leo_0,-50000,5000,550000
597,leo_0,-50000,5000,550000
598,leo_0,-50000,5000,550000
599,leo_0,-50000,5000,550000
600,leo_0,-50000,5000,550000
601,leo_0,-50000,5000,550000
602,leo_0,-50000,5000,550000
603,leo_0,-50000,5000,550000
604,leo_0,-50000,5000,550000
605,leo_0,-50000,5000,550000
606,leo_0,-50000,5000,550000
607,leo_0,-50000,5000,550000
608,leo_0,-50000,5000,550000
609,leo_0,-50000,5000,550000
610,leo_0,-50000,5000,550000
611,leo_0,-50000,5000,550000
612,leo_0,-50000,5000,550000
613,leo_0,-50000,5000,550000
614,leo_0,-50000,5000,550000
615,leo_0,-50000,5000,550000
616,leo_0,-50000,5000,550000
617,leo_0,-50000,5000,550000
618,leo_0,-50000,5000,550000
619,leo_0,-50000,5000,550000
620,leo_0,-50000,5000,550000
621,leo_0,-50000,5000,550000
622,leo_0,-50000,5000,550000
623,leo_0,-50000,5000,550000
624,leo_0,-50000,5000,550000
625,leo_0,-50000,5000,550000
626,leo_0,-50000,5000,550000
627,leo_0,-50000,5000,550000
628,leo_0,-50000,5000,550000
629,leo_0,-50000,5000,550000
630,leo_0,-50000,5000,550000
631,leo_0,-50000,5000,550000
632,leo_0,-50000,5000,550000
633,leo_0,-50000,5000,550000
634,leo_0,-50000,5000,550000
635,leo_0,-50000,5000,550000
636,leo_0,-50000,5000,550000
637,leo_0,-50000,5000,550000
638,leo_0,-50000,5000,550000
639,leo_0,-50000,5000,550000
640,leo_0,-50000,5000,550000
641,leo_0,-50000,5000,550000
642,leo_0,-50000,5000,550000
643,leo_0,-50000,5000,550000
644,leo_0,-50000,5000,550000
645,leo_0,-50000,5000,550000
646,leo_0,-50000,5000,550000
647,leo_0,-50000,5000,550000
648,leo_0,-50000,5000,550000
649,leo_0,-50000,5000,550000
650,leo_0,-50000,5000,550000
651,leo_0,-50000,5000,550000
652,leo_0,-50000,5000,550000
653,leo_0,-50000,5000,550000
654,leo_0,-50000,5000,550000
655,leo_0,-50000,5000,550000
656,leo_0,-50000,5000,550000
657,leo_0,-50000,5000,550000
658,leo_0,-50000,5000,550000
659,leo_0,-50000,5000,550000
660,leo_0,-50000,5000,550000
661,leo_0,-50000,5000,550000
662,leo_0,-50000,5000,550000
663,leo_0,-50000,5000,550000
664,leo_0,-50000,5000,550000
665,leo_0,-50000,5000,550000
666,leo_0,-50000,5000,550000
667,leo_0,-50000,5000,550000
668,leo_0,-50000,5000,550000
669,leo_0,-50000,5000,550000
670,leo_0,-50000,5000,550000
671,leo_0,-50000,5000,550000
672,leo_0,-50000,5000,550000
673,leo_0,-50000,5000,550000
674,leo_0,-50000,5000,550000
675,leo_0,-50000,5000,550000
676,leo_0,-50000,5000,550000
677,leo_0,-50000,5000,550000
678,leo_0,-50000,5000,550000
679,leo_0,-50000,5000,550000
680,leo_0,-50000,5000,550000
681,leo_0,-50000,5000,550000
682,leo_0,-50000,5000,550000
683,leo_0,-50000,5000,550000
684,leo_0,-50000,5000,550000
685,leo_0,-50000,5000,550000
686,leo_0,-50000,5000,550000
687,leo_0,-50000,5000,550000
688,leo_0,-50000,5000,550000
689,leo_0,-50000,5000,550000
690,leo_0,-50000,5000,550000
691,leo_0,-50000,5000,550000
692,leo_0,-50000,5000,550000
693,leo_0,-50000,5000,550000
694,leo_0,-50000,5000,550000
695,leo_0,-50000,5000,550000
696,leo_0,-50000,5000,550000
697,leo_0,-50000,5000,550000
698,leo_0,-50000,5000,550000
699,leo_0,-50000,5000,550000
700,leo_0,-50000,5000,550000
701,leo_0,-50000,5000,550000
702,leo_0,-50000,5000,550000
703,leo_0,-50000,5000,550000
704,leo_0,-50000,5000,550000
705,leo_0,-50000,5000,550000
706,leo_0,-50000,5000,550000
707,leo_0,-50000,5000,550000
708,leo_0,-50000,5000,550000
709,leo_0,-50000,5000,550000
710,leo_0,-50000,5000,550000
711,leo_0,-50000,5000,550000
712,leo_0,-50000,5000,550000
713,leo_0,-50000,5000,550000
714,leo_0,-50000,5000,550000
715,leo_0,-50000,5000,550000
716,leo_0,-50000,5000,550000
717,leo_0,-50000,5000,550000
718,leo_0,-50000,5000,550000
719,leo_0,-50000,5000,550000
720,leo_0,-50000,5000,550000
721,leo_0,-50000,5000,550000
722,leo_0,-50000,5000,550000
723,leo_0,-50000,5000,550000
724,leo_0,-50000,5000,550000
725,leo_0,-50000,5000,550000
726,leo_0,-50000,5000,550000
727,leo_0,-50000,5000,550000
728,leo_0,-50000,5000,550000
729,leo_0,-50000,5000,550000
730,leo_0,-50000,5000,550000
731,leo_0,-50000,5000,550000
732,leo_0,-50000,5000,550000
733,leo_0,-50000,5000,550000
734,leo_0,-50000,5000,550000
735,leo_0,-50000,5000,550000
736,leo_0,-50000,5000,550000
737,leo_0,-50000,5000,550000
738,leo_0,-50000,5000,550000
739,leo_0,-50000,5000,550000
740,leo_0,-50000,5000,550000
741,leo_0,-50000,5000,550000
742,leo_0,-50000,5000,550000
743,leo_0,-50000,5000,550000
744,leo_0,-50000,5000,550000
745,leo_0,-50000,5000,550000
746,leo_0,-50000,5000,550000
747,leo_0,-50000,5000,550000
748,leo_0,-50000,5000,550000
749,leo_0,-50000,5000,550000
750,leo_0,-50000,5000,550000
751,leo_0,-50000,5000,550000
752,leo_0,-50000,5000,550000
753,leo_0,-50000,5000,550000
754,leo_0,-50000,5000,550000
755,leo_0,-50000,5000,550000
756,leo_0,-50000,5000,550000
757,leo_0,-50000,5000,550000
758,leo_0,-50000,5000,550000
759,leo_0,-50000,5000,550000
760,leo_0,-50000,5000,550000
761,leo_0,-50000,5000,550000
762,leo_0,-50000,5000,550000
763,leo_0,-50000,5000,550000
764,leo_0,-50000,5000,550000
765,leo_0,-50000,5000,550000
766,leo_0,-50000,5000,550000
767,leo_0,-50000,5000,550000
768,leo_0,-50000,5000,550000
769,leo_0,-50000,5000,550000
770,leo_0,-50000,5000,550000
771,leo_0,-50000,5000,550000
772,leo_0,-50000,5000,550000
773,leo_0,-50000,5000,550000
774,leo_0,-50000,5000,550000
775,leo_0,-50000,5000,550000
776,leo_0,-50000,5000,550000
777,leo_0,-50000,5000,550000
778,leo_0,-50000,5000,550000
779,leo_0,-50000,5000,550000
780,leo_0,-50000,5000,550000
781,leo_0,-50000,5000,550000
782,leo_0,-50000,5000,550000
783,leo_0,-50000,5000,550000
784,leo_0,-50000,5000,550000
785,leo_0,-50000,5000,550000
786,leo_0,-50000,5000,550000
787,leo_0,-50000,5000,550000
788,leo_0,-50000,5000,550000
789,leo_0,-50000,5000,550000
790,leo_0,-50000,5000,550000
791,leo_0,-50000,5000,550000
792,leo_0,-50000,5000,550000
793,leo_0,-50000,5000,550000
794,leo_0,-50000,5000,550000
795,leo_0,-50000,5000,550000
796,leo_0,-50000,5000,550000
797,leo_0,-50000,5000,550000
798,leo_0,-50000,5000,550000
799,leo_0,-50000,5000,550000
800,leo_0,-50000,5000,550000
801,leo_0,-50000,5000,550000
802,leo_0,-50000,5000,550000
803,leo_0,-50000,5000,550000
804,leo_0,-50000,5000,550000
805,leo_0,-50000,5000,550000
806,leo_0,-50000,5000,550000
807,leo_0,-50000,5000,550000
808,leo_0,-50000,5000,550000
809,leo_0,-50000,5000,550000
810,leo_0,-50000,5000,550000
811,leo_0,-50000,5000,550000
812,leo_0,-50000,5000,550000
813,leo_0,-50000,5000,550000
814,leo_0,-50000,5000,550000
815,leo_0,-50000,5000,550000
816,leo_0,-50000,5000,550000
817,leo_0,-50000,5000,550000
818,leo_0,-50000,5000,550000
819,leo_0,-50000,5000,550000
820,leo_0,-50000,5000,550000
821,leo_0,-50000,5000,550000
822,leo_0,-50000,5000,550000
823,leo_0,-50000,5000,550000
824,leo_0,-50000,5000,550000
825,leo_0,-50000,5000,550000
826,leo_0,-50000,5000,550000
827,leo_0,-50000,5000,550000
828,leo_0,-50000,5000,550000
829,leo_0,-50000,5000,550000
830,leo_0,-50000,5000,550000
831,leo_0,-50000,5000,550000
832,leo_0,-50000,5000,550000
833,leo_0,-50000,5000,550000
834,leo_0,-50000,5000,550000
835,leo_0,-50000,5000,550000
836,leo_0,-50000,5000,550000
837,leo_0,-50000,5000,550000
838,leo_0,-50000,5000,550000
839,leo_0,-50000,5000,550000
840,leo_0,-50000,5000,550000
841,leo_0,-50000,5000,550000
842,leo_0,-50000,5000,550000
843,leo_0,-50000,5000,550000
844,leo_0,-50000,5000,550000
845,leo_0,-50000,5000,550000
846,leo_0,-50000,5000,550000
847,leo_0,-50000,5000,550000
848,leo_0,-50000,5000,550000
849,leo_0,-50000,5000,550000
850,leo_0,-50000,5000,550000
851,leo_0,-50000,5000,550000
852,leo_0,-50000,5000,550000
853,leo_0,-50000,5000,550000
854,leo_0,-50000,5000,550000
855,leo_0,-50000,5000,550000
856,leo_0,-50000,5000,550000
857,leo_0,-50000,5000,550000
858,leo_0,-50000,5000,550000
859,leo_0,-50000,5000,550000
860,leo_0,-50000,5000,550000
861,leo_0,-50000,5000,550000
862,leo_0,-50000,5000,550000
863,leo_0,-50000,5000,550000
864,leo_0,-50000,5000,550000
865,leo_0,-50000,5000,550000
866,leo_0,-50000,5000,550000
867,leo_0,-50000,5000,550000
868,leo_0,-50000,5000,550000
869,leo_0,-50000,5000,550000
870,leo_0,-50000,5000,550000
871,leo_0,-50000,5000,550000
872,leo_0,-50000,5000,550000
873,leo_0,-50000,5000,550000
874,leo_0,-50000,5000,550000
875,leo_0,-50000,5000,550000
876,leo_0,-50000,5000,550000
877,leo_0,-50000,5000,550000
878,leo_0,-50000,5000,550000
879,leo_0,-50000,5000,550000
880,leo_0,-50000,5000,550000
881,leo_0,-50000,5000,550000
882,leo_0,-50000,5000,550000
883,leo_0,-50000,5000,550000
884,leo_0,-50000,5000,550000
885,leo_0,-50000,5000,550000
886,leo_0,-50000,5000,550000
887,leo_0,-50000,5000,550000
888,leo_0,-50000,5000,550000
889,leo_0,-50000,5000,550000
890,leo_0,-50000,5000,550000
891,leo_0,-50000,5000,550000
892,leo_0,-50000,5000,550000
893,leo_0,-50000,5000,550000
894,leo_0,-50000,5000,550000
895,leo_0,-50000,5000,550000
896,leo_0,-50000,5000,550000
897,leo_0,-50000,5000,550000
898,leo_0,-50000,5000,550000
899,leo_0,-50000,5000,550000
900,leo_0,-50000,5000,550000
901,leo_0,-50000,5000,550000
902,leo_0,-50000,5000,550000
903,leo_0,-50000,5000,550000
904,leo_0,-50000,5000,550000
905,leo_0,-50000,5000,550000
906,leo_0,-50000,5000,550000
907,leo_0,-50000,5000,550000
908,leo_0,-50000,5000,550000
909,leo_0,-50000,5000,550000
910,leo_0,-50000,5000,550000
911,leo_0,-50000,5000,550000
912,leo_0,-50000,5000,550000
913,leo_0,-50000,5000,550000
914,leo_0,-50000,5000,550000
915,leo_0,-50000,5000,550000
916,leo_0,-50000,5000,550000
917,leo_0,-50000,5000,550000
918,leo_0,-50000,5000,550000
919,leo_0,-50000,5000,550000
920,leo_0,-50000,5000,550000
921,leo_0,-50000,5000,550000
922,leo_0,-50000,5000,550000
923,leo_0,-50000,5000,550000
924,leo_0,-50000,5000,550000
925,leo_0,-50000,5000,550000
926,leo_0,-50000,5000,550000
927,leo_0,-50000,5000,550000
928,leo_0,-50000,5000,550000
929,leo_0,-50000,5000,550000
930,leo_0,-50000,5000,550000
931,leo_0,-50000,5000,550000
932,leo_0,-50000,5000,550000
933,leo_0,-50000,5000,550000
934,leo_0,-50000,5000,550000
935,leo_0,-50000,5000,550000
936,leo_0,-50000,5000,550000
937,leo_0,-50000,5000,550000
938,leo_0,-50000,5000,550000
939,leo_0,-50000,5000,550000
940,leo_0,-50000,5000,550000
941,leo_0,-50000,5000,550000
942,leo_0,-50000,5000,550000
943,leo_0,-50000,5000,550000
944,leo_0,-50000,5000,550000
945,leo_0,-50000,5000,550000
946,leo_0,-50000,5000,550000
947,leo_0,-50000,5000,550000
948,leo_0,-50000,5000,550000
949,leo_0,-50000,5000,550000
950,leo_0,-50000,5000,550000
951,leo_0,-50000,5000,550000
952,leo_0,-50000,5000,550000
953,leo_0,-50000,5000,550000
954,leo_0,-50000,5000,550000
955,leo_0,-50000,5000,550000
956,leo_0,-50000,5000,550000
957,leo_0,-50000,5000,550000
958,leo_0,-50000,5000,550000
959,leo_0,-50000,5000,550000
960,leo_0,-50000,5000,550000
961,leo_0,-50000,5000,550000
962,leo_0,-50000,5000,550000
963,leo_0,-50000,5000,550000
964,leo_0,-50000,5000,550000
965,leo_0,-50000,5000,550000
966,leo_0,-50000,5000,550000
967,leo_0,-50000,5000,550000
968,leo_0,-50000,5000,550000
969,leo_0,-50000,5000,550000
970,leo_0,-50000,5000,550000
971,leo_0,-50000,5000,550000
972,leo_0,-50000,5000,550000
973,leo_0,-50000,5000,550000
974,leo_0,-50000,5000,550000
975,leo_0,-50000,5000,550000
976,leo_0,-50000,5000,550000
977,leo_0,-50000,5000,550000
978,leo_0,-50000,5000,550000
979,leo_0,-50000,5000,550000
980,leo_0,-50000,5000,550000
981,leo_0,-50000,5000,550000
982,leo_0,-50000,5000,550000
983,leo_0,-50000,5000,550000
984,leo_0,-50000,5000,550000
985,leo_0,-50000,5000,550000
986,leo_0,-50000,5000,550000
987,leo_0,-50000,5000,550000
988,leo_0,-50000,5000,550000
989,leo_0,-50000,5000,550000
990,leo_0,-50000,5000,550000
991,leo_0,-50000,5000,550000
992,leo_0,-50000,5000,550000
993,leo_0,-50000,5000,550000
994,leo_0,-50000,5000,550000
995,leo_0,-50000,5000,550000
996,leo_0,-50000,5000,550000
997,leo_0,-50000,5000,550000
998,leo_0,-50000,5000,550000
999,leo_0,-50000,5000,550000
1000,leo_0,-50000,5000,550000
1,leo_1,-22500,6000,550000
2,leo_1,-15000,6000,550000
3,leo_1,-7500,6000,550000
4,leo_1,0,6000,550000
5,leo_1,7500,6000,550000
6,leo_1,15000,6000,550000
7,leo_1,22500,6000,550000
8,leo_1,30000,6000,550000
9,leo_1,37500,6000,550000
10,leo_1,45000,6000,550000
11,leo_1,52500,6000,550000
12,leo_1,60000,6000,550000
13,leo_1,67500,6000,550000
14,leo_1,75000,6000,550000
15,leo_1,82500,6000,550000
16,leo_1,90000,6000,550000
17,leo_1,97500,6000,550000
18,leo_1,-50000,6000,550000
19,leo_1,-50000,6000,550000
20,leo_1,-50000,6000,550000
21,leo_1,-50000,6000,550000
22,leo_1,-50000,6000,550000
23,leo_1,-50000,6000,550000
24,leo_1,-50000,6000,550000
25,leo_1,-50000,6000,550000
26,leo_1,-50000,6000,550000
27,leo_1,-50000,6000,550000
28,leo_1,-50000,6000,550000
29,leo_1,-50000,6000,550000
30,leo_1,-50000,6000,550000
31,leo_1,-50000,6000,550000
32,leo_1,-50000,6000,550000
33,leo_1,-50000,6000,550000
34,leo_1,-50000,6000,550000
35,leo_1,-50000,6000,550000
36,leo_1,-50000,6000,550000
37,leo_1,-50000,6000,550000
38,leo_1,-50000,6000,550000
39,leo_1,-50000,6000,550000
40,leo_1,-50000,6000,550000
41,leo_1,-50000,6000,550000
42,leo_1,-50000,6000,550000
43,leo_1,-50000,6000,550000
44,leo_1,-50000,6000,550000
45,leo_1,-50000,6000,550000
46,leo_1,-50000,6000,550000
47,leo_1,-50000,6000,550000
48,leo_1,-50000,6000,550000
49,leo_1,-50000,6000,550000
50,leo_1,-50000,6000,550000
51,leo_1,-50000,6000,550000
52,leo_1,-50000,6000,550000
53,leo_1,-50000,6000,550000
54,leo_1,-50000,6000,550000
55,leo_1,-50000,6000,550000
56,leo_1,-50000,6000,550000
57,leo_1,-50000,6000,550000
58,leo_1,-50000,6000,550000
59,leo_1,-50000,6000,550000
60,leo_1,-50000,6000,550000
61,leo_1,-50000,6000,550000
62,leo_1,-50000,6000,550000
63,leo_1,-50000,6000,550000
64,leo_1,-50000,6000,550000
65,leo_1,-50000,6000,550000
66,leo_1,-50000,6000,550000
67,leo_1,-50000,6000,550000
68,leo_1,-50000,6000,550000
69,leo_1,-50000,6000,550000
70,leo_1,-50000,6000,550000
71,leo_1,-50000,6000,550000
72,leo_1,-50000,6000,550000
73,leo_1,-50000,6000,550000
74,leo_1,-50000,6000,550000
75,leo_1,-50000,6000,550000
76,leo_1,-50000,6000,550000
77,leo_1,-50000,6000,550000
78,leo_1,-50000,6000,550000
79,leo_1,-50000,6000,550000
80,leo_1,-50000,6000,550000
81,leo_1,-50000,6000,550000
82,leo_1,-50000,6000,550000
83,leo_1,-50000,6000,550000
84,leo_1,-50000,6000,550000
85,leo_1,-50000,6000,550000
86,leo_1,-50000,6000,550000
87,leo_1,-50000,6000,550000
88,leo_1,-50000,6000,550000
89,leo_1,-50000,6000,550000
90,leo_1,-50000,6000,550000
91,leo_1,-50000,6000,550000
92,leo_1,-50000,6000,550000
93,leo_1,-50000,6000,550000
94,leo_1,-50000,6000,550000
95,leo_1,-50000,6000,550000
96,leo_1,-50000,6000,550000
97,leo_1,-50000,6000,550000
98,leo_1,-50000,6000,550000
99,leo_1,-50000,6000,550000
100,leo_1,-50000,6000,550000
101,leo_1,-50000,6000,550000
102,leo_1,-50000,6000,550000
103,leo_1,-50000,6000,550000
104,leo_1,-50000,6000,550000
105,leo_1,-50000,6000,550000
106,leo_1,-50000,6000,550000
107,leo_1,-50000,6000,550000
108,leo_1,-50000,6000,550000
109,leo_1,-50000,6000,550000
110,leo_1,-50000,6000,550000
111,leo_1,-50000,6000,550000
112,leo_1,-50000,6000,550000
113,leo_1,-50000,6000,550000
114,leo_1,-50000,6000,550000
115,leo_1,-50000,6000,550000
116,leo_1,-50000,6000,550000
117,leo_1,-50000,6000,550000
118,leo_1,-50000,6000,550000
119,leo_1,-50000,6000,550000
120,leo_1,-50000,6000,550000
121,leo_1,-50000,6000,550000
122,leo_1,-50000,6000,550000
123,leo_1,-50000,6000,550000
124,leo_1,-50000,6000,550000
125,leo_1,-50000,6000,550000
126,leo_1,-50000,6000,550000
127,leo_1,-50000,6000,550000
128,leo_1,-50000,6000,550000
129,leo_1,-50000,6000,550000
130,leo_1,-50000,6000,550000
131,leo_1,-50000,6000,550000
132,leo_1,-50000,6000,550000
133,leo_1,-50000,6000,550000
134,leo_1,-50000,6000,550000
135,leo_1,-50000,6000,550000
136,leo_1,-50000,6000,550000
137,leo_1,-50000,6000,550000
138,leo_1,-50000,6000,550000
139,leo_1,-50000,6000,550000
140,leo_1,-50000,6000,550000
141,leo_1,-50000,6000,550000
142,leo_1,-50000,6000,550000
143,leo_1,-50000,6000,550000
144,leo_1,-50000,6000,550000
145,leo_1,-50000,6000,550000
146,leo_1,-50000,6000,550000
147,leo_1,-50000,6000,550000
148,leo_1,-50000,6000,550000
149,leo_1,-50000,6000,550000
150,leo_1,-50000,6000,550000
151,leo_1,-50000,6000,550000
152,leo_1,-50000,6000,550000
153,leo_1,-50000,6000,550000
154,leo_1,-50000,6000,550000
155,leo_1,-50000,6000,550000
156,leo_1,-50000,6000,550000
157,leo_1,-50000,6000,550000
158,leo_1,-50000,6000,550000
159,leo_1,-50000,6000,550000
160,leo_1,-50000,6000,550000
161,leo_1,-50000,6000,550000
162,leo_1,-50000,6000,550000
163,leo_1,-50000,6000,550000
164,leo_1,-50000,6000,550000
165,leo_1,-50000,6000,550000
166,leo_1,-50000,6000,550000
167,leo_1,-50000,6000,550000
168,leo_1,-50000,6000,550000
169,leo_1,-50000,6000,550000
170,leo_1,-50000,6000,550000
171,leo_1,-50000,6000,550000
172,leo_1,-50000,6000,550000
173,leo_1,-50000,6000,550000
174,leo_1,-50000,6000,550000
175,leo_1,-50000,6000,550000
176,leo_1,-50000,6000,550000
177,leo_1,-50000,6000,550000
178,leo_1,-50000,6000,550000
179,leo_1,-50000,6000,550000
180,leo_1,-50000,6000,550000
181,leo_1,-50000,6000,550000
182,leo_1,-50000,6000,550000
183,leo_1,-50000,6000,550000
184,leo_1,-50000,6000,550000
185,leo_1,-50000,6000,550000
186,leo_1,-50000,6000,550000
187,leo_1,-50000,6000,550000
188,leo_1,-50000,6000,550000
189,leo_1,-50000,6000,550000
190,leo_1,-50000,6000,550000
191,leo_1,-50000,6000,550000
192,leo_1,-50000,6000,550000
193,leo_1,-50000,6000,550000
194,leo_1,-50000,6000,550000
195,leo_1,-50000,6000,550000
196,leo_1,-50000,6000,550000
197,leo_1,-50000,6000,550000
198,leo_1,-50000,6000,550000
199,leo_1,-50000,6000,550000
200,leo_1,-50000,6000,550000
201,leo_1,-50000,6000,550000
202,leo_1,-50000,6000,550000
203,leo_1,-50000,6000,550000
204,leo_1,-50000,6000,550000
205,leo_1,-50000,6000,550000
206,leo_1,-50000,6000,550000
207,leo_1,-50000,6000,550000
208,leo_1,-50000,6000,550000
209,leo_1,-50000,6000,550000
210,leo_1,-50000,6000,550000
211,leo_1,-50000,6000,550000
212,leo_1,-50000,6000,550000
213,leo_1,-50000,6000,550000
214,leo_1,-50000,6000,550000
215,leo_1,-50000,6000,550000
216,leo_1,-50000,6000,550000
217,leo_1,-50000,6000,550000
218,leo_1,-50000,6000,550000
219,leo_1,-50000,6000,550000
220,leo_1,-50000,6000,550000
221,leo_1,-50000,6000,550000
222,leo_1,-50000,6000,550000
223,leo_1,-50000,6000,550000
224,leo_1,-50000,6000,550000
225,leo_1,-50000,6000,550000
226,leo_1,-50000,6000,550000
227,leo_1,-50000,6000,550000
228,leo_1,-50000,6000,550000
229,leo_1,-50000,6000,550000
230,leo_1,-50000,6000,550000
231,leo_1,-50000,6000,550000
232,leo_1,-50000,6000,550000
233,leo_1,-50000,6000,550000
234,leo_1,-50000,6000,550000
235,leo_1,-50000,6000,550000
236,leo_1,-50000,6000,550000
237,leo_1,-50000,6000,550000
238,leo_1,-50000,6000,550000
239,leo_1,-50000,6000,550000
240,leo_1,-50000,6000,550000
241,leo_1,-50000,6000,550000
242,leo_1,-50000,6000,550000
243,leo_1,-50000,6000,550000
244,leo_1,-50000,6000,550000
245,leo_1,-50000,6000,550000
246,leo_1,-50000,6000,550000
247,leo_1,-50000,6000,550000
248,leo_1,-50000,6000,550000
249,leo_1,-50000,6000,550000
250,leo_1,-50000,6000,550000
251,leo_1,-50000,6000,550000
252,leo_1,-50000,6000,550000
253,leo_1,-50000,6000,550000
254,leo_1,-50000,6000,550000
255,leo_1,-50000,6000,550000
256,leo_1,-50000,6000,550000
257,leo_1,-50000,6000,550000
258,leo_1,-50000,6000,550000
259,leo_1,-50000,6000,550000
260,leo_1,-50000,6000,550000
261,leo_1,-50000,6000,550000
262,leo_1,-50000,6000,550000
263,leo_1,-50000,6000,550000
264,leo_1,-50000,6000,550000
265,leo_1,-50000,6000,550000
266,leo_1,-50000,6000,550000
267,leo_1,-50000,6000,550000
268,leo_1,-50000,6000,550000
269,leo_1,-50000,6000,550000
270,leo_1,-50000,6000,550000
271,leo_1,-50000,6000,550000
272,leo_1,-50000,6000,550000
273,leo_1,-50000,6000,550000
274,leo_1,-50000,6000,550000
275,leo_1,-50000,6000,550000
276,leo_1,-50000,6000,550000
277,leo_1,-50000,6000,550000
278,leo_1,-50000,6000,550000
279,leo_1,-50000,6000,550000
280,leo_1,-50000,6000,550000
281,leo_1,-50000,6000,550000
282,leo_1,-50000,6000,550000
283,leo_1,-50000,6000,550000
284,leo_1,-50000,6000,550000
285,leo_1,-50000,6000,550000
286,leo_1,-50000,6000,550000
287,leo_1,-50000,6000,550000
288,leo_1,-50000,6000,550000
289,leo_1,-50000,6000,550000
290,leo_1,-50000,6000,550000
291,leo_1,-50000,6000,550000
292,leo_1,-50000,6000,550000
293,leo_1,-50000,6000,550000
294,leo_1,-50000,6000,550000
295,leo_1,-50000,6000,550000
296,leo_1,-50000,6000,550000
297,leo_1,-50000,6000,550000
298,leo_1,-50000,6000,550000
299,leo_1,-50000,6000,550000
300,leo_1,-50000,6000,550000
301,leo_1,-50000,6000,550000
302,leo_1,-50000,6000,550000
303,leo_1,-50000,6000,550000
304,leo_1,-50000,6000,550000
305,leo_1,-50000,6000,550000
306,leo_1,-50000,6000,550000
307,leo_1,-50000,6000,550000
308,leo_1,-50000,6000,550000
309,leo_1,-50000,6000,550000
310,leo_1,-50000,6000,550000
311,leo_1,-50000,6000,550000
312,leo_1,-50000,6000,550000
313,leo_1,-50000,6000,550000
314,leo_1,-50000,6000,550000
315,leo_1,-50000,6000,550000
316,leo_1,-50000,6000,550000
317,leo_1,-50000,6000,550000
318,leo_1,-50000,6000,550000
319,leo_1,-50000,6000,550000
320,leo_1,-50000,6000,550000
321,leo_1,-50000,6000,550000
322,leo_1,-50000,6000,550000
323,leo_1,-50000,6000,550000
324,leo_1,-50000,6000,550000
325,leo_1,-50000,6000,550000
326,leo_1,-50000,6000,550000
327,leo_1,-50000,6000,550000
328,leo_1,-50000,6000,550000
329,leo_1,-50000,6000,550000
330,leo_1,-50000,6000,550000
331,leo_1,-50000,6000,550000
332,leo_1,-50000,6000,550000
333,leo_1,-50000,6000,550000
334,leo_1,-50000,6000,550000
335,leo_1,-50000,6000,550000
336,leo_1,-50000,6000,550000
337,leo_1,-50000,6000,550000
338,leo_1,-50000,6000,550000
339,leo_1,-50000,6000,550000
340,leo_1,-50000,6000,550000
341,leo_1,-50000,6000,550000
342,leo_1,-50000,6000,550000
343,leo_1,-50000,6000,550000
344,leo_1,-50000,6000,550000
345,leo_1,-50000,6000,550000
346,leo_1,-50000,6000,550000
347,leo_1,-50000,6000,550000
348,leo_1,-50000,6000,550000
349,leo_1,-50000,6000,550000
350,leo_1,-50000,6000,550000
351,leo_1,-50000,6000,550000
352,leo_1,-50000,6000,550000
353,leo_1,-50000,6000,550000
354,leo_1,-50000,6000,550000
355,leo_1,-50000,6000,550000
356,leo_1,-50000,6000,550000
357,leo_1,-50000,6000,550000
358,leo_1,-50000,6000,550000
359,leo_1,-50000,6000,550000
360,leo_1,-50000,6000,550000
361,leo_1,-50000,6000,550000
362,leo_1,-50000,6000,550000
363,leo_1,-50000,6000,550000
364,leo_1,-50000,6000,550000
365,leo_1,-50000,6000,550000
366,leo_1,-50000,6000,550000
367,leo_1,-50000,6000,550000
368,leo_1,-50000,6000,550000
369,leo_1,-50000,6000,550000
370,leo_1,-50000,6000,550000
371,leo_1,-50000,6000,550000
372,leo_1,-50000,6000,550000
373,leo_1,-50000,6000,550000
374,leo_1,-50000,6000,550000
375,leo_1,-50000,6000,550000
376,leo_1,-50000,6000,550000
377,leo_1,-50000,6000,550000
378,leo_1,-50000,6000,550000
379,leo_1,-50000,6000,550000
380,leo_1,-50000,6000,550000
381,leo_1,-50000,6000,550000
382,leo_1,-50000,6000,550000
383,leo_1,-50000,6000,550000
384,leo_1,-50000,6000,550000
385,leo_1,-50000,6000,550000
386,leo_1,-50000,6000,550000
387,leo_1,-50000,6000,550000
388,leo_1,-50000,6000,550000
389,leo_1,-50000,6000,550000
390,leo_1,-50000,6000,550000
391,leo_1,-50000,6000,550000
392,leo_1,-50000,6000,550000
393,leo_1,-50000,6000,550000
394,leo_1,-50000,6000,550000
395,leo_1,-50000,6000,550000
396,leo_1,-50000,6000,550000
397,leo_1,-50000,6000,550000
398,leo_1,-50000,6000,550000
399,leo_1,-50000,6000,550000
400,leo_1,-50000,6000,550000
401,leo_1,-50000,6000,550000
402,leo_1,-50000,6000,550000
403,leo_1,-50000,6000,550000
404,leo_1,-50000,6000,550000
405,leo_1,-50000,6000,550000
406,leo_1,-50000,6000,550000
407,leo_1,-50000,6000,550000
408,leo_1,-50000,6000,550000
409,leo_1,-50000,6000,550000
410,leo_1,-50000,6000,550000
411,leo_1,-50000,6000,550000
412,leo_1,-50000,6000,550000
413,leo_1,-50000,6000,550000
414,leo_1,-50000,6000,550000
415,leo_1,-50000,6000,550000
416,leo_1,-50000,6000,550000
417,leo_1,-50000,6000,550000
418,leo_1,-50000,6000,550000
419,leo_1,-50000,6000,550000
420,leo_1,-50000,6000,550000
421,leo_1,-50000,6000,550000
422,leo_1,-50000,6000,550000
423,leo_1,-50000,6000,550000
424,leo_1,-50000,6000,550000
425,leo_1,-50000,6000,550000
426,leo_1,-50000,6000,550000
427,leo_1,-50000,6000,550000
428,leo_1,-50000,6000,550000
429,leo_1,-50000,6000,550000
430,leo_1,-50000,6000,550000
431,leo_1,-50000,6000,550000
432,leo_1,-50000,6000,550000
433,leo_1,-50000,6000,550000
434,leo_1,-50000,6000,550000
435,leo_1,-50000,6000,550000
436,leo_1,-50000,6000,550000
437,leo_1,-50000,6000,550000
438,leo_1,-50000,6000,550000
439,leo_1,-50000,6000,550000
440,leo_1,-50000,6000,550000
441,leo_1,-50000,6000,550000
442,leo_1,-50000,6000,550000
443,leo_1,-50000,6000,550000
444,leo_1,-50000,6000,550000
445,leo_1,-50000,6000,550000
446,leo_1,-50000,6000,550000
447,leo_1,-50000,6000,550000
448,leo_1,-50000,6000,550000
449,leo_1,-50000,6000,550000
450,leo_1,-50000,6000,550000
451,leo_1,-50000,6000,550000
452,leo_1,-50000,6000,550000
453,leo_1,-50000,6000,550000
454,leo_1,-50000,6000,550000
455,leo_1,-50000,6000,550000
456,leo_1,-50000,6000,550000
457,leo_1,-50000,6000,550000
458,leo_1,-50000,6000,550000
459,leo_1,-50000,6000,550000
460,leo_1,-50000,6000,550000
461,leo_1,-50000,6000,550000
462,leo_1,-50000,6000,550000
463,leo_1,-50000,6000,550000
464,leo_1,-50000,6000,550000
465,leo_1,-50000,6000,550000
466,leo_1,-50000,6000,550000
467,leo_1,-50000,6000,550000
468,leo_1,-50000,6000,550000
469,leo_1,-50000,6000,550000
470,leo_1,-50000,6000,550000
471,leo_1,-50000,6000,550000
472,leo_1,-50000,6000,550000
473,leo_1,-50000,6000,550000
474,leo_1,-50000,6000,550000
475,leo_1,-50000,6000,550000
476,leo_1,-50000,6000,550000
477,leo_1,-50000,6000,550000
478,leo_1,-50000,6000,550000
479,leo_1,-50000,6000,550000
480,leo_1,-50000,6000,550000
481,leo_1,-50000,6000,550000
482,leo_1,-50000,6000,550000
483,leo_1,-50000,6000,550000
484,leo_1,-50000,6000,550000
485,leo_1,-50000,6000,550000
486,leo_1,-50000,6000,550000
487,leo_1,-50000,6000,550000
488,leo_1,-50000,6000,550000
489,leo_1,-50000,6000,550000
490,leo_1,-50000,6000,550000
491,leo_1,-50000,6000,550000
492,leo_1,-50000,6000,550000
493,leo_1,-50000,6000,550000
494,leo_1,-50000,6000,550000
495,leo_1,-50000,6000,550000
496,leo_1,-50000,6000,550000
497,leo_1,-50000,6000,550000
498,leo_1,-50000,6000,550000
499,leo_1,-50000,6000,550000
500,leo_1,-50000,6000,550000
501,leo_1,-50000,6000,550000
502,leo_1,-50000,6000,550000
503,leo_1,-50000,6000,550000
504,leo_1,-50000,6000,550000
505,leo_1,-50000,6000,550000
506,leo_1,-50000,6000,550000
507,leo_1,-50000,6000,550000
508,leo_1,-50000,6000,550000
509,leo_1,-50000,6000,550000
510,leo_1,-50000,6000,550000
511,leo_1,-50000,6000,550000
512,leo_1,-50000,6000,550000
513,leo_1,-50000,6000,550000
514,leo_1,-50000,6000,550000
515,leo_1,-50000,6000,550000
516,leo_1,-50000,6000,550000
517,leo_1,-50000,6000,550000
518,leo_1,-50000,6000,550000
519,leo_1,-50000,6000,550000
520,leo_1,-50000,6000,550000
521,leo_1,-50000,6000,550000
522,leo_1,-50000,6000,550000
523,leo_1,-50000,6000,550000
524,leo_1,-50000,6000,550000
525,leo_1,-50000,6000,550000
526,leo_1,-50000,6000,550000
527,leo_1,-50000,6000,550000
528,leo_1,-50000,6000,550000
529,leo_1,-50000,6000,550000
530,leo_1,-50000,6000,550000
531,leo_1,-50000,6000,550000
532,leo_1,-50000,6000,550000
533,leo_1,-50000,6000,550000
534,leo_1,-50000,6000,550000
535,leo_1,-50000,6000,550000
536,leo_1,-50000,6000,550000
537,leo_1,-50000,6000,550000
538,leo_1,-50000,6000,550000
539,leo_1,-50000,6000,550000
540,leo_1,-50000,6000,550000
541,leo_1,-50000,6000,550000
542,leo_1,-50000,6000,550000
543,leo_1,-50000,6000,550000
544,leo_1,-50000,6000,550000
545,leo_1,-50000,6000,550000
546,leo_1,-50000,6000,550000
547,leo_1,-50000,6000,550000
548,leo_1,-50000,6000,550000
549,leo_1,-50000,6000,550000
550,leo_1,-50000,6000,550000
551,leo_1,-50000,6000,550000
552,leo_1,-50000,6000,550000
553,leo_1,-50000,6000,550000
554,leo_1,-50000,6000,550000
555,leo_1,-50000,6000,550000
556,leo_1,-50000,6000,550000
557,leo_1,-50000,6000,550000
558,leo_1,-50000,6000,550000
559,leo_1,-50000,6000,550000
560,leo_1,-50000,6000,550000
561,leo_1,-50000,6000,550000
562,leo_1,-50000,6000,550000
563,leo_1,-50000,6000,550000
564,leo_1,-50000,6000,550000
565,leo_1,-50000,6000,550000
566,leo_1,-50000,6000,550000
567,leo_1,-50000,6000,550000
568,leo_1,-50000,6000,550000
569,leo_1,-50000,6000,550000
570,leo_1,-50000,6000,550000
571,leo_1,-50000,6000,550000
572,leo_1,-50000,6000,550000
573,leo_1,-50000,6000,550000
574,leo_1,-50000,6000,550000
575,leo_1,-50000,6000,550000
576,leo_1,-50000,6000,550000
577,leo_1,-50000,6000,550000
578,leo_1,-50000,6000,550000
579,leo_1,-50000,6000,550000
580,leo_1,-50000,6000,550000
581,leo_1,-50000,6000,550000
582,leo_1,-50000,6000,550000
583,leo_1,-50000,6000,550000
584,leo_1,-50000,6000,550000
585,leo_1,-50000,6000,550000
586,leo_1,-50000,6000,550000
587,leo_1,-50000,6000,550000
588,leo_1,-50000,6000,550000
589,leo_1,-50000,6000,550000
590,leo_1,-50000,6000,550000
591,leo_1,-50000,6000,550000
592,leo_1,-50000,6000,550000
593,leo_1,-50000,6000,550000
594,leo_1,-50000,6000,550000
595,leo_1,-50000,6000,550000
596,leo_1,-50000,6000,550000
597,leo_1,-50000,6000,550000
598,leo_1,-50000,6000,550000
599,leo_1,-50000,6000,550000
600,leo_1,-50000,6000,550000
601,leo_1,-50000,6000,550000
602,leo_1,-50000,6000,550000
603,leo_1,-50000,6000,550000
604,leo_1,-50000,6000,550000
605,leo_1,-50000,6000,550000
606,leo_1,-50000,6000,550000
607,leo_1,-50000,6000,550000
608,leo_1,-50000,6000,550000
609,leo_1,-50000,6000,550000
610,leo_1,-50000,6000,550000
611,leo_1,-50000,6000,550000
612,leo_1,-50000,6000,550000
613,leo_1,-50000,6000,550000
614,leo_1,-50000,6000,550000
615,leo_1,-50000,6000,550000
616,leo_1,-50000,6000,550000
617,leo_1,-50000,6000,550000
618,leo_1,-50000,6000,550000
619,leo_1,-50000,6000,550000
620,leo_1,-50000,6000,550000
621,leo_1,-50000,6000,550000
622,leo_1,-50000,6000,550000
623,leo_1,-50000,6000,550000
624,leo_1,-50000,6000,550000
625,leo_1,-50000,6000,550000
626,leo_1,-50000,6000,550000
627,leo_1,-50000,6000,550000
628,leo_1,-50000,6000,550000
629,leo_1,-50000,6000,550000
630,leo_1,-50000,6000,550000
631,leo_1,-50000,6000,550000
632,leo_1,-50000,6000,550000
633,leo_1,-50000,6000,550000
634,leo_1,-50000,6000,550000
635,leo_1,-50000,6000,550000
636,leo_1,-50000,6000,550000
637,leo_1,-50000,6000,550000
638,leo_1,-50000,6000,550000
639,leo_1,-50000,6000,550000
640,leo_1,-50000,6000,550000
641,leo_1,-50000,6000,550000
642,leo_1,-50000,6000,550000
643,leo_1,-50000,6000,550000
644,leo_1,-50000,6000,550000
645,leo_1,-50000,6000,550000
646,leo_1,-50000,6000,550000
647,leo_1,-50000,6000,550000
648,leo_1,-50000,6000,550000
649,leo_1,-50000,6000,550000
650,leo_1,-50000,6000,550000
651,leo_1,-50000,6000,550000
652,leo_1,-50000,6000,550000
653,leo_1,-50000,6000,550000
654,leo_1,-50000,6000,550000
655,leo_1,-50000,6000,550000
656,leo_1,-50000,6000,550000
657,leo_1,-50000,6000,550000
658,leo_1,-50000,6000,550000
659,leo_1,-50000,6000,550000
660,leo_1,-50000,6000,550000
661,leo_1,-50000,6000,550000
662,leo_1,-50000,6000,550000
663,leo_1,-50000,6000,550000
664,leo_1,-50000,6000,550000
665,leo_1,-50000,6000,550000
666,leo_1,-50000,6000,550000
667,leo_1,-50000,6000,550000
668,leo_1,-50000,6000,550000
669,leo_1,-50000,6000,550000
670,leo_1,-50000,6000,550000
671,leo_1,-50000,6000,550000
672,leo_1,-50000,6000,550000
673,leo_1,-50000,6000,550000
674,leo_1,-50000,6000,550000
675,leo_1,-50000,6000,550000
676,leo_1,-50000,6000,550000
677,leo_1,-50000,6000,550000
678,leo_1,-50000,6000,550000
679,leo_1,-50000,6000,550000
680,leo_1,-50000,6000,550000
681,leo_1,-50000,6000,550000
682,leo_1,-50000,6000,550000
683,leo_1,-50000,6000,550000
684,leo_1,-50000,6000,550000
685,leo_1,-50000,6000,550000
686,leo_1,-50000,6000,550000
687,leo_1,-50000,6000,550000
688,leo_1,-50000,6000,550000
689,leo_1,-50000,6000,550000
690,leo_1,-50000,6000,550000
691,leo_1,-50000,6000,550000
692,leo_1,-50000,6000,550000
693,leo_1,-50000,6000,550000
694,leo_1,-50000,6000,550000
695,leo_1,-50000,6000,550000
696,leo_1,-50000,6000,550000
697,leo_1,-50000,6000,550000
698,leo_1,-50000,6000,550000
699,leo_1,-50000,6000,550000
700,leo_1,-50000,6000,550000
701,leo_1,-50000,6000,550000
702,leo_1,-50000,6000,550000
703,leo_1,-50000,6000,550000
704,leo_1,-50000,6000,550000
705,leo_1,-50000,6000,550000
706,leo_1,-50000,6000,550000
707,leo_1,-50000,6000,550000
708,leo_1,-50000,6000,550000
709,leo_1,-50000,6000,550000
710,leo_1,-50000,6000,550000
711,leo_1,-50000,6000,550000
712,leo_1,-50000,6000,550000
713,leo_1,-50000,6000,550000
714,leo_1,-50000,6000,550000
715,leo_1,-50000,6000,550000
716,leo_1,-50000,6000,550000
717,leo_1,-50000,6000,550000
718,leo_1,-50000,6000,550000
719,leo_1,-50000,6000,550000
720,leo_1,-50000,6000,550000
721,leo_1,-50000,6000,550000
722,leo_1,-50000,6000,550000
723,leo_1,-50000,6000,550000
724,leo_1,-50000,6000,550000
725,leo_1,-50000,6000,550000
726,leo_1,-50000,6000,550000
727,leo_1,-50000,6000,550000
728,leo_1,-50000,6000,550000
729,leo_1,-50000,6000,550000
730,leo_1,-50000,6000,550000
731,leo_1,-50000,6000,550000
732,leo_1,-50000,6000,550000
733,leo_1,-50000,6000,550000
734,leo_1,-50000,6000,550000
735,leo_1,-50000,6000,550000
736,leo_1,-50000,6000,550000
737,leo_1,-50000,6000,550000
738,leo_1,-50000,6000,550000
739,leo_1,-50000,6000,550000
740,leo_1,-50000,6000,550000
741,leo_1,-50000,6000,550000
742,leo_1,-50000,6000,550000
743,leo_1,-50000,6000,550000
744,leo_1,-50000,6000,550000
745,leo_1,-50000,6000,550000
746,leo_1,-50000,6000,550000
747,leo_1,-50000,6000,550000
748,leo_1,-50000,6000,550000
749,leo_1,-50000,6000,550000
750,leo_1,-50000,6000,550000
751,leo_1,-50000,6000,550000
752,leo_1,-50000,6000,550000
753,leo_1,-50000,6000,550000
754,leo_1,-50000,6000,550000
755,leo_1,-50000,6000,550000
756,leo_1,-50000,6000,550000
757,leo_1,-50000,6000,550000
758,leo_1,-50000,6000,550000
759,leo_1,-50000,6000,550000
760,leo_1,-50000,6000,550000
761,leo_1,-50000,6000,550000
762,leo_1,-50000,6000,550000
763,leo_1,-50000,6000,550000
764,leo_1,-50000,6000,550000
765,leo_1,-50000,6000,550000
766,leo_1,-50000,6000,550000
767,leo_1,-50000,6000,550000
768,leo_1,-50000,6000,550000
769,leo_1,-50000,6000,550000
770,leo_1,-50000,6000,550000
771,leo_1,-50000,6000,550000
772,leo_1,-50000,6000,550000
773,leo_1,-50000,6000,550000
774,leo_1,-50000,6000,550000
775,leo_1,-50000,6000,550000
776,leo_1,-50000,6000,550000
777,leo_1,-50000,6000,550000
778,leo_1,-50000,6000,550000
779,leo_1,-50000,6000,550000
780,leo_1,-50000,6000,550000
781,leo_1,-50000,6000,550000
782,leo_1,-50000,6000,550000
783,leo_1,-50000,6000,550000
784,leo_1,-50000,6000,550000
785,leo_1,-50000,6000,550000
786,leo_1,-50000,6000,550000
787,leo_1,-50000,6000,550000
788,leo_1,-50000,6000,550000
789,leo_1,-50000,6000,550000
790,leo_1,-50000,6000,550000
791,leo_1,-50000,6000,550000
792,leo_1,-50000,6000,550000
793,leo_1,-50000,6000,550000
794,leo_1,-50000,6000,550000
795,leo_1,-50000,6000,550000
796,leo_1,-50000,6000,550000
797,leo_1,-50000,6000,550000
798,leo_1,-50000,6000,550000
799,leo_1,-50000,6000,550000
800,leo_1,-50000,6000,550000
801,leo_1,-50000,6000,550000
802,leo_1,-50000,6000,550000
803,leo_1,-50000,6000,550000
804,leo_1,-50000,6000,550000
805,leo_1,-50000,6000,550000
806,leo_1,-50000,6000,550000
807,leo_1,-50000,6000,550000
808,leo_1,-50000,6000,550000
809,leo_1,-50000,6000,550000
810,leo_1,-50000,6000,550000
811,leo_1,-50000,6000,550000
812,leo_1,-50000,6000,550000
813,leo_1,-50000,6000,550000
814,leo_1,-50000,6000,550000
815,leo_1,-50000,6000,550000
816,leo_1,-50000,6000,550000
817,leo_1,-50000,6000,550000
818,leo_1,-50000,6000,550000
819,leo_1,-50000,6000,550000
820,leo_1,-50000,6000,550000
821,leo_1,-50000,6000,550000
822,leo_1,-50000,6000,550000
823,leo_1,-50000,6000,550000
824,leo_1,-50000,6000,550000
825,leo_1,-50000,6000,550000
826,leo_1,-50000,6000,550000
827,leo_1,-50000,6000,550000
828,leo_1,-50000,6000,550000
829,leo_1,-50000,6000,550000
830,leo_1,-50000,6000,550000
831,leo_1,-50000,6000,550000
832,leo_1,-50000,6000,550000
833,leo_1,-50000,6000,550000
834,leo_1,-50000,6000,550000
835,leo_1,-50000,6000,550000
836,leo_1,-50000,6000,550000
837,leo_1,-50000,6000,550000
838,leo_1,-50000,6000,550000
839,leo_1,-50000,6000,550000
840,leo_1,-50000,6000,550000
841,leo_1,-50000,6000,550000
842,leo_1,-50000,6000,550000
843,leo_1,-50000,6000,550000
844,leo_1,-50000,6000,550000
845,leo_1,-50000,6000,550000
846,leo_1,-50000,6000,550000
847,leo_1,-50000,6000,550000
848,leo_1,-50000,6000,550000
849,leo_1,-50000,6000,550000
850,leo_1,-50000,6000,550000
851,leo_1,-50000,6000,550000
852,leo_1,-50000,6000,550000
853,leo_1,-50000,6000,550000
854,leo_1,-50000,6000,550000
855,leo_1,-50000,6000,550000
856,leo_1,-50000,6000,550000
857,leo_1,-50000,6000,550000
858,leo_1,-50000,6000,550000
859,leo_1,-50000,6000,550000
860,leo_1,-50000,6000,550000
861,leo_1,-50000,6000,550000
862,leo_1,-50000,6000,550000
863,leo_1,-50000,6000,550000
864,leo_1,-50000,6000,550000
865,leo_1,-50000,6000,550000
866,leo_1,-50000,6000,550000
867,leo_1,-50000,6000,550000
868,leo_1,-50000,6000,550000
869,leo_1,-50000,6000,550000
870,leo_1,-50000,6000,550000
871,leo_1,-50000,6000,550000
872,leo_1,-50000,6000,550000
873,leo_1,-50000,6000,550000
874,leo_1,-50000,6000,550000
875,leo_1,-50000,6000,550000
876,leo_1,-50000,6000,550000
877,leo_1,-50000,6000,550000
878,leo_1,-50000,6000,550000
879,leo_1,-50000,6000,550000
880,leo_1,-50000,6000,550000
881,leo_1,-50000,6000,550000
882,leo_1,-50000,6000,550000
883,leo_1,-50000,6000,550000
884,leo_1,-50000,6000,550000
885,leo_1,-50000,6000,550000
886,leo_1,-50000,6000,550000
887,leo_1,-50000,6000,550000
888,leo_1,-50000,6000,550000
889,leo_1,-50000,6000,550000
890,leo_1,-50000,6000,550000
891,leo_1,-50000,6000,550000
892,leo_1,-50000,6000,550000
893,leo_1,-50000,6000,550000
894,leo_1,-50000,6000,550000
895,leo_1,-50000,6000,550000
896,leo_1,-50000,6000,550000
897,leo_1,-50000,6000,550000
898,leo_1,-50000,6000,550000
899,leo_1,-50000,6000,550000
900,leo_1,-50000,6000,550000
901,leo_1,-50000,6000,550000
902,leo_1,-50000,6000,550000
903,leo_1,-50000,6000,550000
904,leo_1,-50000,6000,550000
905,leo_1,-50000,6000,550000
906,leo_1,-50000,6000,550000
907,leo_1,-50000,6000,550000
908,leo_1,-50000,6000,550000
909,leo_1,-50000,6000,550000
910,leo_1,-50000,6000,550000
911,leo_1,-50000,6000,550000
912,leo_1,-50000,6000,550000
913,leo_1,-50000,6000,550000
914,leo_1,-50000,6000,550000
915,leo_1,-50000,6000,550000
916,leo_1,-50000,6000,550000
917,leo_1,-50000,6000,550000
918,leo_1,-50000,6000,550000
919,leo_1,-50000,6000,550000
920,leo_1,-50000,6000,550000
921,leo_1,-50000,6000,550000
922,leo_1,-50000,6000,550000
923,leo_1,-50000,6000,550000
924,leo_1,-50000,6000,550000
925,leo_1,-50000,6000,550000
926,leo_1,-50000,6000,550000
927,leo_1,-50000,6000,550000
928,leo_1,-50000,6000,550000
929,leo_1,-50000,6000,550000
930,leo_1,-50000,6000,550000
931,leo_1,-50000,6000,550000
932,leo_1,-50000,6000,550000
933,leo_1,-50000,6000,550000
934,leo_1,-50000,6000,550000
935,leo_1,-50000,6000,550000
936,leo_1,-50000,6000,550000
937,leo_1,-50000,6000,550000
938,leo_1,-50000,6000,550000
939,leo_1,-50000,6000,550000
940,leo_1,-50000,6000,550000
941,leo_1,-50000,6000,550000
942,leo_1,-50000,6000,550000
943,leo_1,-50000,6000,550000
944,leo_1,-50000,6000,550000
945,leo_1,-50000,6000,550000
946,leo_1,-50000,6000,550000
947,leo_1,-50000,6000,550000
948,leo_1,-50000,6000,550000
949,leo_1,-50000,6000,550000
950,leo_1,-50000,6000,550000
951,leo_1,-50000,6000,550000
952,leo_1,-50000,6000,550000
953,leo_1,-50000,6000,550000
954,leo_1,-50000,6000,550000
955,leo_1,-50000,6000,550000
956,leo_1,-50000,6000,550000
957,leo_1,-50000,6000,550000
958,leo_1,-50000,6000,550000
959,leo_1,-50000,6000,550000
960,leo_1,-50000,6000,550000
961,leo_1,-50000,6000,550000
962,leo_1,-50000,6000,550000
963,leo_1,-50000,6000,550000
964,leo_1,-50000,6000,550000
965,leo_1,-50000,6000,550000
966,leo_1,-50000,6000,550000
967,leo_1,-50000,6000,550000
968,leo_1,-50000,6000,550000
969,leo_1,-50000,6000,550000
970,leo_1,-50000,6000,550000
971,leo_1,-50000,6000,550000
972,leo_1,-50000,6000,550000
973,leo_1,-50000,6000,550000
974,leo_1,-50000,6000,550000
975,leo_1,-50000,6000,550000
976,leo_1,-50000,6000,550000
977,leo_1,-50000,6000,550000
978,leo_1,-50000,6000,550000
979,leo_1,-50000,6000,550000
980,leo_1,-50000,6000,550000
981,leo_1,-50000,6000,550000
982,leo_1,-50000,6000,550000
983,leo_1,-50000,6000,550000
984,leo_1,-50000,6000,550000
985,leo_1,-50000,6000,550000
986,leo_1,-50000,6000,550000
987,leo_1,-50000,6000,550000
988,leo_1,-50000,6000,550000
989,leo_1,-50000,6000,550000
990,leo_1,-50000,6000,550000
991,leo_1,-50000,6000,550000
992,leo_1,-50000,6000,550000
993,leo_1,-50000,6000,550000
994,leo_1,-50000,6000,550000
995,leo_1,-50000,6000,550000
996,leo_1,-50000,6000,550000
997,leo_1,-50000,6000,550000
998,leo_1,-50000,6000,550000
999,leo_1,-50000,6000,550000
1000,leo_1,-50000,6000,550000
1,leo_2,-2500,7000,550000
2,leo_2,5000,7000,550000
3,leo_2,12500,7000,550000
4,leo_2,20000,7000,550000
5,leo_2,27500,7000,550000
6,leo_2,35000,7000,550000
7,leo_2,42500,7000,550000
8,leo_2,50000,7000,550000
9,leo_2,57500,7000,550000
10,leo_2,65000,7000,550000
11,leo_2,72500,7000,550000
12,leo_2,80000,7000,550000
13,leo_2,87500,7000,550000
14,leo_2,95000,7000,550000
15,leo_2,-50000,7000,550000
16,leo_2,-50000,7000,550000
17,leo_2,-50000,7000,550000
18,leo_2,-50000,7000,550000
19,leo_2,-50000,7000,550000
20,leo_2,-50000,7000,550000
21,leo_2,-50000,7000,550000
22,leo_2,-50000,7000,550000
23,leo_2,-50000,7000,550000
24,leo_2,-50000,7000,550000
25,leo_2,-50000,7000,550000
26,leo_2,-50000,7000,550000
27,leo_2,-50000,7000,550000
28,leo_2,-50000,7000,550000
29,leo_2,-50000,7000,550000
30,leo_2,-50000,7000,550000
31,leo_2,-50000,7000,550000
32,leo_2,-50000,7000,550000
33,leo_2,-50000,7000,550000
34,leo_2,-50000,7000,550000
35,leo_2,-50000,7000,550000
36,leo_2,-50000,7000,550000
37,leo_2,-50000,7000,550000
38,leo_2,-50000,7000,550000
39,leo_2,-50000,7000,550000
40,leo_2,-50000,7000,550000
41,leo_2,-50000,7000,550000
42,leo_2,-50000,7000,550000
43,leo_2,-50000,7000,550000
44,leo_2,-50000,7000,550000
45,leo_2,-50000,7000,550000
46,leo_2,-50000,7000,550000
47,leo_2,-50000,7000,550000
48,leo_2,-50000,7000,550000
49,leo_2,-50000,7000,550000
50,leo_2,-50000,7000,550000
51,leo_2,-50000,7000,550000
52,leo_2,-50000,7000,550000
53,leo_2,-50000,7000,550000
54,leo_2,-50000,7000,550000
55,leo_2,-50000,7000,550000
56,leo_2,-50000,7000,550000
57,leo_2,-50000,7000,550000
58,leo_2,-50000,7000,550000
59,leo_2,-50000,7000,550000
60,leo_2,-50000,7000,550000
61,leo_2,-50000,7000,550000
62,leo_2,-50000,7000,550000
63,leo_2,-50000,7000,550000
64,leo_2,-50000,7000,550000
65,leo_2,-50000,7000,550000
66,leo_2,-50000,7000,550000
67,leo_2,-50000,7000,550000
68,leo_2,-50000,7000,550000
69,leo_2,-50000,7000,550000
70,leo_2,-50000,7000,550000
71,leo_2,-50000,7000,550000
72,leo_2,-50000,7000,550000
73,leo_2,-50000,7000,550000
74,leo_2,-50000,7000,550000
75,leo_2,-50000,7000,550000
76,leo_2,-50000,7000,550000
77,leo_2,-50000,7000,550000
78,leo_2,-50000,7000,550000
79,leo_2,-50000,7000,550000
80,leo_2,-50000,7000,550000
81,leo_2,-50000,7000,550000
82,leo_2,-50000,7000,550000
83,leo_2,-50000,7000,550000
84,leo_2,-50000,7000,550000
85,leo_2,-50000,7000,550000
86,leo_2,-50000,7000,550000
87,leo_2,-50000,7000,550000
88,leo_2,-50000,7000,550000
89,leo_2,-50000,7000,550000
90,leo_2,-50000,7000,550000
91,leo_2,-50000,7000,550000
92,leo_2,-50000,7000,550000
93,leo_2,-50000,7000,550000
94,leo_2,-50000,7000,550000
95,leo_2,-50000,7000,550000
96,leo_2,-50000,7000,550000
97,leo_2,-50000,7000,550000
98,leo_2,-50000,7000,550000
99,leo_2,-50000,7000,550000
100,leo_2,-50000,7000,550000
101,leo_2,-50000,7000,550000
102,leo_2,-50000,7000,550000
103,leo_2,-50000,7000,550000
104,leo_2,-50000,7000,550000
105,leo_2,-50000,7000,550000
106,leo_2,-50000,7000,550000
107,leo_2,-50000,7000,550000
108,leo_2,-50000,7000,550000
109,leo_2,-50000,7000,550000
110,leo_2,-50000,7000,550000
111,leo_2,-50000,7000,550000
112,leo_2,-50000,7000,550000
113,leo_2,-50000,7000,550000
114,leo_2,-50000,7000,550000
115,leo_2,-50000,7000,550000
116,leo_2,-50000,7000,550000
117,leo_2,-50000,7000,550000
118,leo_2,-50000,7000,550000
119,leo_2,-50000,7000,550000
120,leo_2,-50000,7000,550000
121,leo_2,-50000,7000,550000
122,leo_2,-50000,7000,550000
123,leo_2,-50000,7000,550000
124,leo_2,-50000,7000,550000
125,leo_2,-50000,7000,550000
126,leo_2,-50000,7000,550000
127,leo_2,-50000,7000,550000
128,leo_2,-50000,7000,550000
129,leo_2,-50000,7000,550000
130,leo_2,-50000,7000,550000
131,leo_2,-50000,7000,550000
132,leo_2,-50000,7000,550000
133,leo_2,-50000,7000,550000
134,leo_2,-50000,7000,550000
135,leo_2,-50000,7000,550000
136,leo_2,-50000,7000,550000
137,leo_2,-50000,7000,550000
138,leo_2,-50000,7000,550000
139,leo_2,-50000,7000,550000
140,leo_2,-50000,7000,550000
141,leo_2,-50000,7000,550000
142,leo_2,-50000,7000,550000
143,leo_2,-50000,7000,550000
144,leo_2,-50000,7000,550000
145,leo_2,-50000,7000,550000
146,leo_2,-50000,7000,550000
147,leo_2,-50000,7000,550000
148,leo_2,-50000,7000,550000
149,leo_2,-50000,7000,550000
150,leo_2,-50000,7000,550000
151,leo_2,-50000,7000,550000
152,leo_2,-50000,7000,550000
153,leo_2,-50000,7000,550000
154,leo_2,-50000,7000,550000
155,leo_2,-50000,7000,550000
156,leo_2,-50000,7000,550000
157,leo_2,-50000,7000,550000
158,leo_2,-50000,7000,550000
159,leo_2,-50000,7000,550000
160,leo_2,-50000,7000,550000
161,leo_2,-50000,7000,550000
162,leo_2,-50000,7000,550000
163,leo_2,-50000,7000,550000
164,leo_2,-50000,7000,550000
165,leo_2,-50000,7000,550000
166,leo_2,-50000,7000,550000
167,leo_2,-50000,7000,550000
168,leo_2,-50000,7000,550000
169,leo_2,-50000,7000,550000
170,leo_2,-50000,7000,550000
171,leo_2,-50000,7000,550000
172,leo_2,-50000,7000,550000
173,leo_2,-50000,7000,550000
174,leo_2,-50000,7000,550000
175,leo_2,-50000,7000,550000
176,leo_2,-50000,7000,550000
177,leo_2,-50000,7000,550000
178,leo_2,-50000,7000,550000
179,leo_2,-50000,7000,550000
180,leo_2,-50000,7000,550000
181,leo_2,-50000,7000,550000
182,leo_2,-50000,7000,550000
183,leo_2,-50000,7000,550000
184,leo_2,-50000,7000,550000
185,leo_2,-50000,7000,550000
186,leo_2,-50000,7000,550000
187,leo_2,-50000,7000,550000
188,leo_2,-50000,7000,550000
189,leo_2,-50000,7000,550000
190,leo_2,-50000,7000,550000
191,leo_2,-50000,7000,550000
192,leo_2,-50000,7000,550000
193,leo_2,-50000,7000,550000
194,leo_2,-50000,7000,550000
195,leo_2,-50000,7000,550000
196,leo_2,-50000,7000,550000
197,leo_2,-50000,7000,550000
198,leo_2,-50000,7000,550000
199,leo_2,-50000,7000,550000
200,leo_2,-50000,7000,550000
201,leo_2,-50000,7000,550000
202,leo_2,-50000,7000,550000
203,leo_2,-50000,7000,550000
204,leo_2,-50000,7000,550000
205,leo_2,-50000,7000,550000
206,leo_2,-50000,7000,550000
207,leo_2,-50000,7000,550000
208,leo_2,-50000,7000,550000
209,leo_2,-50000,7000,550000
210,leo_2,-50000,7000,550000
211,leo_2,-50000,7000,550000
212,leo_2,-50000,7000,550000
213,leo_2,-50000,7000,550000
214,leo_2,-50000,7000,550000
215,leo_2,-50000,7000,550000
216,leo_2,-50000,7000,550000
217,leo_2,-50000,7000,550000
218,leo_2,-50000,7000,550000
219,leo_2,-50000,7000,550000
220,leo_2,-50000,7000,550000
221,leo_2,-50000,7000,550000
222,leo_2,-50000,7000,550000
223,leo_2,-50000,7000,550000
224,leo_2,-50000,7000,550000
225,leo_2,-50000,7000,550000
226,leo_2,-50000,7000,550000
227,leo_2,-50000,7000,550000
228,leo_2,-50000,7000,550000
229,leo_2,-50000,7000,550000
230,leo_2,-50000,7000,550000
231,leo_2,-50000,7000,550000
232,leo_2,-50000,7000,550000
233,leo_2,-50000,7000,550000
234,leo_2,-50000,7000,550000
235,leo_2,-50000,7000,550000
236,leo_2,-50000,7000,550000
237,leo_2,-50000,7000,550000
238,leo_2,-50000,7000,550000
239,leo_2,-50000,7000,550000
240,leo_2,-50000,7000,550000
241,leo_2,-50000,7000,550000
242,leo_2,-50000,7000,550000
243,leo_2,-50000,7000,550000
244,leo_2,-50000,7000,550000
245,leo_2,-50000,7000,550000
246,leo_2,-50000,7000,550000
247,leo_2,-50000,7000,550000
248,leo_2,-50000,7000,550000
249,leo_2,-50000,7000,550000
250,leo_2,-50000,7000,550000
251,leo_2,-50000,7000,550000
252,leo_2,-50000,7000,550000
253,leo_2,-50000,7000,550000
254,leo_2,-50000,7000,550000
255,leo_2,-50000,7000,550000
256,leo_2,-50000,7000,550000
257,leo_2,-50000,7000,550000
258,leo_2,-50000,7000,550000
259,leo_2,-50000,7000,550000
260,leo_2,-50000,7000,550000
261,leo_2,-50000,7000,550000
262,leo_2,-50000,7000,550000
263,leo_2,-50000,7000,550000
264,leo_2,-50000,7000,550000
265,leo_2,-50000,7000,550000
266,leo_2,-50000,7000,550000
267,leo_2,-50000,7000,550000
268,leo_2,-50000,7000,550000
269,leo_2,-50000,7000,550000
270,leo_2,-50000,7000,550000
271,leo_2,-50000,7000,550000
272,leo_2,-50000,7000,550000
273,leo_2,-50000,7000,550000
274,leo_2,-50000,7000,550000
275,leo_2,-50000,7000,550000
276,leo_2,-50000,7000,550000
277,leo_2,-50000,7000,550000
278,leo_2,-50000,7000,550000
279,leo_2,-50000,7000,550000
280,leo_2,-50000,7000,550000
281,leo_2,-50000,7000,550000
282,leo_2,-50000,7000,550000
283,leo_2,-50000,7000,550000
284,leo_2,-50000,7000,550000
285,leo_2,-50000,7000,550000
286,leo_2,-50000,7000,550000
287,leo_2,-50000,7000,550000
288,leo_2,-50000,7000,550000
289,leo_2,-50000,7000,550000
290,leo_2,-50000,7000,550000
291,leo_2,-50000,7000,550000
292,leo_2,-50000,7000,550000
293,leo_2,-50000,7000,550000
294,leo_2,-50000,7000,550000
295,leo_2,-50000,7000,550000
296,leo_2,-50000,7000,550000
297,leo_2,-50000,7000,550000
298,leo_2,-50000,7000,550000
299,leo_2,-50000,7000,550000
300,leo_2,-50000,7000,550000
301,leo_2,-50000,7000,550000
302,leo_2,-50000,7000,550000
303,leo_2,-50000,7000,550000
304,leo_2,-50000,7000,550000
305,leo_2,-50000,7000,550000
306,leo_2,-50000,7000,550000
307,leo_2,-50000,7000,550000
308,leo_2,-50000,7000,550000
309,leo_2,-50000,7000,550000
310,leo_2,-50000,7000,550000
311,leo_2,-50000,7000,550000
312,leo_2,-50000,7000,550000
313,leo_2,-50000,7000,550000
314,leo_2,-50000,7000,550000
315,leo_2,-50000,7000,550000
316,leo_2,-50000,7000,550000
317,leo_2,-50000,7000,550000
318,leo_2,-50000,7000,550000
319,leo_2,-50000,7000,550000
320,leo_2,-50000,7000,550000
321,leo_2,-50000,7000,550000
322,leo_2,-50000,7000,550000
323,leo_2,-50000,7000,550000
324,leo_2,-50000,7000,550000
325,leo_2,-50000,7000,550000
326,leo_2,-50000,7000,550000
327,leo_2,-50000,7000,550000
328,leo_2,-50000,7000,550000
329,leo_2,-50000,7000,550000
330,leo_2,-50000,7000,550000
331,leo_2,-50000,7000,550000
332,leo_2,-50000,7000,550000
333,leo_2,-50000,7000,550000
334,leo_2,-50000,7000,550000
335,leo_2,-50000,7000,550000
336,leo_2,-50000,7000,550000
337,leo_2,-50000,7000,550000
338,leo_2,-50000,7000,550000
339,leo_2,-50000,7000,550000
340,leo_2,-50000,7000,550000
341,leo_2,-50000,7000,550000
342,leo_2,-50000,7000,550000
343,leo_2,-50000,7000,550000
344,leo_2,-50000,7000,550000
345,leo_2,-50000,7000,550000
346,leo_2,-50000,7000,550000
347,leo_2,-50000,7000,550000
348,leo_2,-50000,7000,550000
349,leo_2,-50000,7000,550000
350,leo_2,-50000,7000,550000
351,leo_2,-50000,7000,550000
352,leo_2,-50000,7000,550000
353,leo_2,-50000,7000,550000
354,leo_2,-50000,7000,550000
355,leo_2,-50000,7000,550000
356,leo_2,-50000,7000,550000
357,leo_2,-50000,7000,550000
358,leo_2,-50000,7000,550000
359,leo_2,-50000,7000,550000
360,leo_2,-50000,7000,550000
361,leo_2,-50000,7000,550000
362,leo_2,-50000,7000,550000
363,leo_2,-50000,7000,550000
364,leo_2,-50000,7000,550000
365,leo_2,-50000,7000,550000
366,leo_2,-50000,7000,550000
367,leo_2,-50000,7000,550000
368,leo_2,-50000,7000,550000
369,leo_2,-50000,7000,550000
370,leo_2,-50000,7000,550000
371,leo_2,-50000,7000,550000
372,leo_2,-50000,7000,550000
373,leo_2,-50000,7000,550000
374,leo_2,-50000,7000,550000
375,leo_2,-50000,7000,550000
376,leo_2,-50000,7000,550000
377,leo_2,-50000,7000,550000
378,leo_2,-50000,7000,550000
379,leo_2,-50000,7000,550000
380,leo_2,-50000,7000,550000
381,leo_2,-50000,7000,550000
382,leo_2,-50000,7000,550000
383,leo_2,-50000,7000,550000
384,leo_2,-50000,7000,550000
385,leo_2,-50000,7000,550000
386,leo_2,-50000,7000,550000
387,leo_2,-50000,7000,550000
388,leo_2,-50000,7000,550000
389,leo_2,-50000,7000,550000
390,leo_2,-50000,7000,550000
391,leo_2,-50000,7000,550000
392,leo_2,-50000,7000,550000
393,leo_2,-50000,7000,550000
394,leo_2,-50000,7000,550000
395,leo_2,-50000,7000,550000
396,leo_2,-50000,7000,550000
397,leo_2,-50000,7000,550000
398,leo_2,-50000,7000,550000
399,leo_2,-50000,7000,550000
400,leo_2,-50000,7000,550000
401,leo_2,-50000,7000,550000
402,leo_2,-50000,7000,550000
403,leo_2,-50000,7000,550000
404,leo_2,-50000,7000,550000
405,leo_2,-50000,7000,550000
406,leo_2,-50000,7000,550000
407,leo_2,-50000,7000,550000
408,leo_2,-50000,7000,550000
409,leo_2,-50000,7000,550000
410,leo_2,-50000,7000,550000
411,leo_2,-50000,7000,550000
412,leo_2,-50000,7000,550000
413,leo_2,-50000,7000,550000
414,leo_2,-50000,7000,550000
415,leo_2,-50000,7000,550000
416,leo_2,-50000,7000,550000
417,leo_2,-50000,7000,550000
418,leo_2,-50000,7000,550000
419,leo_2,-50000,7000,550000
420,leo_2,-50000,7000,550000
421,leo_2,-50000,7000,550000
422,leo_2,-50000,7000,550000
423,leo_2,-50000,7000,550000
424,leo_2,-50000,7000,550000
425,leo_2,-50000,7000,550000
426,leo_2,-50000,7000,550000
427,leo_2,-50000,7000,550000
428,leo_2,-50000,7000,550000
429,leo_2,-50000,7000,550000
430,leo_2,-50000,7000,550000
431,leo_2,-50000,7000,550000
432,leo_2,-50000,7000,550000
433,leo_2,-50000,7000,550000
434,leo_2,-50000,7000,550000
435,leo_2,-50000,7000,550000
436,leo_2,-50000,7000,550000
437,leo_2,-50000,7000,550000
438,leo_2,-50000,7000,550000
439,leo_2,-50000,7000,550000
440,leo_2,-50000,7000,550000
441,leo_2,-50000,7000,550000
442,leo_2,-50000,7000,550000
443,leo_2,-50000,7000,550000
444,leo_2,-50000,7000,550000
445,leo_2,-50000,7000,550000
446,leo_2,-50000,7000,550000
447,leo_2,-50000,7000,550000
448,leo_2,-50000,7000,550000
449,leo_2,-50000,7000,550000
450,leo_2,-50000,7000,550000
451,leo_2,-50000,7000,550000
452,leo_2,-50000,7000,550000
453,leo_2,-50000,7000,550000
454,leo_2,-50000,7000,550000
455,leo_2,-50000,7000,550000
456,leo_2,-50000,7000,550000
457,leo_2,-50000,7000,550000
458,leo_2,-50000,7000,550000
459,leo_2,-50000,7000,550000
460,leo_2,-50000,7000,550000
461,leo_2,-50000,7000,550000
462,leo_2,-50000,7000,550000
463,leo_2,-50000,7000,550000
464,leo_2,-50000,7000,550000
465,leo_2,-50000,7000,550000
466,leo_2,-50000,7000,550000
467,leo_2,-50000,7000,550000
468,leo_2,-50000,7000,550000
469,leo_2,-50000,7000,550000
470,leo_2,-50000,7000,550000
471,leo_2,-50000,7000,550000
472,leo_2,-50000,7000,550000
473,leo_2,-50000,7000,550000
474,leo_2,-50000,7000,550000
475,leo_2,-50000,7000,550000
476,leo_2,-50000,7000,550000
477,leo_2,-50000,7000,550000
478,leo_2,-50000,7000,550000
479,leo_2,-50000,7000,550000
480,leo_2,-50000,7000,550000
481,leo_2,-50000,7000,550000
482,leo_2,-50000,7000,550000
483,leo_2,-50000,7000,550000
484,leo_2,-50000,7000,550000
485,leo_2,-50000,7000,550000
486,leo_2,-50000,7000,550000
487,leo_2,-50000,7000,550000
488,leo_2,-50000,7000,550000
489,leo_2,-50000,7000,550000
490,leo_2,-50000,7000,550000
491,leo_2,-50000,7000,550000
492,leo_2,-50000,7000,550000
493,leo_2,-50000,7000,550000
494,leo_2,-50000,7000,550000
495,leo_2,-50000,7000,550000
496,leo_2,-50000,7000,550000
497,leo_2,-50000,7000,550000
498,leo_2,-50000,7000,550000
499,leo_2,-50000,7000,550000
500,leo_2,-50000,7000,550000
501,leo_2,-50000,7000,550000
502,leo_2,-50000,7000,550000
503,leo_2,-50000,7000,550000
504,leo_2,-50000,7000,550000
505,leo_2,-50000,7000,550000
506,leo_2,-50000,7000,550000
507,leo_2,-50000,7000,550000
508,leo_2,-50000,7000,550000
509,leo_2,-50000,7000,550000
510,leo_2,-50000,7000,550000
511,leo_2,-50000,7000,550000
512,leo_2,-50000,7000,550000
513,leo_2,-50000,7000,550000
514,leo_2,-50000,7000,550000
515,leo_2,-50000,7000,550000
516,leo_2,-50000,7000,550000
517,leo_2,-50000,7000,550000
518,leo_2,-50000,7000,550000
519,leo_2,-50000,7000,550000
520,leo_2,-50000,7000,550000
521,leo_2,-50000,7000,550000
522,leo_2,-50000,7000,550000
523,leo_2,-50000,7000,550000
524,leo_2,-50000,7000,550000
525,leo_2,-50000,7000,550000
526,leo_2,-50000,7000,550000
527,leo_2,-50000,7000,550000
528,leo_2,-50000,7000,550000
529,leo_2,-50000,7000,550000
530,leo_2,-50000,7000,550000
531,leo_2,-50000,7000,550000
532,leo_2,-50000,7000,550000
533,leo_2,-50000,7000,550000
534,leo_2,-50000,7000,550000
535,leo_2,-50000,7000,550000
536,leo_2,-50000,7000,550000
537,leo_2,-50000,7000,550000
538,leo_2,-50000,7000,550000
539,leo_2,-50000,7000,550000
540,leo_2,-50000,7000,550000
541,leo_2,-50000,7000,550000
542,leo_2,-50000,7000,550000
543,leo_2,-50000,7000,550000
544,leo_2,-50000,7000,550000
545,leo_2,-50000,7000,550000
546,leo_2,-50000,7000,550000
547,leo_2,-50000,7000,550000
548,leo_2,-50000,7000,550000
549,leo_2,-50000,7000,550000
550,leo_2,-50000,7000,550000
551,leo_2,-50000,7000,550000
552,leo_2,-50000,7000,550000
553,leo_2,-50000,7000,550000
554,leo_2,-50000,7000,550000
555,leo_2,-50000,7000,550000
556,leo_2,-50000,7000,550000
557,leo_2,-50000,7000,550000
558,leo_2,-50000,7000,550000
559,leo_2,-50000,7000,550000
560,leo_2,-50000,7000,550000
561,leo_2,-50000,7000,550000
562,leo_2,-50000,7000,550000
563,leo_2,-50000,7000,550000
564,leo_2,-50000,7000,550000
565,leo_2,-50000,7000,550000
566,leo_2,-50000,7000,550000
567,leo_2,-50000,7000,550000
568,leo_2,-50000,7000,550000
569,leo_2,-50000,7000,550000
570,leo_2,-50000,7000,550000
571,leo_2,-50000,7000,550000
572,leo_2,-50000,7000,550000
573,leo_2,-50000,7000,550000
574,leo_2,-50000,7000,550000
575,leo_2,-50000,7000,550000
576,leo_2,-50000,7000,550000
577,leo_2,-50000,7000,550000
578,leo_2,-50000,7000,550000
579,leo_2,-50000,7000,550000
580,leo_2,-50000,7000,550000
581,leo_2,-50000,7000,550000
582,leo_2,-50000,7000,550000
583,leo_2,-50000,7000,550000
584,leo_2,-50000,7000,550000
585,leo_2,-50000,7000,550000
586,leo_2,-50000,7000,550000
587,leo_2,-50000,7000,550000
588,leo_2,-50000,7000,550000
589,leo_2,-50000,7000,550000
590,leo_2,-50000,7000,550000
591,leo_2,-50000,7000,550000
592,leo_2,-50000,7000,550000
593,leo_2,-50000,7000,550000
594,leo_2,-50000,7000,550000
595,leo_2,-50000,7000,550000
596,leo_2,-50000,7000,550000
597,leo_2,-50000,7000,550000
598,leo_2,-50000,7000,550000
599,leo_2,-50000,7000,550000
600,leo_2,-50000,7000,550000
601,leo_2,-50000,7000,550000
602,leo_2,-50000,7000,550000
603,leo_2,-50000,7000,550000
604,leo_2,-50000,7000,550000
605,leo_2,-50000,7000,550000
606,leo_2,-50000,7000,550000
607,leo_2,-50000,7000,550000
608,leo_2,-50000,7000,550000
609,leo_2,-50000,7000,550000
610,leo_2,-50000,7000,550000
611,leo_2,-50000,7000,550000
612,leo_2,-50000,7000,550000
613,leo_2,-50000,7000,550000
614,leo_2,-50000,7000,550000
615,leo_2,-50000,7000,550000
616,leo_2,-50000,7000,550000
617,leo_2,-50000,7000,550000
618,leo_2,-50000,7000,550000
619,leo_2,-50000,7000,550000
620,leo_2,-50000,7000,550000
621,leo_2,-50000,7000,550000
622,leo_2,-50000,7000,550000
623,leo_2,-50000,7000,550000
624,leo_2,-50000,7000,550000
625,leo_2,-50000,7000,550000
626,leo_2,-50000,7000,550000
627,leo_2,-50000,7000,550000
628,leo_2,-50000,7000,550000
629,leo_2,-50000,7000,550000
630,leo_2,-50000,7000,550000
631,leo_2,-50000,7000,550000
632,leo_2,-50000,7000,550000
633,leo_2,-50000,7000,550000
634,leo_2,-50000,7000,550000
635,leo_2,-50000,7000,550000
636,leo_2,-50000,7000,550000
637,leo_2,-50000,7000,550000
638,leo_2,-50000,7000,550000
639,leo_2,-50000,7000,550000
640,leo_2,-50000,7000,550000
641,leo_2,-50000,7000,550000
642,leo_2,-50000,7000,550000
643,leo_2,-50000,7000,550000
644,leo_2,-50000,7000,550000
645,leo_2,-50000,7000,550000
646,leo_2,-50000,7000,550000
647,leo_2,-50000,7000,550000
648,leo_2,-50000,7000,550000
649,leo_2,-50000,7000,550000
650,leo_2,-50000,7000,550000
651,leo_2,-50000,7000,550000
652,leo_2,-50000,7000,550000
653,leo_2,-50000,7000,550000
654,leo_2,-50000,7000,550000
655,leo_2,-50000,7000,550000
656,leo_2,-50000,7000,550000
657,leo_2,-50000,7000,550000
658,leo_2,-50000,7000,550000
659,leo_2,-50000,7000,550000
660,leo_2,-50000,7000,550000
661,leo_2,-50000,7000,550000
662,leo_2,-50000,7000,550000
663,leo_2,-50000,7000,550000
664,leo_2,-50000,7000,550000
665,leo_2,-50000,7000,550000
666,leo_2,-50000,7000,550000
667,leo_2,-50000,7000,550000
668,leo_2,-50000,7000,550000
669,leo_2,-50000,7000,550000
670,leo_2,-50000,7000,550000
671,leo_2,-50000,7000,550000
672,leo_2,-50000,7000,550000
673,leo_2,-50000,7000,550000
674,leo_2,-50000,7000,550000
675,leo_2,-50000,7000,550000
676,leo_2,-50000,7000,550000
677,leo_2,-50000,7000,550000
678,leo_2,-50000,7000,550000
679,leo_2,-50000,7000,550000
680,leo_2,-50000,7000,550000
681,leo_2,-50000,7000,550000
682,leo_2,-50000,7000,550000
683,leo_2,-50000,7000,550000
684,leo_2,-50000,7000,550000
685,leo_2,-50000,7000,550000
686,leo_2,-50000,7000,550000
687,leo_2,-50000,7000,550000
688,leo_2,-50000,7000,550000
689,leo_2,-50000,7000,550000
690,leo_2,-50000,7000,550000
691,leo_2,-50000,7000,550000
692,leo_2,-50000,7000,550000
693,leo_2,-50000,7000,550000
694,leo_2,-50000,7000,550000
695,leo_2,-50000,7000,550000
696,leo_2,-50000,7000,550000
697,leo_2,-50000,7000,550000
698,leo_2,-50000,7000,550000
699,leo_2,-50000,7000,550000
700,leo_2,-50000,7000,550000
701,leo_2,-50000,7000,550000
702,leo_2,-50000,7000,550000
703,leo_2,-50000,7000,550000
704,leo_2,-50000,7000,550000
705,leo_2,-50000,7000,550000
706,leo_2,-50000,7000,550000
707,leo_2,-50000,7000,550000
708,leo_2,-50000,7000,550000
709,leo_2,-50000,7000,550000
710,leo_2,-50000,7000,550000
711,leo_2,-50000,7000,550000
712,leo_2,-50000,7000,550000
713,leo_2,-50000,7000,550000
714,leo_2,-50000,7000,550000
715,leo_2,-50000,7000,550000
716,leo_2,-50000,7000,550000
717,leo_2,-50000,7000,550000
718,leo_2,-50000,7000,550000
719,leo_2,-50000,7000,550000
720,leo_2,-50000,7000,550000
721,leo_2,-50000,7000,550000
722,leo_2,-50000,7000,550000
723,leo_2,-50000,7000,550000
724,leo_2,-50000,7000,550000
725,leo_2,-50000,7000,550000
726,leo_2,-50000,7000,550000
727,leo_2,-50000,7000,550000
728,leo_2,-50000,7000,550000
729,leo_2,-50000,7000,550000
730,leo_2,-50000,7000,550000
731,leo_2,-50000,7000,550000
732,leo_2,-50000,7000,550000
733,leo_2,-50000,7000,550000
734,leo_2,-50000,7000,550000
735,leo_2,-50000,7000,550000
736,leo_2,-50000,7000,550000
737,leo_2,-50000,7000,550000
738,leo_2,-50000,7000,550000
739,leo_2,-50000,7000,550000
740,leo_2,-50000,7000,550000
741,leo_2,-50000,7000,550000
742,leo_2,-50000,7000,550000
743,leo_2,-50000,7000,550000
744,leo_2,-50000,7000,550000
745,leo_2,-50000,7000,550000
746,leo_2,-50000,7000,550000
747,leo_2,-50000,7000,550000
748,leo_2,-50000,7000,550000
749,leo_2,-50000,7000,550000
750,leo_2,-50000,7000,550000
751,leo_2,-50000,7000,550000
752,leo_2,-50000,7000,550000
753,leo_2,-50000,7000,550000
754,leo_2,-50000,7000,550000
755,leo_2,-50000,7000,550000
756,leo_2,-50000,7000,550000
757,leo_2,-50000,7000,550000
758,leo_2,-50000,7000,550000
759,leo_2,-50000,7000,550000
760,leo_2,-50000,7000,550000
761,leo_2,-50000,7000,550000
762,leo_2,-50000,7000,550000
763,leo_2,-50000,7000,550000
764,leo_2,-50000,7000,550000
765,leo_2,-50000,7000,550000
766,leo_2,-50000,7000,550000
767,leo_2,-50000,7000,550000
768,leo_2,-50000,7000,550000
769,leo_2,-50000,7000,550000
770,leo_2,-50000,7000,550000
771,leo_2,-50000,7000,550000
772,leo_2,-50000,7000,550000
773,leo_2,-50000,7000,550000
774,leo_2,-50000,7000,550000
775,leo_2,-50000,7000,550000
776,leo_2,-50000,7000,550000
777,leo_2,-50000,7000,550000
778,leo_2,-50000,7000,550000
779,leo_2,-50000,7000,550000
780,leo_2,-50000,7000,550000
781,leo_2,-50000,7000,550000
782,leo_2,-50000,7000,550000
783,leo_2,-50000,7000,550000
784,leo_2,-50000,7000,550000
785,leo_2,-50000,7000,550000
786,leo_2,-50000,7000,550000
787,leo_2,-50000,7000,550000
788,leo_2,-50000,7000,550000
789,leo_2,-50000,7000,550000
790,leo_2,-50000,7000,550000
791,leo_2,-50000,7000,550000
792,leo_2,-50000,7000,550000
793,leo_2,-50000,7000,550000
794,leo_2,-50000,7000,550000
795,leo_2,-50000,7000,550000
796,leo_2,-50000,7000,550000
797,leo_2,-50000,7000,550000
798,leo_2,-50000,7000,550000
799,leo_2,-50000,7000,550000
800,leo_2,-50000,7000,550000
801,leo_2,-50000,7000,550000
802,leo_2,-50000,7000,550000
803,leo_2,-50000,7000,550000
804,leo_2,-50000,7000,550000
805,leo_2,-50000,7000,550000
806,leo_2,-50000,7000,550000
807,leo_2,-50000,7000,550000
808,leo_2,-50000,7000,550000
809,leo_2,-50000,7000,550000
810,leo_2,-50000,7000,550000
811,leo_2,-50000,7000,550000
812,leo_2,-50000,7000,550000
813,leo_2,-50000,7000,550000
814,leo_2,-50000,7000,550000
815,leo_2,-50000,7000,550000
816,leo_2,-50000,7000,550000
817,leo_2,-50000,7000,550000
818,leo_2,-50000,7000,550000
819,leo_2,-50000,7000,550000
820,leo_2,-50000,7000,550000
821,leo_2,-50000,7000,550000
822,leo_2,-50000,7000,550000
823,leo_2,-50000,7000,550000
824,leo_2,-50000,7000,550000
825,leo_2,-50000,7000,550000
826,leo_2,-50000,7000,550000
827,leo_2,-50000,7000,550000
828,leo_2,-50000,7000,550000
829,leo_2,-50000,7000,550000
830,leo_2,-50000,7000,550000
831,leo_2,-50000,7000,550000
832,leo_2,-50000,7000,550000
833,leo_2,-50000,7000,550000
834,leo_2,-50000,7000,550000
835,leo_2,-50000,7000,550000
836,leo_2,-50000,7000,550000
837,leo_2,-50000,7000,550000
838,leo_2,-50000,7000,550000
839,leo_2,-50000,7000,550000
840,leo_2,-50000,7000,550000
841,leo_2,-50000,7000,550000
842,leo_2,-50000,7000,550000
843,leo_2,-50000,7000,550000
844,leo_2,-50000,7000,550000
845,leo_2,-50000,7000,550000
846,leo_2,-50000,7000,550000
847,leo_2,-50000,7000,550000
848,leo_2,-50000,7000,550000
849,leo_2,-50000,7000,550000
850,leo_2,-50000,7000,550000
851,leo_2,-50000,7000,550000
852,leo_2,-50000,7000,550000
853,leo_2,-50000,7000,550000
854,leo_2,-50000,7000,550000
855,leo_2,-50000,7000,550000
856,leo_2,-50000,7000,550000
857,leo_2,-50000,7000,550000
858,leo_2,-50000,7000,550000
859,leo_2,-50000,7000,550000
860,leo_2,-50000,7000,550000
861,leo_2,-50000,7000,550000
862,leo_2,-50000,7000,550000
863,leo_2,-50000,7000,550000
864,leo_2,-50000,7000,550000
865,leo_2,-50000,7000,550000
866,leo_2,-50000,7000,550000
867,leo_2,-50000,7000,550000
868,leo_2,-50000,7000,550000
869,leo_2,-50000,7000,550000
870,leo_2,-50000,7000,550000
871,leo_2,-50000,7000,550000
872,leo_2,-50000,7000,550000
873,leo_2,-50000,7000,550000
874,leo_2,-50000,7000,550000
875,leo_2,-50000,7000,550000
876,leo_2,-50000,7000,550000
877,leo_2,-50000,7000,550000
878,leo_2,-50000,7000,550000
879,leo_2,-50000,7000,550000
880,leo_2,-50000,7000,550000
881,leo_2,-50000,7000,550000
882,leo_2,-50000,7000,550000
883,leo_2,-50000,7000,550000
884,leo_2,-50000,7000,550000
885,leo_2,-50000,7000,550000
886,leo_2,-50000,7000,550000
887,leo_2,-50000,7000,550000
888,leo_2,-50000,7000,550000
889,leo_2,-50000,7000,550000
890,leo_2,-50000,7000,550000
891,leo_2,-50000,7000,550000
892,leo_2,-50000,7000,550000
893,leo_2,-50000,7000,550000
894,leo_2,-50000,7000,550000
895,leo_2,-50000,7000,550000
896,leo_2,-50000,7000,550000
897,leo_2,-50000,7000,550000
898,leo_2,-50000,7000,550000
899,leo_2,-50000,7000,550000
900,leo_2,-50000,7000,550000
901,leo_2,-50000,7000,550000
902,leo_2,-50000,7000,550000
903,leo_2,-50000,7000,550000
904,leo_2,-50000,7000,550000
905,leo_2,-50000,7000,550000
906,leo_2,-50000,7000,550000
907,leo_2,-50000,7000,550000
908,leo_2,-50000,7000,550000
909,leo_2,-50000,7000,550000
910,leo_2,-50000,7000,550000
911,leo_2,-50000,7000,550000
912,leo_2,-50000,7000,550000
913,leo_2,-50000,7000,550000
914,leo_2,-50000,7000,550000
915,leo_2,-50000,7000,550000
916,leo_2,-50000,7000,550000
917,leo_2,-50000,7000,550000
918,leo_2,-50000,7000,550000
919,leo_2,-50000,7000,550000
920,leo_2,-50000,7000,550000
921,leo_2,-50000,7000,550000
922,leo_2,-50000,7000,550000
923,leo_2,-50000,7000,550000
924,leo_2,-50000,7000,550000
925,leo_2,-50000,7000,550000
926,leo_2,-50000,7000,550000
927,leo_2,-50000,7000,550000
928,leo_2,-50000,7000,550000
929,leo_2,-50000,7000,550000
930,leo_2,-50000,7000,550000
931,leo_2,-50000,7000,550000
932,leo_2,-50000,7000,550000
933,leo_2,-50000,7000,550000
934,leo_2,-50000,7000,550000
935,leo_2,-50000,7000,550000
936,leo_2,-50000,7000,550000
937,leo_2,-50000,7000,550000
938,leo_2,-50000,7000,550000
939,leo_2,-50000,7000,550000
940,leo_2,-50000,7000,550000
941,leo_2,-50000,7000,550000
942,leo_2,-50000,7000,550000
943,leo_2,-50000,7000,550000
944,leo_2,-50000,7000,550000
945,leo_2,-50000,7000,550000
946,leo_2,-50000,7000,550000
947,leo_2,-50000,7000,550000
948,leo_2,-50000,7000,550000
949,leo_2,-50000,7000,550000
950,leo_2,-50000,7000,550000
951,leo_2,-50000,7000,550000
952,leo_2,-50000,7000,550000
953,leo_2,-50000,7000,550000
954,leo_2,-50000,7000,550000
955,leo_2,-50000,7000,550000
956,leo_2,-50000,7000,550000
957,leo_2,-50000,7000,550000
958,leo_2,-50000,7000,550000
959,leo_2,-50000,7000,550000
960,leo_2,-50000,7000,550000
961,leo_2,-50000,7000,550000
962,leo_2,-50000,7000,550000
963,leo_2,-50000,7000,550000
964,leo_2,-50000,7000,550000
965,leo_2,-50000,7000,550000
966,leo_2,-50000,7000,550000
967,leo_2,-50000,7000,550000
968,leo_2,-50000,7000,550000
969,leo_2,-50000,7000,550000
970,leo_2,-50000,7000,550000
971,leo_2,-50000,7000,550000
972,leo_2,-50000,7000,550000
973,leo_2,-50000,7000,550000
974,leo_2,-50000,7000,550000
975,leo_2,-50000,7000,550000
976,leo_2,-50000,7000,550000
977,leo_2,-50000,7000,550000
978,leo_2,-50000,7000,550000
979,leo_2,-50000,7000,550000
980,leo_2,-50000,7000,550000
981,leo_2,-50000,7000,550000
982,leo_2,-50000,7000,550000
983,leo_2,-50000,7000,550000
984,leo_2,-50000,7000,550000
985,leo_2,-50000,7000,550000
986,leo_2,-50000,7000,550000
987,leo_2,-50000,7000,550000
988,leo_2,-50000,7000,550000
989,leo_2,-50000,7000,550000
990,leo_2,-50000,7000,550000
991,leo_2,-50000,7000,550000
992,leo_2,-50000,7000,550000
993,leo_2,-50000,7000,550000
994,leo_2,-50000,7000,550000
995,leo_2,-50000,7000,550000
996,leo_2,-50000,7000,550000
997,leo_2,-50000,7000,550000
998,leo_2,-50000,7000,550000
999,leo_2,-50000,7000,550000
1000,leo_2,-50000,7000,550000
1,leo_3,17500,8000,550000
2,leo_3,25000,8000,550000
3,leo_3,32500,8000,550000
4,leo_3,40000,8000,550000
5,leo_3,47500,8000,550000
6,leo_3,55000,8000,550000
7,leo_3,62500,8000,550000
8,leo_3,70000,8000,550000
9,leo_3,77500,8000,550000
10,leo_3,85000,8000,550000
11,leo_3,92500,8000,550000
12,leo_3,100000,8000,550000
13,leo_3,-50000,8000,550000
14,leo_3,-50000,8000,550000
15,leo_3,-50000,8000,550000
16,leo_3,-50000,8000,550000
17,leo_3,-50000,8000,550000
18,leo_3,-50000,8000,550000
19,leo_3,-50000,8000,550000
20,leo_3,-50000,8000,550000
21,leo_3,-50000,8000,550000
22,leo_3,-50000,8000,550000
23,leo_3,-50000,8000,550000
24,leo_3,-50000,8000,550000
25,leo_3,-50000,8000,550000
26,leo_3,-50000,8000,550000
27,leo_3,-50000,8000,550000
28,leo_3,-50000,8000,550000
29,leo_3,-50000,8000,550000
30,leo_3,-50000,8000,550000
31,leo_3,-50000,8000,550000
32,leo_3,-50000,8000,550000
33,leo_3,-50000,8000,550000
34,leo_3,-50000,8000,550000
35,leo_3,-50000,8000,550000
36,leo_3,-50000,8000,550000
37,leo_3,-50000,8000,550000
38,leo_3,-50000,8000,550000
39,leo_3,-50000,8000,550000
40,leo_3,-50000,8000,550000
41,leo_3,-50000,8000,550000
42,leo_3,-50000,8000,550000
43,leo_3,-50000,8000,550000
44,leo_3,-50000,8000,550000
45,leo_3,-50000,8000,550000
46,leo_3,-50000,8000,550000
47,leo_3,-50000,8000,550000
48,leo_3,-50000,8000,550000
49,leo_3,-50000,8000,550000
50,leo_3,-50000,8000,550000
51,leo_3,-50000,8000,550000
52,leo_3,-50000,8000,550000
53,leo_3,-50000,8000,550000
54,leo_3,-50000,8000,550000
55,leo_3,-50000,8000,550000
56,leo_3,-50000,8000,550000
57,leo_3,-50000,8000,550000
58,leo_3,-50000,8000,550000
59,leo_3,-50000,8000,550000
60,leo_3,-50000,8000,550000
61,leo_3,-50000,8000,550000
62,leo_3,-50000,8000,550000
63,leo_3,-50000,8000,550000
64,leo_3,-50000,8000,550000
65,leo_3,-50000,8000,550000
66,leo_3,-50000,8000,550000
67,leo_3,-50000,8000,550000
68,leo_3,-50000,8000,550000
69,leo_3,-50000,8000,550000
70,leo_3,-50000,8000,550000
71,leo_3,-50000,8000,550000
72,leo_3,-50000,8000,550000
73,leo_3,-50000,8000,550000
74,leo_3,-50000,8000,550000
75,leo_3,-50000,8000,550000
76,leo_3,-50000,8000,550000
77,leo_3,-50000,8000,550000
78,leo_3,-50000,8000,550000
79,leo_3,-50000,8000,550000
80,leo_3,-50000,8000,550000
81,leo_3,-50000,8000,550000
82,leo_3,-50000,8000,550000
83,leo_3,-50000,8000,550000
84,leo_3,-50000,8000,550000
85,leo_3,-50000,8000,550000
86,leo_3,-50000,8000,550000
87,leo_3,-50000,8000,550000
88,leo_3,-50000,8000,550000
89,leo_3,-50000,8000,550000
90,leo_3,-50000,8000,550000
91,leo_3,-50000,8000,550000
92,leo_3,-50000,8000,550000
93,leo_3,-50000,8000,550000
94,leo_3,-50000,8000,550000
95,leo_3,-50000,8000,550000
96,leo_3,-50000,8000,550000
97,leo_3,-50000,8000,550000
98,leo_3,-50000,8000,550000
99,leo_3,-50000,8000,550000
100,leo_3,-50000,8000,550000
101,leo_3,-50000,8000,550000
102,leo_3,-50000,8000,550000
103,leo_3,-50000,8000,550000
104,leo_3,-50000,8000,550000
105,leo_3,-50000,8000,550000
106,leo_3,-50000,8000,550000
107,leo_3,-50000,8000,550000
108,leo_3,-50000,8000,550000
109,leo_3,-50000,8000,550000
110,leo_3,-50000,8000,550000
111,leo_3,-50000,8000,550000
112,leo_3,-50000,8000,550000
113,leo_3,-50000,8000,550000
114,leo_3,-50000,8000,550000
115,leo_3,-50000,8000,550000
116,leo_3,-50000,8000,550000
117,leo_3,-50000,8000,550000
118,leo_3,-50000,8000,550000
119,leo_3,-50000,8000,550000
120,leo_3,-50000,8000,550000
121,leo_3,-50000,8000,550000
122,leo_3,-50000,8000,550000
123,leo_3,-50000,8000,550000
124,leo_3,-50000,8000,550000
125,leo_3,-50000,8000,550000
126,leo_3,-50000,8000,550000
127,leo_3,-50000,8000,550000
128,leo_3,-50000,8000,550000
129,leo_3,-50000,8000,550000
130,leo_3,-50000,8000,550000
131,leo_3,-50000,8000,550000
132,leo_3,-50000,8000,550000
133,leo_3,-50000,8000,550000
134,leo_3,-50000,8000,550000
135,leo_3,-50000,8000,550000
136,leo_3,-50000,8000,550000
137,leo_3,-50000,8000,550000
138,leo_3,-50000,8000,550000
139,leo_3,-50000,8000,550000
140,leo_3,-50000,8000,550000
141,leo_3,-50000,8000,550000
142,leo_3,-50000,8000,550000
143,leo_3,-50000,8000,550000
144,leo_3,-50000,8000,550000
145,leo_3,-50000,8000,550000
146,leo_3,-50000,8000,550000
147,leo_3,-50000,8000,550000
148,leo_3,-50000,8000,550000
149,leo_3,-50000,8000,550000
150,leo_3,-50000,8000,550000
151,leo_3,-50000,8000,550000
152,leo_3,-50000,8000,550000
153,leo_3,-50000,8000,550000
154,leo_3,-50000,8000,550000
155,leo_3,-50000,8000,550000
156,leo_3,-50000,8000,550000
157,leo_3,-50000,8000,550000
158,leo_3,-50000,8000,550000
159,leo_3,-50000,8000,550000
160,leo_3,-50000,8000,550000
161,leo_3,-50000,8000,550000
162,leo_3,-50000,8000,550000
163,leo_3,-50000,8000,550000
164,leo_3,-50000,8000,550000
165,leo_3,-50000,8000,550000
166,leo_3,-50000,8000,550000
167,leo_3,-50000,8000,550000
168,leo_3,-50000,8000,550000
169,leo_3,-50000,8000,550000
170,leo_3,-50000,8000,550000
171,leo_3,-50000,8000,550000
172,leo_3,-50000,8000,550000
173,leo_3,-50000,8000,550000
174,leo_3,-50000,8000,550000
175,leo_3,-50000,8000,550000
176,leo_3,-50000,8000,550000
177,leo_3,-50000,8000,550000
178,leo_3,-50000,8000,550000
179,leo_3,-50000,8000,550000
180,leo_3,-50000,8000,550000
181,leo_3,-50000,8000,550000
182,leo_3,-50000,8000,550000
183,leo_3,-50000,8000,550000
184,leo_3,-50000,8000,550000
185,leo_3,-50000,8000,550000
186,leo_3,-50000,8000,550000
187,leo_3,-50000,8000,550000
188,leo_3,-50000,8000,550000
189,leo_3,-50000,8000,550000
190,leo_3,-50000,8000,550000
191,leo_3,-50000,8000,550000
192,leo_3,-50000,8000,550000
193,leo_3,-50000,8000,550000
194,leo_3,-50000,8000,550000
195,leo_3,-50000,8000,550000
196,leo_3,-50000,8000,550000
197,leo_3,-50000,8000,550000
198,leo_3,-50000,8000,550000
199,leo_3,-50000,8000,550000
200,leo_3,-50000,8000,550000
201,leo_3,-50000,8000,550000
202,leo_3,-50000,8000,550000
203,leo_3,-50000,8000,550000
204,leo_3,-50000,8000,550000
205,leo_3,-50000,8000,550000
206,leo_3,-50000,8000,550000
207,leo_3,-50000,8000,550000
208,leo_3,-50000,8000,550000
209,leo_3,-50000,8000,550000
210,leo_3,-50000,8000,550000
211,leo_3,-50000,8000,550000
212,leo_3,-50000,8000,550000
213,leo_3,-50000,8000,550000
214,leo_3,-50000,8000,550000
215,leo_3,-50000,8000,550000
216,leo_3,-50000,8000,550000
217,leo_3,-50000,8000,550000
218,leo_3,-50000,8000,550000
219,leo_3,-50000,8000,550000
220,leo_3,-50000,8000,550000
221,leo_3,-50000,8000,550000
222,leo_3,-50000,8000,550000
223,leo_3,-50000,8000,550000
224,leo_3,-50000,8000,550000
225,leo_3,-50000,8000,550000
226,leo_3,-50000,8000,550000
227,leo_3,-50000,8000,550000
228,leo_3,-50000,8000,550000
229,leo_3,-50000,8000,550000
230,leo_3,-50000,8000,550000
231,leo_3,-50000,8000,550000
232,leo_3,-50000,8000,550000
233,leo_3,-50000,8000,550000
234,leo_3,-50000,8000,550000
235,leo_3,-50000,8000,550000
236,leo_3,-50000,8000,550000
237,leo_3,-50000,8000,550000
238,leo_3,-50000,8000,550000
239,leo_3,-50000,8000,550000
240,leo_3,-50000,8000,550000
241,leo_3,-50000,8000,550000
242,leo_3,-50000,8000,550000
243,leo_3,-50000,8000,550000
244,leo_3,-50000,8000,550000
245,leo_3,-50000,8000,550000
246,leo_3,-50000,8000,550000
247,leo_3,-50000,8000,550000
248,leo_3,-50000,8000,550000
249,leo_3,-50000,8000,550000
250,leo_3,-50000,8000,550000
251,leo_3,-50000,8000,550000
252,leo_3,-50000,8000,550000
253,leo_3,-50000,8000,550000
254,leo_3,-50000,8000,550000
255,leo_3,-50000,8000,550000
256,leo_3,-50000,8000,550000
257,leo_3,-50000,8000,550000
258,leo_3,-50000,8000,550000
259,leo_3,-50000,8000,550000
260,leo_3,-50000,8000,550000
261,leo_3,-50000,8000,550000
262,leo_3,-50000,8000,550000
263,leo_3,-50000,8000,550000
264,leo_3,-50000,8000,550000
265,leo_3,-50000,8000,550000
266,leo_3,-50000,8000,550000
267,leo_3,-50000,8000,550000
268,leo_3,-50000,8000,550000
269,leo_3,-50000,8000,550000
270,leo_3,-50000,8000,550000
271,leo_3,-50000,8000,550000
272,leo_3,-50000,8000,550000
273,leo_3,-50000,8000,550000
274,leo_3,-50000,8000,550000
275,leo_3,-50000,8000,550000
276,leo_3,-50000,8000,550000
277,leo_3,-50000,8000,550000
278,leo_3,-50000,8000,550000
279,leo_3,-50000,8000,550000
280,leo_3,-50000,8000,550000
281,leo_3,-50000,8000,550000
282,leo_3,-50000,8000,550000
283,leo_3,-50000,8000,550000
284,leo_3,-50000,8000,550000
285,leo_3,-50000,8000,550000
286,leo_3,-50000,8000,550000
287,leo_3,-50000,8000,550000
288,leo_3,-50000,8000,550000
289,leo_3,-50000,8000,550000
290,leo_3,-50000,8000,550000
291,leo_3,-50000,8000,550000
292,leo_3,-50000,8000,550000
293,leo_3,-50000,8000,550000
294,leo_3,-50000,8000,550000
295,leo_3,-50000,8000,550000
296,leo_3,-50000,8000,550000
297,leo_3,-50000,8000,550000
298,leo_3,-50000,8000,550000
299,leo_3,-50000,8000,550000
300,leo_3,-50000,8000,550000
301,leo_3,-50000,8000,550000
302,leo_3,-50000,8000,550000
303,leo_3,-50000,8000,550000
304,leo_3,-50000,8000,550000
305,leo_3,-50000,8000,550000
306,leo_3,-50000,8000,550000
307,leo_3,-50000,8000,550000
308,leo_3,-50000,8000,550000
309,leo_3,-50000,8000,550000
310,leo_3,-50000,8000,550000
311,leo_3,-50000,8000,550000
312,leo_3,-50000,8000,550000
313,leo_3,-50000,8000,550000
314,leo_3,-50000,8000,550000
315,leo_3,-50000,8000,550000
316,leo_3,-50000,8000,550000
317,leo_3,-50000,8000,550000
318,leo_3,-50000,8000,550000
319,leo_3,-50000,8000,550000
320,leo_3,-50000,8000,550000
321,leo_3,-50000,8000,550000
322,leo_3,-50000,8000,550000
323,leo_3,-50000,8000,550000
324,leo_3,-50000,8000,550000
325,leo_3,-50000,8000,550000
326,leo_3,-50000,8000,550000
327,leo_3,-50000,8000,550000
328,leo_3,-50000,8000,550000
329,leo_3,-50000,8000,550000
330,leo_3,-50000,8000,550000
331,leo_3,-50000,8000,550000
332,leo_3,-50000,8000,550000
333,leo_3,-50000,8000,550000
334,leo_3,-50000,8000,550000
335,leo_3,-50000,8000,550000
336,leo_3,-50000,8000,550000
337,leo_3,-50000,8000,550000
338,leo_3,-50000,8000,550000
339,leo_3,-50000,8000,550000
340,leo_3,-50000,8000,550000
341,leo_3,-50000,8000,550000
342,leo_3,-50000,8000,550000
343,leo_3,-50000,8000,550000
344,leo_3,-50000,8000,550000
345,leo_3,-50000,8000,550000
346,leo_3,-50000,8000,550000
347,leo_3,-50000,8000,550000
348,leo_3,-50000,8000,550000
349,leo_3,-50000,8000,550000
350,leo_3,-50000,8000,550000
351,leo_3,-50000,8000,550000
352,leo_3,-50000,8000,550000
353,leo_3,-50000,8000,550000
354,leo_3,-50000,8000,550000
355,leo_3,-50000,8000,550000
356,leo_3,-50000,8000,550000
357,leo_3,-50000,8000,550000
358,leo_3,-50000,8000,550000
359,leo_3,-50000,8000,550000
360,leo_3,-50000,8000,550000
361,leo_3,-50000,8000,550000
362,leo_3,-50000,8000,550000
363,leo_3,-50000,8000,550000
364,leo_3,-50000,8000,550000
365,leo_3,-50000,8000,550000
366,leo_3,-50000,8000,550000
367,leo_3,-50000,8000,550000
368,leo_3,-50000,8000,550000
369,leo_3,-50000,8000,550000
370,leo_3,-50000,8000,550000
371,leo_3,-50000,8000,550000
372,leo_3,-50000,8000,550000
373,leo_3,-50000,8000,550000
374,leo_3,-50000,8000,550000
375,leo_3,-50000,8000,550000
376,leo_3,-50000,8000,550000
377,leo_3,-50000,8000,550000
378,leo_3,-50000,8000,550000
379,leo_3,-50000,8000,550000
380,leo_3,-50000,8000,550000
381,leo_3,-50000,8000,550000
382,leo_3,-50000,8000,550000
383,leo_3,-50000,8000,550000
384,leo_3,-50000,8000,550000
385,leo_3,-50000,8000,550000
386,leo_3,-50000,8000,550000
387,leo_3,-50000,8000,550000
388,leo_3,-50000,8000,550000
389,leo_3,-50000,8000,550000
390,leo_3,-50000,8000,550000
391,leo_3,-50000,8000,550000
392,leo_3,-50000,8000,550000
393,leo_3,-50000,8000,550000
394,leo_3,-50000,8000,550000
395,leo_3,-50000,8000,550000
396,leo_3,-50000,8000,550000
397,leo_3,-50000,8000,550000
398,leo_3,-50000,8000,550000
399,leo_3,-50000,8000,550000
400,leo_3,-50000,8000,550000
401,leo_3,-50000,8000,550000
402,leo_3,-50000,8000,550000
403,leo_3,-50000,8000,550000
404,leo_3,-50000,8000,550000
405,leo_3,-50000,8000,550000
406,leo_3,-50000,8000,550000
407,leo_3,-50000,8000,550000
408,leo_3,-50000,8000,550000
409,leo_3,-50000,8000,550000
410,leo_3,-50000,8000,550000
411,leo_3,-50000,8000,550000
412,leo_3,-50000,8000,550000
413,leo_3,-50000,8000,550000
414,leo_3,-50000,8000,550000
415,leo_3,-50000,8000,550000
416,leo_3,-50000,8000,550000
417,leo_3,-50000,8000,550000
418,leo_3,-50000,8000,550000
419,leo_3,-50000,8000,550000
420,leo_3,-50000,8000,550000
421,leo_3,-50000,8000,550000
422,leo_3,-50000,8000,550000
423,leo_3,-50000,8000,550000
424,leo_3,-50000,8000,550000
425,leo_3,-50000,8000,550000
426,leo_3,-50000,8000,550000
427,leo_3,-50000,8000,550000
428,leo_3,-50000,8000,550000
429,leo_3,-50000,8000,550000
430,leo_3,-50000,8000,550000
431,leo_3,-50000,8000,550000
432,leo_3,-50000,8000,550000
433,leo_3,-50000,8000,550000
434,leo_3,-50000,8000,550000
435,leo_3,-50000,8000,550000
436,leo_3,-50000,8000,550000
437,leo_3,-50000,8000,550000
438,leo_3,-50000,8000,550000
439,leo_3,-50000,8000,550000
440,leo_3,-50000,8000,550000
441,leo_3,-50000,8000,550000
442,leo_3,-50000,8000,550000
443,leo_3,-50000,8000,550000
444,leo_3,-50000,8000,550000
445,leo_3,-50000,8000,550000
446,leo_3,-50000,8000,550000
447,leo_3,-50000,8000,550000
448,leo_3,-50000,8000,550000
449,leo_3,-50000,8000,550000
450,leo_3,-50000,8000,550000
451,leo_3,-50000,8000,550000
452,leo_3,-50000,8000,550000
453,leo_3,-50000,8000,550000
454,leo_3,-50000,8000,550000
455,leo_3,-50000,8000,550000
456,leo_3,-50000,8000,550000
457,leo_3,-50000,8000,550000
458,leo_3,-50000,8000,550000
459,leo_3,-50000,8000,550000
460,leo_3,-50000,8000,550000
461,leo_3,-50000,8000,550000
462,leo_3,-50000,8000,550000
463,leo_3,-50000,8000,550000
464,leo_3,-50000,8000,550000
465,leo_3,-50000,8000,550000
466,leo_3,-50000,8000,550000
467,leo_3,-50000,8000,550000
468,leo_3,-50000,8000,550000
469,leo_3,-50000,8000,550000
470,leo_3,-50000,8000,550000
471,leo_3,-50000,8000,550000
472,leo_3,-50000,8000,550000
473,leo_3,-50000,8000,550000
474,leo_3,-50000,8000,550000
475,leo_3,-50000,8000,550000
476,leo_3,-50000,8000,550000
477,leo_3,-50000,8000,550000
478,leo_3,-50000,8000,550000
479,leo_3,-50000,8000,550000
480,leo_3,-50000,8000,550000
481,leo_3,-50000,8000,550000
482,leo_3,-50000,8000,550000
483,leo_3,-50000,8000,550000
484,leo_3,-50000,8000,550000
485,leo_3,-50000,8000,550000
486,leo_3,-50000,8000,550000
487,leo_3,-50000,8000,550000
488,leo_3,-50000,8000,550000
489,leo_3,-50000,8000,550000
490,leo_3,-50000,8000,550000
491,leo_3,-50000,8000,550000
492,leo_3,-50000,8000,550000
493,leo_3,-50000,8000,550000
494,leo_3,-50000,8000,550000
495,leo_3,-50000,8000,550000
496,leo_3,-50000,8000,550000
497,leo_3,-50000,8000,550000
498,leo_3,-50000,8000,550000
499,leo_3,-50000,8000,550000
500,leo_3,-50000,8000,550000
501,leo_3,-50000,8000,550000
502,leo_3,-50000,8000,550000
503,leo_3,-50000,8000,550000
504,leo_3,-50000,8000,550000
505,leo_3,-50000,8000,550000
506,leo_3,-50000,8000,550000
507,leo_3,-50000,8000,550000
508,leo_3,-50000,8000,550000
509,leo_3,-50000,8000,550000
510,leo_3,-50000,8000,550000
511,leo_3,-50000,8000,550000
512,leo_3,-50000,8000,550000
513,leo_3,-50000,8000,550000
514,leo_3,-50000,8000,550000
515,leo_3,-50000,8000,550000
516,leo_3,-50000,8000,550000
517,leo_3,-50000,8000,550000
518,leo_3,-50000,8000,550000
519,leo_3,-50000,8000,550000
520,leo_3,-50000,8000,550000
521,leo_3,-50000,8000,550000
522,leo_3,-50000,8000,550000
523,leo_3,-50000,8000,550000
524,leo_3,-50000,8000,550000
525,leo_3,-50000,8000,550000
526,leo_3,-50000,8000,550000
527,leo_3,-50000,8000,550000
528,leo_3,-50000,8000,550000
529,leo_3,-50000,8000,550000
530,leo_3,-50000,8000,550000
531,leo_3,-50000,8000,550000
532,leo_3,-50000,8000,550000
533,leo_3,-50000,8000,550000
534,leo_3,-50000,8000,550000
535,leo_3,-50000,8000,550000
536,leo_3,-50000,8000,550000
537,leo_3,-50000,8000,550000
538,leo_3,-50000,8000,550000
539,leo_3,-50000,8000,550000
540,leo_3,-50000,8000,550000
541,leo_3,-50000,8000,550000
542,leo_3,-50000,8000,550000
543,leo_3,-50000,8000,550000
544,leo_3,-50000,8000,550000
545,leo_3,-50000,8000,550000
546,leo_3,-50000,8000,550000
547,leo_3,-50000,8000,550000
548,leo_3,-50000,8000,550000
549,leo_3,-50000,8000,550000
550,leo_3,-50000,8000,550000
551,leo_3,-50000,8000,550000
552,leo_3,-50000,8000,550000
553,leo_3,-50000,8000,550000
554,leo_3,-50000,8000,550000
555,leo_3,-50000,8000,550000
556,leo_3,-50000,8000,550000
557,leo_3,-50000,8000,550000
558,leo_3,-50000,8000,550000
559,leo_3,-50000,8000,550000
560,leo_3,-50000,8000,550000
561,leo_3,-50000,8000,550000
562,leo_3,-50000,8000,550000
563,leo_3,-50000,8000,550000
564,leo_3,-50000,8000,550000
565,leo_3,-50000,8000,550000
566,leo_3,-50000,8000,550000
567,leo_3,-50000,8000,550000
568,leo_3,-50000,8000,550000
569,leo_3,-50000,8000,550000
570,leo_3,-50000,8000,550000
571,leo_3,-50000,8000,550000
572,leo_3,-50000,8000,550000
573,leo_3,-50000,8000,550000
574,leo_3,-50000,8000,550000
575,leo_3,-50000,8000,550000
576,leo_3,-50000,8000,550000
577,leo_3,-50000,8000,550000
578,leo_3,-50000,8000,550000
579,leo_3,-50000,8000,550000
580,leo_3,-50000,8000,550000
581,leo_3,-50000,8000,550000
582,leo_3,-50000,8000,550000
583,leo_3,-50000,8000,550000
584,leo_3,-50000,8000,550000
585,leo_3,-50000,8000,550000
586,leo_3,-50000,8000,550000
587,leo_3,-50000,8000,550000
588,leo_3,-50000,8000,550000
589,leo_3,-50000,8000,550000
590,leo_3,-50000,8000,550000
591,leo_3,-50000,8000,550000
592,leo_3,-50000,8000,550000
593,leo_3,-50000,8000,550000
594,leo_3,-50000,8000,550000
595,leo_3,-50000,8000,550000
596,leo_3,-50000,8000,550000
597,leo_3,-50000,8000,550000
598,leo_3,-50000,8000,550000
599,leo_3,-50000,8000,550000
600,leo_3,-50000,8000,550000
601,leo_3,-50000,8000,550000
602,leo_3,-50000,8000,550000
603,leo_3,-50000,8000,550000
604,leo_3,-50000,8000,550000
605,leo_3,-50000,8000,550000
606,leo_3,-50000,8000,550000
607,leo_3,-50000,8000,550000
608,leo_3,-50000,8000,550000
609,leo_3,-50000,8000,550000
610,leo_3,-50000,8000,550000
611,leo_3,-50000,8000,550000
612,leo_3,-50000,8000,550000
613,leo_3,-50000,8000,550000
614,leo_3,-50000,8000,550000
615,leo_3,-50000,8000,550000
616,leo_3,-50000,8000,550000
617,leo_3,-50000,8000,550000
618,leo_3,-50000,8000,550000
619,leo_3,-50000,8000,550000
620,leo_3,-50000,8000,550000
621,leo_3,-50000,8000,550000
622,leo_3,-50000,8000,550000
623,leo_3,-50000,8000,550000
624,leo_3,-50000,8000,550000
625,leo_3,-50000,8000,550000
626,leo_3,-50000,8000,550000
627,leo_3,-50000,8000,550000
628,leo_3,-50000,8000,550000
629,leo_3,-50000,8000,550000
630,leo_3,-50000,8000,550000
631,leo_3,-50000,8000,550000
632,leo_3,-50000,8000,550000
633,leo_3,-50000,8000,550000
634,leo_3,-50000,8000,550000
635,leo_3,-50000,8000,550000
636,leo_3,-50000,8000,550000
637,leo_3,-50000,8000,550000
638,leo_3,-50000,8000,550000
639,leo_3,-50000,8000,550000
640,leo_3,-50000,8000,550000
641,leo_3,-50000,8000,550000
642,leo_3,-50000,8000,550000
643,leo_3,-50000,8000,550000
644,leo_3,-50000,8000,550000
645,leo_3,-50000,8000,550000
646,leo_3,-50000,8000,550000
647,leo_3,-50000,8000,550000
648,leo_3,-50000,8000,550000
649,leo_3,-50000,8000,550000
650,leo_3,-50000,8000,550000
651,leo_3,-50000,8000,550000
652,leo_3,-50000,8000,550000
653,leo_3,-50000,8000,550000
654,leo_3,-50000,8000,550000
655,leo_3,-50000,8000,550000
656,leo_3,-50000,8000,550000
657,leo_3,-50000,8000,550000
658,leo_3,-50000,8000,550000
659,leo_3,-50000,8000,550000
660,leo_3,-50000,8000,550000
661,leo_3,-50000,8000,550000
662,leo_3,-50000,8000,550000
663,leo_3,-50000,8000,550000
664,leo_3,-50000,8000,550000
665,leo_3,-50000,8000,550000
666,leo_3,-50000,8000,550000
667,leo_3,-50000,8000,550000
668,leo_3,-50000,8000,550000
669,leo_3,-50000,8000,550000
670,leo_3,-50000,8000,550000
671,leo_3,-50000,8000,550000
672,leo_3,-50000,8000,550000
673,leo_3,-50000,8000,550000
674,leo_3,-50000,8000,550000
675,leo_3,-50000,8000,550000
676,leo_3,-50000,8000,550000
677,leo_3,-50000,8000,550000
678,leo_3,-50000,8000,550000
679,leo_3,-50000,8000,550000
680,leo_3,-50000,8000,550000
681,leo_3,-50000,8000,550000
682,leo_3,-50000,8000,550000
683,leo_3,-50000,8000,550000
684,leo_3,-50000,8000,550000
685,leo_3,-50000,8000,550000
686,leo_3,-50000,8000,550000
687,leo_3,-50000,8000,550000
688,leo_3,-50000,8000,550000
689,leo_3,-50000,8000,550000
690,leo_3,-50000,8000,550000
691,leo_3,-50000,8000,550000
692,leo_3,-50000,8000,550000
693,leo_3,-50000,8000,550000
694,leo_3,-50000,8000,550000
695,leo_3,-50000,8000,550000
696,leo_3,-50000,8000,550000
697,leo_3,-50000,8000,550000
698,leo_3,-50000,8000,550000
699,leo_3,-50000,8000,550000
700,leo_3,-50000,8000,550000
701,leo_3,-50000,8000,550000
702,leo_3,-50000,8000,550000
703,leo_3,-50000,8000,550000
704,leo_3,-50000,8000,550000
705,leo_3,-50000,8000,550000
706,leo_3,-50000,8000,550000
707,leo_3,-50000,8000,550000
708,leo_3,-50000,8000,550000
709,leo_3,-50000,8000,550000
710,leo_3,-50000,8000,550000
711,leo_3,-50000,8000,550000
712,leo_3,-50000,8000,550000
713,leo_3,-50000,8000,550000
714,leo_3,-50000,8000,550000
715,leo_3,-50000,8000,550000
716,leo_3,-50000,8000,550000
717,leo_3,-50000,8000,550000
718,leo_3,-50000,8000,550000
719,leo_3,-50000,8000,550000
720,leo_3,-50000,8000,550000
721,leo_3,-50000,8000,550000
722,leo_3,-50000,8000,550000
723,leo_3,-50000,8000,550000
724,leo_3,-50000,8000,550000
725,leo_3,-50000,8000,550000
726,leo_3,-50000,8000,550000
727,leo_3,-50000,8000,550000
728,leo_3,-50000,8000,550000
729,leo_3,-50000,8000,550000
730,leo_3,-50000,8000,550000
731,leo_3,-50000,8000,550000
732,leo_3,-50000,8000,550000
733,leo_3,-50000,8000,550000
734,leo_3,-50000,8000,550000
735,leo_3,-50000,8000,550000
736,leo_3,-50000,8000,550000
737,leo_3,-50000,8000,550000
738,leo_3,-50000,8000,550000
739,leo_3,-50000,8000,550000
740,leo_3,-50000,8000,550000
741,leo_3,-50000,8000,550000
742,leo_3,-50000,8000,550000
743,leo_3,-50000,8000,550000
744,leo_3,-50000,8000,550000
745,leo_3,-50000,8000,550000
746,leo_3,-50000,8000,550000
747,leo_3,-50000,8000,550000
748,leo_3,-50000,8000,550000
749,leo_3,-50000,8000,550000
750,leo_3,-50000,8000,550000
751,leo_3,-50000,8000,550000
752,leo_3,-50000,8000,550000
753,leo_3,-50000,8000,550000
754,leo_3,-50000,8000,550000
755,leo_3,-50000,8000,550000
756,leo_3,-50000,8000,550000
757,leo_3,-50000,8000,550000
758,leo_3,-50000,8000,550000
759,leo_3,-50000,8000,550000
760,leo_3,-50000,8000,550000
761,leo_3,-50000,8000,550000
762,leo_3,-50000,8000,550000
763,leo_3,-50000,8000,550000
764,leo_3,-50000,8000,550000
765,leo_3,-50000,8000,550000
766,leo_3,-50000,8000,550000
767,leo_3,-50000,8000,550000
768,leo_3,-50000,8000,550000
769,leo_3,-50000,8000,550000
770,leo_3,-50000,8000,550000
771,leo_3,-50000,8000,550000
772,leo_3,-50000,8000,550000
773,leo_3,-50000,8000,550000
774,leo_3,-50000,8000,550000
775,leo_3,-50000,8000,550000
776,leo_3,-50000,8000,550000
777,leo_3,-50000,8000,550000
778,leo_3,-50000,8000,550000
779,leo_3,-50000,8000,550000
780,leo_3,-50000,8000,550000
781,leo_3,-50000,8000,550000
782,leo_3,-50000,8000,550000
783,leo_3,-50000,8000,550000
784,leo_3,-50000,8000,550000
785,leo_3,-50000,8000,550000
786,leo_3,-50000,8000,550000
787,leo_3,-50000,8000,550000
788,leo_3,-50000,8000,550000
789,leo_3,-50000,8000,550000
790,leo_3,-50000,8000,550000
791,leo_3,-50000,8000,550000
792,leo_3,-50000,8000,550000
793,leo_3,-50000,8000,550000
794,leo_3,-50000,8000,550000
795,leo_3,-50000,8000,550000
796,leo_3,-50000,8000,550000
797,leo_3,-50000,8000,550000
798,leo_3,-50000,8000,550000
799,leo_3,-50000,8000,550000
800,leo_3,-50000,8000,550000
801,leo_3,-50000,8000,550000
802,leo_3,-50000,8000,550000
803,leo_3,-50000,8000,550000
804,leo_3,-50000,8000,550000
805,leo_3,-50000,8000,550000
806,leo_3,-50000,8000,550000
807,leo_3,-50000,8000,550000
808,leo_3,-50000,8000,550000
809,leo_3,-50000,8000,550000
810,leo_3,-50000,8000,550000
811,leo_3,-50000,8000,550000
812,leo_3,-50000,8000,550000
813,leo_3,-50000,8000,550000
814,leo_3,-50000,8000,550000
815,leo_3,-50000,8000,550000
816,leo_3,-50000,8000,550000
817,leo_3,-50000,8000,550000
818,leo_3,-50000,8000,550000
819,leo_3,-50000,8000,550000
820,leo_3,-50000,8000,550000
821,leo_3,-50000,8000,550000
822,leo_3,-50000,8000,550000
823,leo_3,-50000,8000,550000
824,leo_3,-50000,8000,550000
825,leo_3,-50000,8000,550000
826,leo_3,-50000,8000,550000
827,leo_3,-50000,8000,550000
828,leo_3,-50000,8000,550000
829,leo_3,-50000,8000,550000
830,leo_3,-50000,8000,550000
831,leo_3,-50000,8000,550000
832,leo_3,-50000,8000,550000
833,leo_3,-50000,8000,550000
834,leo_3,-50000,8000,550000
835,leo_3,-50000,8000,550000
836,leo_3,-50000,8000,550000
837,leo_3,-50000,8000,550000
838,leo_3,-50000,8000,550000
839,leo_3,-50000,8000,550000
840,leo_3,-50000,8000,550000
841,leo_3,-50000,8000,550000
842,leo_3,-50000,8000,550000
843,leo_3,-50000,8000,550000
844,leo_3,-50000,8000,550000
845,leo_3,-50000,8000,550000
846,leo_3,-50000,8000,550000
847,leo_3,-50000,8000,550000
848,leo_3,-50000,8000,550000
849,leo_3,-50000,8000,550000
850,leo_3,-50000,8000,550000
851,leo_3,-50000,8000,550000
852,leo_3,-50000,8000,550000
853,leo_3,-50000,8000,550000
854,leo_3,-50000,8000,550000
855,leo_3,-50000,8000,550000
856,leo_3,-50000,8000,550000
857,leo_3,-50000,8000,550000
858,leo_3,-50000,8000,550000
859,leo_3,-50000,8000,550000
860,leo_3,-50000,8000,550000
861,leo_3,-50000,8000,550000
862,leo_3,-50000,8000,550000
863,leo_3,-50000,8000,550000
864,leo_3,-50000,8000,550000
865,leo_3,-50000,8000,550000
866,leo_3,-50000,8000,550000
867,leo_3,-50000,8000,550000
868,leo_3,-50000,8000,550000
869,leo_3,-50000,8000,550000
870,leo_3,-50000,8000,550000
871,leo_3,-50000,8000,550000
872,leo_3,-50000,8000,550000
873,leo_3,-50000,8000,550000
874,leo_3,-50000,8000,550000
875,leo_3,-50000,8000,550000
876,leo_3,-50000,8000,550000
877,leo_3,-50000,8000,550000
878,leo_3,-50000,8000,550000
879,leo_3,-50000,8000,550000
880,leo_3,-50000,8000,550000
881,leo_3,-50000,8000,550000
882,leo_3,-50000,8000,550000
883,leo_3,-50000,8000,550000
884,leo_3,-50000,8000,550000
885,leo_3,-50000,8000,550000
886,leo_3,-50000,8000,550000
887,leo_3,-50000,8000,550000
888,leo_3,-50000,8000,550000
889,leo_3,-50000,8000,550000
890,leo_3,-50000,8000,550000
891,leo_3,-50000,8000,550000
892,leo_3,-50000,8000,550000
893,leo_3,-50000,8000,550000
894,leo_3,-50000,8000,550000
895,leo_3,-50000,8000,550000
896,leo_3,-50000,8000,550000
897,leo_3,-50000,8000,550000
898,leo_3,-50000,8000,550000
899,leo_3,-50000,8000,550000
900,leo_3,-50000,8000,550000
901,leo_3,-50000,8000,550000
902,leo_3,-50000,8000,550000
903,leo_3,-50000,8000,550000
904,leo_3,-50000,8000,550000
905,leo_3,-50000,8000,550000
906,leo_3,-50000,8000,550000
907,leo_3,-50000,8000,550000
908,leo_3,-50000,8000,550000
909,leo_3,-50000,8000,550000
910,leo_3,-50000,8000,550000
911,leo_3,-50000,8000,550000
912,leo_3,-50000,8000,550000
913,leo_3,-50000,8000,550000
914,leo_3,-50000,8000,550000
915,leo_3,-50000,8000,550000
916,leo_3,-50000,8000,550000
917,leo_3,-50000,8000,550000
918,leo_3,-50000,8000,550000
919,leo_3,-50000,8000,550000
920,leo_3,-50000,8000,550000
921,leo_3,-50000,8000,550000
922,leo_3,-50000,8000,550000
923,leo_3,-50000,8000,550000
924,leo_3,-50000,8000,550000
925,leo_3,-50000,8000,550000
926,leo_3,-50000,8000,550000
927,leo_3,-50000,8000,550000
928,leo_3,-50000,8000,550000
929,leo_3,-50000,8000,550000
930,leo_3,-50000,8000,550000
931,leo_3,-50000,8000,550000
932,leo_3,-50000,8000,550000
933,leo_3,-50000,8000,550000
934,leo_3,-50000,8000,550000
935,leo_3,-50000,8000,550000
936,leo_3,-50000,8000,550000
937,leo_3,-50000,8000,550000
938,leo_3,-50000,8000,550000
939,leo_3,-50000,8000,550000
940,leo_3,-50000,8000,550000
941,leo_3,-50000,8000,550000
942,leo_3,-50000,8000,550000
943,leo_3,-50000,8000,550000
944,leo_3,-50000,8000,550000
945,leo_3,-50000,8000,550000
946,leo_3,-50000,8000,550000
947,leo_3,-50000,8000,550000
948,leo_3,-50000,8000,550000
949,leo_3,-50000,8000,550000
950,leo_3,-50000,8000,550000
951,leo_3,-50000,8000,550000
952,leo_3,-50000,8000,550000
953,leo_3,-50000,8000,550000
954,leo_3,-50000,8000,550000
955,leo_3,-50000,8000,550000
956,leo_3,-50000,8000,550000
957,leo_3,-50000,8000,550000
958,leo_3,-50000,8000,550000
959,leo_3,-50000,8000,550000
960,leo_3,-50000,8000,550000
961,leo_3,-50000,8000,550000
962,leo_3,-50000,8000,550000
963,leo_3,-50000,8000,550000
964,leo_3,-50000,8000,550000
965,leo_3,-50000,8000,550000
966,leo_3,-50000,8000,550000
967,leo_3,-50000,8000,550000
968,leo_3,-50000,8000,550000
969,leo_3,-50000,8000,550000
970,leo_3,-50000,8000,550000
971,leo_3,-50000,8000,550000
972,leo_3,-50000,8000,550000
973,leo_3,-50000,8000,550000
974,leo_3,-50000,8000,550000
975,leo_3,-50000,8000,550000
976,leo_3,-50000,8000,550000
977,leo_3,-50000,8000,550000
978,leo_3,-50000,8000,550000
979,leo_3,-50000,8000,550000
980,leo_3,-50000,8000,550000
981,leo_3,-50000,8000,550000
982,leo_3,-50000,8000,550000
983,leo_3,-50000,8000,550000
984,leo_3,-50000,8000,550000
985,leo_3,-50000,8000,550000
986,leo_3,-50000,8000,550000
987,leo_3,-50000,8000,550000
988,leo_3,-50000,8000,550000
989,leo_3,-50000,8000,550000
990,leo_3,-50000,8000,550000
991,leo_3,-50000,8000,550000
992,leo_3,-50000,8000,550000
993,leo_3,-50000,8000,550000
994,leo_3,-50000,8000,550000
995,leo_3,-50000,8000,550000
996,leo_3,-50000,8000,550000
997,leo_3,-50000,8000,550000
998,leo_3,-50000,8000,550000
999,leo_3,-50000,8000,550000
1000,leo_3,-50000,8000,550000
1,leo_4,37500,9000,550000
2,leo_4,45000,9000,550000
3,leo_4,52500,9000,550000
4,leo_4,60000,9000,550000
5,leo_4,67500,9000,550000
6,leo_4,75000,9000,550000
7,leo_4,82500,9000,550000
8,leo_4,90000,9000,550000
9,leo_4,97500,9000,550000
10,leo_4,-50000,9000,550000
11,leo_4,-50000,9000,550000
12,leo_4,-50000,9000,550000
13,leo_4,-50000,9000,550000
14,leo_4,-50000,9000,550000
15,leo_4,-50000,9000,550000
16,leo_4,-50000,9000,550000
17,leo_4,-50000,9000,550000
18,leo_4,-50000,9000,550000
19,leo_4,-50000,9000,550000
20,leo_4,-50000,9000,550000
21,leo_4,-50000,9000,550000
22,leo_4,-50000,9000,550000
23,leo_4,-50000,9000,550000
24,leo_4,-50000,9000,550000
25,leo_4,-50000,9000,550000
26,leo_4,-50000,9000,550000
27,leo_4,-50000,9000,550000
28,leo_4,-50000,9000,550000
29,leo_4,-50000,9000,550000
30,leo_4,-50000,9000,550000
31,leo_4,-50000,9000,550000
32,leo_4,-50000,9000,550000
33,leo_4,-50000,9000,550000
34,leo_4,-50000,9000,550000
35,leo_4,-50000,9000,550000
36,leo_4,-50000,9000,550000
37,leo_4,-50000,9000,550000
38,leo_4,-50000,9000,550000
39,leo_4,-50000,9000,550000
40,leo_4,-50000,9000,550000
41,leo_4,-50000,9000,550000
42,leo_4,-50000,9000,550000
43,leo_4,-50000,9000,550000
44,leo_4,-50000,9000,550000
45,leo_4,-50000,9000,550000
46,leo_4,-50000,9000,550000
47,leo_4,-50000,9000,550000
48,leo_4,-50000,9000,550000
49,leo_4,-50000,9000,550000
50,leo_4,-50000,9000,550000
51,leo_4,-50000,9000,550000
52,leo_4,-50000,9000,550000
53,leo_4,-50000,9000,550000
54,leo_4,-50000,9000,550000
55,leo_4,-50000,9000,550000
56,leo_4,-50000,9000,550000
57,leo_4,-50000,9000,550000
58,leo_4,-50000,9000,550000
59,leo_4,-50000,9000,550000
60,leo_4,-50000,9000,550000
61,leo_4,-50000,9000,550000
62,leo_4,-50000,9000,550000
63,leo_4,-50000,9000,550000
64,leo_4,-50000,9000,550000
65,leo_4,-50000,9000,550000
66,leo_4,-50000,9000,550000
67,leo_4,-50000,9000,550000
68,leo_4,-50000,9000,550000
69,leo_4,-50000,9000,550000
70,leo_4,-50000,9000,550000
71,leo_4,-50000,9000,550000
72,leo_4,-50000,9000,550000
73,leo_4,-50000,9000,550000
74,leo_4,-50000,9000,550000
75,leo_4,-50000,9000,550000
76,leo_4,-50000,9000,550000
77,leo_4,-50000,9000,550000
78,leo_4,-50000,9000,550000
79,leo_4,-50000,9000,550000
80,leo_4,-50000,9000,550000
81,leo_4,-50000,9000,550000
82,leo_4,-50000,9000,550000
83,leo_4,-50000,9000,550000
84,leo_4,-50000,9000,550000
85,leo_4,-50000,9000,550000
86,leo_4,-50000,9000,550000
87,leo_4,-50000,9000,550000
88,leo_4,-50000,9000,550000
89,leo_4,-50000,9000,550000
90,leo_4,-50000,9000,550000
91,leo_4,-50000,9000,550000
92,leo_4,-50000,9000,550000
93,leo_4,-50000,9000,550000
94,leo_4,-50000,9000,550000
95,leo_4,-50000,9000,550000
96,leo_4,-50000,9000,550000
97,leo_4,-50000,9000,550000
98,leo_4,-50000,9000,550000
99,leo_4,-50000,9000,550000
100,leo_4,-50000,9000,550000
101,leo_4,-50000,9000,550000
102,leo_4,-50000,9000,550000
103,leo_4,-50000,9000,550000
104,leo_4,-50000,9000,550000
105,leo_4,-50000,9000,550000
106,leo_4,-50000,9000,550000
107,leo_4,-50000,9000,550000
108,leo_4,-50000,9000,550000
109,leo_4,-50000,9000,550000
110,leo_4,-50000,9000,550000
111,leo_4,-50000,9000,550000
112,leo_4,-50000,9000,550000
113,leo_4,-50000,9000,550000
114,leo_4,-50000,9000,550000
115,leo_4,-50000,9000,550000
116,leo_4,-50000,9000,550000
117,leo_4,-50000,9000,550000
118,leo_4,-50000,9000,550000
119,leo_4,-50000,9000,550000
120,leo_4,-50000,9000,550000
121,leo_4,-50000,9000,550000
122,leo_4,-50000,9000,550000
123,leo_4,-50000,9000,550000
124,leo_4,-50000,9000,550000
125,leo_4,-50000,9000,550000
126,leo_4,-50000,9000,550000
127,leo_4,-50000,9000,550000
128,leo_4,-50000,9000,550000
129,leo_4,-50000,9000,550000
130,leo_4,-50000,9000,550000
131,leo_4,-50000,9000,550000
132,leo_4,-50000,9000,550000
133,leo_4,-50000,9000,550000
134,leo_4,-50000,9000,550000
135,leo_4,-50000,9000,550000
136,leo_4,-50000,9000,550000
137,leo_4,-50000,9000,550000
138,leo_4,-50000,9000,550000
139,leo_4,-50000,9000,550000
140,leo_4,-50000,9000,550000
141,leo_4,-50000,9000,550000
142,leo_4,-50000,9000,550000
143,leo_4,-50000,9000,550000
144,leo_4,-50000,9000,550000
145,leo_4,-50000,9000,550000
146,leo_4,-50000,9000,550000
147,leo_4,-50000,9000,550000
148,leo_4,-50000,9000,550000
149,leo_4,-50000,9000,550000
150,leo_4,-50000,9000,550000
151,leo_4,-50000,9000,550000
152,leo_4,-50000,9000,550000
153,leo_4,-50000,9000,550000
154,leo_4,-50000,9000,550000
155,leo_4,-50000,9000,550000
156,leo_4,-50000,9000,550000
157,leo_4,-50000,9000,550000
158,leo_4,-50000,9000,550000
159,leo_4,-50000,9000,550000
160,leo_4,-50000,9000,550000
161,leo_4,-50000,9000,550000
162,leo_4,-50000,9000,550000
163,leo_4,-50000,9000,550000
164,leo_4,-50000,9000,550000
165,leo_4,-50000,9000,550000
166,leo_4,-50000,9000,550000
167,leo_4,-50000,9000,550000
168,leo_4,-50000,9000,550000
169,leo_4,-50000,9000,550000
170,leo_4,-50000,9000,550000
171,leo_4,-50000,9000,550000
172,leo_4,-50000,9000,550000
173,leo_4,-50000,9000,550000
174,leo_4,-50000,9000,550000
175,leo_4,-50000,9000,550000
176,leo_4,-50000,9000,550000
177,leo_4,-50000,9000,550000
178,leo_4,-50000,9000,550000
179,leo_4,-50000,9000,550000
180,leo_4,-50000,9000,550000
181,leo_4,-50000,9000,550000
182,leo_4,-50000,9000,550000
183,leo_4,-50000,9000,550000
184,leo_4,-50000,9000,550000
185,leo_4,-50000,9000,550000
186,leo_4,-50000,9000,550000
187,leo_4,-50000,9000,550000
188,leo_4,-50000,9000,550000
189,leo_4,-50000,9000,550000
190,leo_4,-50000,9000,550000
191,leo_4,-50000,9000,550000
192,leo_4,-50000,9000,550000
193,leo_4,-50000,9000,550000
194,leo_4,-50000,9000,550000
195,leo_4,-50000,9000,550000
196,leo_4,-50000,9000,550000
197,leo_4,-50000,9000,550000
198,leo_4,-50000,9000,550000
199,leo_4,-50000,9000,550000
200,leo_4,-50000,9000,550000
201,leo_4,-50000,9000,550000
202,leo_4,-50000,9000,550000
203,leo_4,-50000,9000,550000
204,leo_4,-50000,9000,550000
205,leo_4,-50000,9000,550000
206,leo_4,-50000,9000,550000
207,leo_4,-50000,9000,550000
208,leo_4,-50000,9000,550000
209,leo_4,-50000,9000,550000
210,leo_4,-50000,9000,550000
211,leo_4,-50000,9000,550000
212,leo_4,-50000,9000,550000
213,leo_4,-50000,9000,550000
214,leo_4,-50000,9000,550000
215,leo_4,-50000,9000,550000
216,leo_4,-50000,9000,550000
217,leo_4,-50000,9000,550000
218,leo_4,-50000,9000,550000
219,leo_4,-50000,9000,550000
220,leo_4,-50000,9000,550000
221,leo_4,-50000,9000,550000
222,leo_4,-50000,9000,550000
223,leo_4,-50000,9000,550000
224,leo_4,-50000,9000,550000
225,leo_4,-50000,9000,550000
226,leo_4,-50000,9000,550000
227,leo_4,-50000,9000,550000
228,leo_4,-50000,9000,550000
229,leo_4,-50000,9000,550000
230,leo_4,-50000,9000,550000
231,leo_4,-50000,9000,550000
232,leo_4,-50000,9000,550000
233,leo_4,-50000,9000,550000
234,leo_4,-50000,9000,550000
235,leo_4,-50000,9000,550000
236,leo_4,-50000,9000,550000
237,leo_4,-50000,9000,550000
238,leo_4,-50000,9000,550000
239,leo_4,-50000,9000,550000
240,leo_4,-50000,9000,550000
241,leo_4,-50000,9000,550000
242,leo_4,-50000,9000,550000
243,leo_4,-50000,9000,550000
244,leo_4,-50000,9000,550000
245,leo_4,-50000,9000,550000
246,leo_4,-50000,9000,550000
247,leo_4,-50000,9000,550000
248,leo_4,-50000,9000,550000
249,leo_4,-50000,9000,550000
250,leo_4,-50000,9000,550000
251,leo_4,-50000,9000,550000
252,leo_4,-50000,9000,550000
253,leo_4,-50000,9000,550000
254,leo_4,-50000,9000,550000
255,leo_4,-50000,9000,550000
256,leo_4,-50000,9000,550000
257,leo_4,-50000,9000,550000
258,leo_4,-50000,9000,550000
259,leo_4,-50000,9000,550000
260,leo_4,-50000,9000,550000
261,leo_4,-50000,9000,550000
262,leo_4,-50000,9000,550000
263,leo_4,-50000,9000,550000
264,leo_4,-50000,9000,550000
265,leo_4,-50000,9000,550000
266,leo_4,-50000,9000,550000
267,leo_4,-50000,9000,550000
268,leo_4,-50000,9000,550000
269,leo_4,-50000,9000,550000
270,leo_4,-50000,9000,550000
271,leo_4,-50000,9000,550000
272,leo_4,-50000,9000,550000
273,leo_4,-50000,9000,550000
274,leo_4,-50000,9000,550000
275,leo_4,-50000,9000,550000
276,leo_4,-50000,9000,550000
277,leo_4,-50000,9000,550000
278,leo_4,-50000,9000,550000
279,leo_4,-50000,9000,550000
280,leo_4,-50000,9000,550000
281,leo_4,-50000,9000,550000
282,leo_4,-50000,9000,550000
283,leo_4,-50000,9000,550000
284,leo_4,-50000,9000,550000
285,leo_4,-50000,9000,550000
286,leo_4,-50000,9000,550000
287,leo_4,-50000,9000,550000
288,leo_4,-50000,9000,550000
289,leo_4,-50000,9000,550000
290,leo_4,-50000,9000,550000
291,leo_4,-50000,9000,550000
292,leo_4,-50000,9000,550000
293,leo_4,-50000,9000,550000
294,leo_4,-50000,9000,550000
295,leo_4,-50000,9000,550000
296,leo_4,-50000,9000,550000
297,leo_4,-50000,9000,550000
298,leo_4,-50000,9000,550000
299,leo_4,-50000,9000,550000
300,leo_4,-50000,9000,550000
301,leo_4,-50000,9000,550000
302,leo_4,-50000,9000,550000
303,leo_4,-50000,9000,550000
304,leo_4,-50000,9000,550000
305,leo_4,-50000,9000,550000
306,leo_4,-50000,9000,550000
307,leo_4,-50000,9000,550000
308,leo_4,-50000,9000,550000
309,leo_4,-50000,9000,550000
310,leo_4,-50000,9000,550000
311,leo_4,-50000,9000,550000
312,leo_4,-50000,9000,550000
313,leo_4,-50000,9000,550000
314,leo_4,-50000,9000,550000
315,leo_4,-50000,9000,550000
316,leo_4,-50000,9000,550000
317,leo_4,-50000,9000,550000
318,leo_4,-50000,9000,550000
319,leo_4,-50000,9000,550000
320,leo_4,-50000,9000,550000
321,leo_4,-50000,9000,550000
322,leo_4,-50000,9000,550000
323,leo_4,-50000,9000,550000
324,leo_4,-50000,9000,550000
325,leo_4,-50000,9000,550000
326,leo_4,-50000,9000,550000
327,leo_4,-50000,9000,550000
328,leo_4,-50000,9000,550000
329,leo_4,-50000,9000,550000
330,leo_4,-50000,9000,550000
331,leo_4,-50000,9000,550000
332,leo_4,-50000,9000,550000
333,leo_4,-50000,9000,550000
334,leo_4,-50000,9000,550000
335,leo_4,-50000,9000,550000
336,leo_4,-50000,9000,550000
337,leo_4,-50000,9000,550000
338,leo_4,-50000,9000,550000
339,leo_4,-50000,9000,550000
340,leo_4,-50000,9000,550000
341,leo_4,-50000,9000,550000
342,leo_4,-50000,9000,550000
343,leo_4,-50000,9000,550000
344,leo_4,-50000,9000,550000
345,leo_4,-50000,9000,550000
346,leo_4,-50000,9000,550000
347,leo_4,-50000,9000,550000
348,leo_4,-50000,9000,550000
349,leo_4,-50000,9000,550000
350,leo_4,-50000,9000,550000
351,leo_4,-50000,9000,550000
352,leo_4,-50000,9000,550000
353,leo_4,-50000,9000,550000
354,leo_4,-50000,9000,550000
355,leo_4,-50000,9000,550000
356,leo_4,-50000,9000,550000
357,leo_4,-50000,9000,550000
358,leo_4,-50000,9000,550000
359,leo_4,-50000,9000,550000
360,leo_4,-50000,9000,550000
361,leo_4,-50000,9000,550000
362,leo_4,-50000,9000,550000
363,leo_4,-50000,9000,550000
364,leo_4,-50000,9000,550000
365,leo_4,-50000,9000,550000
366,leo_4,-50000,9000,550000
367,leo_4,-50000,9000,550000
368,leo_4,-50000,9000,550000
369,leo_4,-50000,9000,550000
370,leo_4,-50000,9000,550000
371,leo_4,-50000,9000,550000
372,leo_4,-50000,9000,550000
373,leo_4,-50000,9000,550000
374,leo_4,-50000,9000,550000
375,leo_4,-50000,9000,550000
376,leo_4,-50000,9000,550000
377,leo_4,-50000,9000,550000
378,leo_4,-50000,9000,550000
379,leo_4,-50000,9000,550000
380,leo_4,-50000,9000,550000
381,leo_4,-50000,9000,550000
382,leo_4,-50000,9000,550000
383,leo_4,-50000,9000,550000
384,leo_4,-50000,9000,550000
385,leo_4,-50000,9000,550000
386,leo_4,-50000,9000,550000
387,leo_4,-50000,9000,550000
388,leo_4,-50000,9000,550000
389,leo_4,-50000,9000,550000
390,leo_4,-50000,9000,550000
391,leo_4,-50000,9000,550000
392,leo_4,-50000,9000,550000
393,leo_4,-50000,9000,550000
394,leo_4,-50000,9000,550000
395,leo_4,-50000,9000,550000
396,leo_4,-50000,9000,550000
397,leo_4,-50000,9000,550000
398,leo_4,-50000,9000,550000
399,leo_4,-50000,9000,550000
400,leo_4,-50000,9000,550000
401,leo_4,-50000,9000,550000
402,leo_4,-50000,9000,550000
403,leo_4,-50000,9000,550000
404,leo_4,-50000,9000,550000
405,leo_4,-50000,9000,550000
406,leo_4,-50000,9000,550000
407,leo_4,-50000,9000,550000
408,leo_4,-50000,9000,550000
409,leo_4,-50000,9000,550000
410,leo_4,-50000,9000,550000
411,leo_4,-50000,9000,550000
412,leo_4,-50000,9000,550000
413,leo_4,-50000,9000,550000
414,leo_4,-50000,9000,550000
415,leo_4,-50000,9000,550000
416,leo_4,-50000,9000,550000
417,leo_4,-50000,9000,550000
418,leo_4,-50000,9000,550000
419,leo_4,-50000,9000,550000
420,leo_4,-50000,9000,550000
421,leo_4,-50000,9000,550000
422,leo_4,-50000,9000,550000
423,leo_4,-50000,9000,550000
424,leo_4,-50000,9000,550000
425,leo_4,-50000,9000,550000
426,leo_4,-50000,9000,550000
427,leo_4,-50000,9000,550000
428,leo_4,-50000,9000,550000
429,leo_4,-50000,9000,550000
430,leo_4,-50000,9000,550000
431,leo_4,-50000,9000,550000
432,leo_4,-50000,9000,550000
433,leo_4,-50000,9000,550000
434,leo_4,-50000,9000,550000
435,leo_4,-50000,9000,550000
436,leo_4,-50000,9000,550000
437,leo_4,-50000,9000,550000
438,leo_4,-50000,9000,550000
439,leo_4,-50000,9000,550000
440,leo_4,-50000,9000,550000
441,leo_4,-50000,9000,550000
442,leo_4,-50000,9000,550000
443,leo_4,-50000,9000,550000
444,leo_4,-50000,9000,550000
445,leo_4,-50000,9000,550000
446,leo_4,-50000,9000,550000
447,leo_4,-50000,9000,550000
448,leo_4,-50000,9000,550000
449,leo_4,-50000,9000,550000
450,leo_4,-50000,9000,550000
451,leo_4,-50000,9000,550000
452,leo_4,-50000,9000,550000
453,leo_4,-50000,9000,550000
454,leo_4,-50000,9000,550000
455,leo_4,-50000,9000,550000
456,leo_4,-50000,9000,550000
457,leo_4,-50000,9000,550000
458,leo_4,-50000,9000,550000
459,leo_4,-50000,9000,550000
460,leo_4,-50000,9000,550000
461,leo_4,-50000,9000,550000
462,leo_4,-50000,9000,550000
463,leo_4,-50000,9000,550000
464,leo_4,-50000,9000,550000
465,leo_4,-50000,9000,550000
466,leo_4,-50000,9000,550000
467,leo_4,-50000,9000,550000
468,leo_4,-50000,9000,550000
469,leo_4,-50000,9000,550000
470,leo_4,-50000,9000,550000
471,leo_4,-50000,9000,550000
472,leo_4,-50000,9000,550000
473,leo_4,-50000,9000,550000
474,leo_4,-50000,9000,550000
475,leo_4,-50000,9000,550000
476,leo_4,-50000,9000,550000
477,leo_4,-50000,9000,550000
478,leo_4,-50000,9000,550000
479,leo_4,-50000,9000,550000
480,leo_4,-50000,9000,550000
481,leo_4,-50000,9000,550000
482,leo_4,-50000,9000,550000
483,leo_4,-50000,9000,550000
484,leo_4,-50000,9000,550000
485,leo_4,-50000,9000,550000
486,leo_4,-50000,9000,550000
487,leo_4,-50000,9000,550000
488,leo_4,-50000,9000,550000
489,leo_4,-50000,9000,550000
490,leo_4,-50000,9000,550000
491,leo_4,-50000,9000,550000
492,leo_4,-50000,9000,550000
493,leo_4,-50000,9000,550000
494,leo_4,-50000,9000,550000
495,leo_4,-50000,9000,550000
496,leo_4,-50000,9000,550000
497,leo_4,-50000,9000,550000
498,leo_4,-50000,9000,550000
499,leo_4,-50000,9000,550000
500,leo_4,-50000,9000,550000
501,leo_4,-50000,9000,550000
502,leo_4,-50000,9000,550000
503,leo_4,-50000,9000,550000
504,leo_4,-50000,9000,550000
505,leo_4,-50000,9000,550000
506,leo_4,-50000,9000,550000
507,leo_4,-50000,9000,550000
508,leo_4,-50000,9000,550000
509,leo_4,-50000,9000,550000
510,leo_4,-50000,9000,550000
511,leo_4,-50000,9000,550000
512,leo_4,-50000,9000,550000
513,leo_4,-50000,9000,550000
514,leo_4,-50000,9000,550000
515,leo_4,-50000,9000,550000
516,leo_4,-50000,9000,550000
517,leo_4,-50000,9000,550000
518,leo_4,-50000,9000,550000
519,leo_4,-50000,9000,550000
520,leo_4,-50000,9000,550000
521,leo_4,-50000,9000,550000
522,leo_4,-50000,9000,550000
523,leo_4,-50000,9000,550000
524,leo_4,-50000,9000,550000
525,leo_4,-50000,9000,550000
526,leo_4,-50000,9000,550000
527,leo_4,-50000,9000,550000
528,leo_4,-50000,9000,550000
529,leo_4,-50000,9000,550000
530,leo_4,-50000,9000,550000
531,leo_4,-50000,9000,550000
532,leo_4,-50000,9000,550000
533,leo_4,-50000,9000,550000
534,leo_4,-50000,9000,550000
535,leo_4,-50000,9000,550000
536,leo_4,-50000,9000,550000
537,leo_4,-50000,9000,550000
538,leo_4,-50000,9000,550000
539,leo_4,-50000,9000,550000
540,leo_4,-50000,9000,550000
541,leo_4,-50000,9000,550000
542,leo_4,-50000,9000,550000
543,leo_4,-50000,9000,550000
544,leo_4,-50000,9000,550000
545,leo_4,-50000,9000,550000
546,leo_4,-50000,9000,550000
547,leo_4,-50000,9000,550000
548,leo_4,-50000,9000,550000
549,leo_4,-50000,9000,550000
550,leo_4,-50000,9000,550000
551,leo_4,-50000,9000,550000
552,leo_4,-50000,9000,550000
553,leo_4,-50000,9000,550000
554,leo_4,-50000,9000,550000
555,leo_4,-50000,9000,550000
556,leo_4,-50000,9000,550000
557,leo_4,-50000,9000,550000
558,leo_4,-50000,9000,550000
559,leo_4,-50000,9000,550000
560,leo_4,-50000,9000,550000
561,leo_4,-50000,9000,550000
562,leo_4,-50000,9000,550000
563,leo_4,-50000,9000,550000
564,leo_4,-50000,9000,550000
565,leo_4,-50000,9000,550000
566,leo_4,-50000,9000,550000
567,leo_4,-50000,9000,550000
568,leo_4,-50000,9000,550000
569,leo_4,-50000,9000,550000
570,leo_4,-50000,9000,550000
571,leo_4,-50000,9000,550000
572,leo_4,-50000,9000,550000
573,leo_4,-50000,9000,550000
574,leo_4,-50000,9000,550000
575,leo_4,-50000,9000,550000
576,leo_4,-50000,9000,550000
577,leo_4,-50000,9000,550000
578,leo_4,-50000,9000,550000
579,leo_4,-50000,9000,550000
580,leo_4,-50000,9000,550000
581,leo_4,-50000,9000,550000
582,leo_4,-50000,9000,550000
583,leo_4,-50000,9000,550000
584,leo_4,-50000,9000,550000
585,leo_4,-50000,9000,550000
586,leo_4,-50000,9000,550000
587,leo_4,-50000,9000,550000
588,leo_4,-50000,9000,550000
589,leo_4,-50000,9000,550000
590,leo_4,-50000,9000,550000
591,leo_4,-50000,9000,550000
592,leo_4,-50000,9000,550000
593,leo_4,-50000,9000,550000
594,leo_4,-50000,9000,550000
595,leo_4,-50000,9000,550000
596,leo_4,-50000,9000,550000
597,leo_4,-50000,9000,550000
598,leo_4,-50000,9000,550000
599,leo_4,-50000,9000,550000
600,leo_4,-50000,9000,550000
601,leo_4,-50000,9000,550000
602,leo_4,-50000,9000,550000
603,leo_4,-50000,9000,550000
604,leo_4,-50000,9000,550000
605,leo_4,-50000,9000,550000
606,leo_4,-50000,9000,550000
607,leo_4,-50000,9000,550000
608,leo_4,-50000,9000,550000
609,leo_4,-50000,9000,550000
610,leo_4,-50000,9000,550000
611,leo_4,-50000,9000,550000
612,leo_4,-50000,9000,550000
613,leo_4,-50000,9000,550000
614,leo_4,-50000,9000,550000
615,leo_4,-50000,9000,550000
616,leo_4,-50000,9000,550000
617,leo_4,-50000,9000,550000
618,leo_4,-50000,9000,550000
619,leo_4,-50000,9000,550000
620,leo_4,-50000,9000,550000
621,leo_4,-50000,9000,550000
622,leo_4,-50000,9000,550000
623,leo_4,-50000,9000,550000
624,leo_4,-50000,9000,550000
625,leo_4,-50000,9000,550000
626,leo_4,-50000,9000,550000
627,leo_4,-50000,9000,550000
628,leo_4,-50000,9000,550000
629,leo_4,-50000,9000,550000
630,leo_4,-50000,9000,550000
631,leo_4,-50000,9000,550000
632,leo_4,-50000,9000,550000
633,leo_4,-50000,9000,550000
634,leo_4,-50000,9000,550000
635,leo_4,-50000,9000,550000
636,leo_4,-50000,9000,550000
637,leo_4,-50000,9000,550000
638,leo_4,-50000,9000,550000
639,leo_4,-50000,9000,550000
640,leo_4,-50000,9000,550000
641,leo_4,-50000,9000,550000
642,leo_4,-50000,9000,550000
643,leo_4,-50000,9000,550000
644,leo_4,-50000,9000,550000
645,leo_4,-50000,9000,550000
646,leo_4,-50000,9000,550000
647,leo_4,-50000,9000,550000
648,leo_4,-50000,9000,550000
649,leo_4,-50000,9000,550000
650,leo_4,-50000,9000,550000
651,leo_4,-50000,9000,550000
652,leo_4,-50000,9000,550000
653,leo_4,-50000,9000,550000
654,leo_4,-50000,9000,550000
655,leo_4,-50000,9000,550000
656,leo_4,-50000,9000,550000
657,leo_4,-50000,9000,550000
658,leo_4,-50000,9000,550000
659,leo_4,-50000,9000,550000
660,leo_4,-50000,9000,550000
661,leo_4,-50000,9000,550000
662,leo_4,-50000,9000,550000
663,leo_4,-50000,9000,550000
664,leo_4,-50000,9000,550000
665,leo_4,-50000,9000,550000
666,leo_4,-50000,9000,550000
667,leo_4,-50000,9000,550000
668,leo_4,-50000,9000,550000
669,leo_4,-50000,9000,550000
670,leo_4,-50000,9000,550000
671,leo_4,-50000,9000,550000
672,leo_4,-50000,9000,550000
673,leo_4,-50000,9000,550000
674,leo_4,-50000,9000,550000
675,leo_4,-50000,9000,550000
676,leo_4,-50000,9000,550000
677,leo_4,-50000,9000,550000
678,leo_4,-50000,9000,550000
679,leo_4,-50000,9000,550000
680,leo_4,-50000,9000,550000
681,leo_4,-50000,9000,550000
682,leo_4,-50000,9000,550000
683,leo_4,-50000,9000,550000
684,leo_4,-50000,9000,550000
685,leo_4,-50000,9000,550000
686,leo_4,-50000,9000,550000
687,leo_4,-50000,9000,550000
688,leo_4,-50000,9000,550000
689,leo_4,-50000,9000,550000
690,leo_4,-50000,9000,550000
691,leo_4,-50000,9000,550000
692,leo_4,-50000,9000,550000
693,leo_4,-50000,9000,550000
694,leo_4,-50000,9000,550000
695,leo_4,-50000,9000,550000
696,leo_4,-50000,9000,550000
697,leo_4,-50000,9000,550000
698,leo_4,-50000,9000,550000
699,leo_4,-50000,9000,550000
700,leo_4,-50000,9000,550000
701,leo_4,-50000,9000,550000
702,leo_4,-50000,9000,550000
703,leo_4,-50000,9000,550000
704,leo_4,-50000,9000,550000
705,leo_4,-50000,9000,550000
706,leo_4,-50000,9000,550000
707,leo_4,-50000,9000,550000
708,leo_4,-50000,9000,550000
709,leo_4,-50000,9000,550000
710,leo_4,-50000,9000,550000
711,leo_4,-50000,9000,550000
712,leo_4,-50000,9000,550000
713,leo_4,-50000,9000,550000
714,leo_4,-50000,9000,550000
715,leo_4,-50000,9000,550000
716,leo_4,-50000,9000,550000
717,leo_4,-50000,9000,550000
718,leo_4,-50000,9000,550000
719,leo_4,-50000,9000,550000
720,leo_4,-50000,9000,550000
721,leo_4,-50000,9000,550000
722,leo_4,-50000,9000,550000
723,leo_4,-50000,9000,550000
724,leo_4,-50000,9000,550000
725,leo_4,-50000,9000,550000
726,leo_4,-50000,9000,550000
727,leo_4,-50000,9000,550000
728,leo_4,-50000,9000,550000
729,leo_4,-50000,9000,550000
730,leo_4,-50000,9000,550000
731,leo_4,-50000,9000,550000
732,leo_4,-50000,9000,550000
733,leo_4,-50000,9000,550000
734,leo_4,-50000,9000,550000
735,leo_4,-50000,9000,550000
736,leo_4,-50000,9000,550000
737,leo_4,-50000,9000,550000
738,leo_4,-50000,9000,550000
739,leo_4,-50000,9000,550000
740,leo_4,-50000,9000,550000
741,leo_4,-50000,9000,550000
742,leo_4,-50000,9000,550000
743,leo_4,-50000,9000,550000
744,leo_4,-50000,9000,550000
745,leo_4,-50000,9000,550000
746,leo_4,-50000,9000,550000
747,leo_4,-50000,9000,550000
748,leo_4,-50000,9000,550000
749,leo_4,-50000,9000,550000
750,leo_4,-50000,9000,550000
751,leo_4,-50000,9000,550000
752,leo_4,-50000,9000,550000
753,leo_4,-50000,9000,550000
754,leo_4,-50000,9000,550000
755,leo_4,-50000,9000,550000
756,leo_4,-50000,9000,550000
757,leo_4,-50000,9000,550000
758,leo_4,-50000,9000,550000
759,leo_4,-50000,9000,550000
760,leo_4,-50000,9000,550000
761,leo_4,-50000,9000,550000
762,leo_4,-50000,9000,550000
763,leo_4,-50000,9000,550000
764,leo_4,-50000,9000,550000
765,leo_4,-50000,9000,550000
766,leo_4,-50000,9000,550000
767,leo_4,-50000,9000,550000
768,leo_4,-50000,9000,550000
769,leo_4,-50000,9000,550000
770,leo_4,-50000,9000,550000
771,leo_4,-50000,9000,550000
772,leo_4,-50000,9000,550000
773,leo_4,-50000,9000,550000
774,leo_4,-50000,9000,550000
775,leo_4,-50000,9000,550000
776,leo_4,-50000,9000,550000
777,leo_4,-50000,9000,550000
778,leo_4,-50000,9000,550000
779,leo_4,-50000,9000,550000
780,leo_4,-50000,9000,550000
781,leo_4,-50000,9000,550000
782,leo_4,-50000,9000,550000
783,leo_4,-50000,9000,550000
784,leo_4,-50000,9000,550000
785,leo_4,-50000,9000,550000
786,leo_4,-50000,9000,550000
787,leo_4,-50000,9000,550000
788,leo_4,-50000,9000,550000
789,leo_4,-50000,9000,550000
790,leo_4,-50000,9000,550000
791,leo_4,-50000,9000,550000
792,leo_4,-50000,9000,550000
793,leo_4,-50000,9000,550000
794,leo_4,-50000,9000,550000
795,leo_4,-50000,9000,550000
796,leo_4,-50000,9000,550000
797,leo_4,-50000,9000,550000
798,leo_4,-50000,9000,550000
799,leo_4,-50000,9000,550000
800,leo_4,-50000,9000,550000
801,leo_4,-50000,9000,550000
802,leo_4,-50000,9000,550000
803,leo_4,-50000,9000,550000
804,leo_4,-50000,9000,550000
805,leo_4,-50000,9000,550000
806,leo_4,-50000,9000,550000
807,leo_4,-50000,9000,550000
808,leo_4,-50000,9000,550000
809,leo_4,-50000,9000,550000
810,leo_4,-50000,9000,550000
811,leo_4,-50000,9000,550000
812,leo_4,-50000,9000,550000
813,leo_4,-50000,9000,550000
814,leo_4,-50000,9000,550000
815,leo_4,-50000,9000,550000
816,leo_4,-50000,9000,550000
817,leo_4,-50000,9000,550000
818,leo_4,-50000,9000,550000
819,leo_4,-50000,9000,550000
820,leo_4,-50000,9000,550000
821,leo_4,-50000,9000,550000
822,leo_4,-50000,9000,550000
823,leo_4,-50000,9000,550000
824,leo_4,-50000,9000,550000
825,leo_4,-50000,9000,550000
826,leo_4,-50000,9000,550000
827,leo_4,-50000,9000,550000
828,leo_4,-50000,9000,550000
829,leo_4,-50000,9000,550000
830,leo_4,-50000,9000,550000
831,leo_4,-50000,9000,550000
832,leo_4,-50000,9000,550000
833,leo_4,-50000,9000,550000
834,leo_4,-50000,9000,550000
835,leo_4,-50000,9000,550000
836,leo_4,-50000,9000,550000
837,leo_4,-50000,9000,550000
838,leo_4,-50000,9000,550000
839,leo_4,-50000,9000,550000
840,leo_4,-50000,9000,550000
841,leo_4,-50000,9000,550000
842,leo_4,-50000,9000,550000
843,leo_4,-50000,9000,550000
844,leo_4,-50000,9000,550000
845,leo_4,-50000,9000,550000
846,leo_4,-50000,9000,550000
847,leo_4,-50000,9000,550000
848,leo_4,-50000,9000,550000
849,leo_4,-50000,9000,550000
850,leo_4,-50000,9000,550000
851,leo_4,-50000,9000,550000
852,leo_4,-50000,9000,550000
853,leo_4,-50000,9000,550000
854,leo_4,-50000,9000,550000
855,leo_4,-50000,9000,550000
856,leo_4,-50000,9000,550000
857,leo_4,-50000,9000,550000
858,leo_4,-50000,9000,550000
859,leo_4,-50000,9000,550000
860,leo_4,-50000,9000,550000
861,leo_4,-50000,9000,550000
862,leo_4,-50000,9000,550000
863,leo_4,-50000,9000,550000
864,leo_4,-50000,9000,550000
865,leo_4,-50000,9000,550000
866,leo_4,-50000,9000,550000
867,leo_4,-50000,9000,550000
868,leo_4,-50000,9000,550000
869,leo_4,-50000,9000,550000
870,leo_4,-50000,9000,550000
871,leo_4,-50000,9000,550000
872,leo_4,-50000,9000,550000
873,leo_4,-50000,9000,550000
874,leo_4,-50000,9000,550000
875,leo_4,-50000,9000,550000
876,leo_4,-50000,9000,550000
877,leo_4,-50000,9000,550000
878,leo_4,-50000,9000,550000
879,leo_4,-50000,9000,550000
880,leo_4,-50000,9000,550000
881,leo_4,-50000,9000,550000
882,leo_4,-50000,9000,550000
883,leo_4,-50000,9000,550000
884,leo_4,-50000,9000,550000
885,leo_4,-50000,9000,550000
886,leo_4,-50000,9000,550000
887,leo_4,-50000,9000,550000
888,leo_4,-50000,9000,550000
889,leo_4,-50000,9000,550000
890,leo_4,-50000,9000,550000
891,leo_4,-50000,9000,550000
892,leo_4,-50000,9000,550000
893,leo_4,-50000,9000,550000
894,leo_4,-50000,9000,550000
895,leo_4,-50000,9000,550000
896,leo_4,-50000,9000,550000
897,leo_4,-50000,9000,550000
898,leo_4,-50000,9000,550000
899,leo_4,-50000,9000,550000
900,leo_4,-50000,9000,550000
901,leo_4,-50000,9000,550000
902,leo_4,-50000,9000,550000
903,leo_4,-50000,9000,550000
904,leo_4,-50000,9000,550000
905,leo_4,-50000,9000,550000
906,leo_4,-50000,9000,550000
907,leo_4,-50000,9000,550000
908,leo_4,-50000,9000,550000
909,leo_4,-50000,9000,550000
910,leo_4,-50000,9000,550000
911,leo_4,-50000,9000,550000
912,leo_4,-50000,9000,550000
913,leo_4,-50000,9000,550000
914,leo_4,-50000,9000,550000
915,leo_4,-50000,9000,550000
916,leo_4,-50000,9000,550000
917,leo_4,-50000,9000,550000
918,leo_4,-50000,9000,550000
919,leo_4,-50000,9000,550000
920,leo_4,-50000,9000,550000
921,leo_4,-50000,9000,550000
922,leo_4,-50000,9000,550000
923,leo_4,-50000,9000,550000
924,leo_4,-50000,9000,550000
925,leo_4,-50000,9000,550000
926,leo_4,-50000,9000,550000
927,leo_4,-50000,9000,550000
928,leo_4,-50000,9000,550000
929,leo_4,-50000,9000,550000
930,leo_4,-50000,9000,550000
931,leo_4,-50000,9000,550000
932,leo_4,-50000,9000,550000
933,leo_4,-50000,9000,550000
934,leo_4,-50000,9000,550000
935,leo_4,-50000,9000,550000
936,leo_4,-50000,9000,550000
937,leo_4,-50000,9000,550000
938,leo_4,-50000,9000,550000
939,leo_4,-50000,9000,550000
940,leo_4,-50000,9000,550000
941,leo_4,-50000,9000,550000
942,leo_4,-50000,9000,550000
943,leo_4,-50000,9000,550000
944,leo_4,-50000,9000,550000
945,leo_4,-50000,9000,550000
946,leo_4,-50000,9000,550000
947,leo_4,-50000,9000,550000
948,leo_4,-50000,9000,550000
949,leo_4,-50000,9000,550000
950,leo_4,-50000,9000,550000
951,leo_4,-50000,9000,550000
952,leo_4,-50000,9000,550000
953,leo_4,-50000,9000,550000
954,leo_4,-50000,9000,550000
955,leo_4,-50000,9000,550000
956,leo_4,-50000,9000,550000
957,leo_4,-50000,9000,550000
958,leo_4,-50000,9000,550000
959,leo_4,-50000,9000,550000
960,leo_4,-50000,9000,550000
961,leo_4,-50000,9000,550000
962,leo_4,-50000,9000,550000
963,leo_4,-50000,9000,550000
964,leo_4,-50000,9000,550000
965,leo_4,-50000,9000,550000
966,leo_4,-50000,9000,550000
967,leo_4,-50000,9000,550000
968,leo_4,-50000,9000,550000
969,leo_4,-50000,9000,550000
970,leo_4,-50000,9000,550000
971,leo_4,-50000,9000,550000
972,leo_4,-50000,9000,550000
973,leo_4,-50000,9000,550000
974,leo_4,-50000,9000,550000
975,leo_4,-50000,9000,550000
976,leo_4,-50000,9000,550000
977,leo_4,-50000,9000,550000
978,leo_4,-50000,9000,550000
979,leo_4,-50000,9000,550000
980,leo_4,-50000,9000,550000
981,leo_4,-50000,9000,550000
982,leo_4,-50000,9000,550000
983,leo_4,-50000,9000,550000
984,leo_4,-50000,9000,550000
985,leo_4,-50000,9000,550000
986,leo_4,-50000,9000,550000
987,leo_4,-50000,9000,550000
988,leo_4,-50000,9000,550000
989,leo_4,-50000,9000,550000
990,leo_4,-50000,9000,550000
991,leo_4,-50000,9000,550000
992,leo_4,-50000,9000,550000
993,leo_4,-50000,9000,550000
994,leo_4,-50000,9000,550000
995,leo_4,-50000,9000,550000
996,leo_4,-50000,9000,550000
997,leo_4,-50000,9000,550000
998,leo_4,-50000,9000,550000
999,leo_4,-50000,9000,550000
1000,leo_4,-50000,9000,550000
